date,store_id,product_id,product_name,units_sold,selling_price,discount_pct,promotion_flag,opening_stock,received,closing_stock,reorder_level,lead_days,category,sub_category,brand,mrp,cost_price,shelf_life_days,store_type,city,floor_area_sqft,avg_daily_customers,temp_c,rain_mm,holiday,festival,weekend,local_event,is_synthetic
2026-01-01,S01,P001,Fresh Organic Milk 1L,45.0,48.0,0.2,1,150.0,0.0,105.0,50.0,2,Dairy,Milk,NutriDairy,60.0,45.0,4,Express,Mumbai,3500,1200,19.9,0.1,1,0,0,0,1
2026-01-02,S01,P001,Fresh Organic Milk 1L,28.0,60.0,0.0,0,105.0,0.0,77.0,50.0,2,Dairy,Milk,NutriDairy,60.0,45.0,4,Express,Mumbai,3500,1200,23.1,0.0,0,0,0,0,1
2026-01-03,S01,P001,Fresh Organic Milk 1L,65.0,51.0,0.15,1,77.0,0.0,12.0,50.0,2,Dairy,Milk,NutriDairy,60.0,45.0,4,Express,Mumbai,3500,1200,25.3,0.0,0,0,1,0,1
2026-01-04,S01,P001,Fresh Organic Milk 1L,12.0,60.0,0.0,0,12.0,0.0,0.0,50.0,2,Dairy,Milk,NutriDairy,60.0,45.0,4,Express,Mumbai,3500,1200,21.7,0.2,0,0,1,0,1
2026-01-05,S01,P001,Fresh Organic Milk 1L,34.0,51.0,0.15,1,224.0,224.0,190.0,50.0,2,Dairy,Milk,NutriDairy,60.0,45.0,4,Express,Mumbai,3500,1200,22.8,0.4,0,0,0,0,1
2026-01-06,S01,P001,Fresh Organic Milk 1L,32.0,60.0,0.0,0,190.0,0.0,158.0,50.0,2,Dairy,Milk,NutriDairy,60.0,45.0,4,Express,Mumbai,3500,1200,22.2,1.4,0,0,0,0,1
2026-01-07,S01,P001,Fresh Organic Milk 1L,28.0,60.0,0.0,0,158.0,0.0,130.0,50.0,2,Dairy,Milk,NutriDairy,60.0,45.0,4,Express,Mumbai,3500,1200,24.5,0.5,0,0,0,0,1
2026-01-08,S01,P001,Fresh Organic Milk 1L,30.0,60.0,0.0,0,130.0,0.0,100.0,50.0,2,Dairy,Milk,NutriDairy,60.0,45.0,4,Express,Mumbai,3500,1200,20.7,0.7,0,0,0,0,1
2026-01-09,S01,P001,Fresh Organic Milk 1L,32.0,60.0,0.0,0,100.0,0.0,68.0,50.0,2,Dairy,Milk,NutriDairy,60.0,45.0,4,Express,Mumbai,3500,1200,22.3,0.9,0,0,0,0,1
2026-01-10,S01,P001,Fresh Organic Milk 1L,45.0,60.0,0.0,0,68.0,0.0,23.0,50.0,2,Dairy,Milk,NutriDairy,60.0,45.0,4,Express,Mumbai,3500,1200,23.7,0.2,0,0,1,0,1
2026-01-11,S01,P001,Fresh Organic Milk 1L,23.0,60.0,0.0,0,23.0,0.0,0.0,50.0,2,Dairy,Milk,NutriDairy,60.0,45.0,4,Express,Mumbai,3500,1200,24.0,0.4,0,0,1,0,1
2026-01-12,S01,P001,Fresh Organic Milk 1L,28.0,60.0,0.0,1,224.0,224.0,196.0,50.0,2,Dairy,Milk,NutriDairy,60.0,45.0,4,Express,Mumbai,3500,1200,21.7,0.1,0,0,0,0,1
2026-01-13,S01,P001,Fresh Organic Milk 1L,35.0,60.0,0.0,0,196.0,0.0,161.0,50.0,2,Dairy,Milk,NutriDairy,60.0,45.0,4,Express,Mumbai,3500,1200,24.9,0.7,0,0,0,0,1
2026-01-14,S01,P001,Fresh Organic Milk 1L,31.0,60.0,0.0,0,161.0,0.0,130.0,50.0,2,Dairy,Milk,NutriDairy,60.0,45.0,4,Express,Mumbai,3500,1200,22.2,1.0,0,0,0,0,1
2026-01-15,S01,P001,Fresh Organic Milk 1L,30.0,60.0,0.0,0,130.0,0.0,100.0,50.0,2,Dairy,Milk,NutriDairy,60.0,45.0,4,Express,Mumbai,3500,1200,23.7,0.2,0,0,0,0,1
2026-01-16,S01,P001,Fresh Organic Milk 1L,36.0,60.0,0.0,0,100.0,0.0,64.0,50.0,2,Dairy,Milk,NutriDairy,60.0,45.0,4,Express,Mumbai,3500,1200,24.0,0.1,0,0,0,0,1
2026-01-17,S01,P001,Fresh Organic Milk 1L,45.0,60.0,0.0,0,64.0,0.0,19.0,50.0,2,Dairy,Milk,NutriDairy,60.0,45.0,4,Express,Mumbai,3500,1200,27.3,0.3,0,0,1,0,1
2026-01-18,S01,P001,Fresh Organic Milk 1L,19.0,60.0,0.0,0,19.0,0.0,0.0,50.0,2,Dairy,Milk,NutriDairy,60.0,45.0,4,Express,Mumbai,3500,1200,24.6,0.2,0,0,1,0,1
2026-01-19,S01,P001,Fresh Organic Milk 1L,26.0,60.0,0.0,0,224.0,224.0,198.0,50.0,2,Dairy,Milk,NutriDairy,60.0,45.0,4,Express,Mumbai,3500,1200,23.5,0.7,0,0,0,0,1
2026-01-20,S01,P001,Fresh Organic Milk 1L,30.0,60.0,0.0,0,198.0,0.0,168.0,50.0,2,Dairy,Milk,NutriDairy,60.0,45.0,4,Express,Mumbai,3500,1200,23.1,1.3,0,0,0,0,1
2026-01-21,S01,P001,Fresh Organic Milk 1L,33.0,60.0,0.0,0,168.0,0.0,135.0,50.0,2,Dairy,Milk,NutriDairy,60.0,45.0,4,Express,Mumbai,3500,1200,25.3,0.1,0,0,0,0,1
2026-01-22,S01,P001,Fresh Organic Milk 1L,31.0,60.0,0.0,0,135.0,0.0,104.0,50.0,2,Dairy,Milk,NutriDairy,60.0,45.0,4,Express,Mumbai,3500,1200,23.6,0.1,0,0,0,0,1
2026-01-23,S01,P001,Fresh Organic Milk 1L,45.0,48.0,0.2,1,104.0,0.0,59.0,50.0,2,Dairy,Milk,NutriDairy,60.0,45.0,4,Express,Mumbai,3500,1200,19.8,0.1,0,0,0,0,1
2026-01-24,S01,P001,Fresh Organic Milk 1L,40.0,60.0,0.0,0,59.0,0.0,19.0,50.0,2,Dairy,Milk,NutriDairy,60.0,45.0,4,Express,Mumbai,3500,1200,24.2,0.4,0,0,1,0,1
2026-01-25,S01,P001,Fresh Organic Milk 1L,19.0,60.0,0.0,0,19.0,0.0,0.0,50.0,2,Dairy,Milk,NutriDairy,60.0,45.0,4,Express,Mumbai,3500,1200,23.6,0.6,0,0,1,0,1
2026-01-26,S01,P001,Fresh Organic Milk 1L,53.0,60.0,0.0,0,224.0,224.0,171.0,50.0,2,Dairy,Milk,NutriDairy,60.0,45.0,4,Express,Mumbai,3500,1200,25.3,0.0,1,1,0,0,1
2026-01-27,S01,P001,Fresh Organic Milk 1L,40.0,60.0,0.0,0,171.0,0.0,131.0,50.0,2,Dairy,Milk,NutriDairy,60.0,45.0,4,Express,Mumbai,3500,1200,26.3,0.3,0,0,0,0,1
2026-01-28,S01,P001,Fresh Organic Milk 1L,29.0,60.0,0.0,0,131.0,0.0,102.0,50.0,2,Dairy,Milk,NutriDairy,60.0,45.0,4,Express,Mumbai,3500,1200,25.3,0.1,0,0,0,0,1
2026-01-29,S01,P001,Fresh Organic Milk 1L,33.0,60.0,0.0,0,102.0,0.0,69.0,50.0,2,Dairy,Milk,NutriDairy,60.0,45.0,4,Express,Mumbai,3500,1200,25.7,0.8,0,0,0,0,1
2026-01-30,S01,P001,Fresh Organic Milk 1L,32.0,60.0,0.0,0,69.0,0.0,37.0,50.0,2,Dairy,Milk,NutriDairy,60.0,45.0,4,Express,Mumbai,3500,1200,29.8,1.0,0,0,0,0,1
2026-01-31,S01,P001,Fresh Organic Milk 1L,37.0,60.0,0.0,1,37.0,0.0,0.0,50.0,2,Dairy,Milk,NutriDairy,60.0,45.0,4,Express,Mumbai,3500,1200,27.8,0.2,0,0,1,0,1
2026-02-01,S01,P001,Fresh Organic Milk 1L,42.0,60.0,0.0,0,224.0,224.0,182.0,50.0,2,Dairy,Milk,NutriDairy,60.0,45.0,4,Express,Mumbai,3500,1200,27.4,0.1,0,0,1,0,1
2026-02-02,S01,P001,Fresh Organic Milk 1L,27.0,60.0,0.0,0,182.0,0.0,155.0,50.0,2,Dairy,Milk,NutriDairy,60.0,45.0,4,Express,Mumbai,3500,1200,27.9,0.8,0,0,0,0,1
2026-02-03,S01,P001,Fresh Organic Milk 1L,31.0,60.0,0.0,0,155.0,0.0,124.0,50.0,2,Dairy,Milk,NutriDairy,60.0,45.0,4,Express,Mumbai,3500,1200,25.8,1.1,0,0,0,0,1
2026-02-04,S01,P001,Fresh Organic Milk 1L,27.0,60.0,0.0,0,124.0,0.0,97.0,50.0,2,Dairy,Milk,NutriDairy,60.0,45.0,4,Express,Mumbai,3500,1200,24.1,0.6,0,0,0,0,1
2026-02-05,S01,P001,Fresh Organic Milk 1L,37.0,60.0,0.0,0,97.0,0.0,60.0,50.0,2,Dairy,Milk,NutriDairy,60.0,45.0,4,Express,Mumbai,3500,1200,27.9,0.0,0,0,0,0,1
2026-02-06,S01,P001,Fresh Organic Milk 1L,29.0,60.0,0.0,0,60.0,0.0,31.0,50.0,2,Dairy,Milk,NutriDairy,60.0,45.0,4,Express,Mumbai,3500,1200,27.3,0.0,0,0,0,0,1
2026-02-07,S01,P001,Fresh Organic Milk 1L,31.0,60.0,0.0,0,31.0,0.0,0.0,50.0,2,Dairy,Milk,NutriDairy,60.0,45.0,4,Express,Mumbai,3500,1200,29.0,0.1,0,0,1,0,1
2026-02-08,S01,P001,Fresh Organic Milk 1L,39.0,60.0,0.0,0,224.0,224.0,185.0,50.0,2,Dairy,Milk,NutriDairy,60.0,45.0,4,Express,Mumbai,3500,1200,29.3,0.5,0,0,1,0,1
2026-02-09,S01,P001,Fresh Organic Milk 1L,33.0,60.0,0.0,0,185.0,0.0,152.0,50.0,2,Dairy,Milk,NutriDairy,60.0,45.0,4,Express,Mumbai,3500,1200,25.3,0.2,0,0,0,0,1
2026-02-10,S01,P001,Fresh Organic Milk 1L,33.0,60.0,0.0,0,152.0,0.0,119.0,50.0,2,Dairy,Milk,NutriDairy,60.0,45.0,4,Express,Mumbai,3500,1200,27.0,1.1,0,0,0,0,1
2026-02-11,S01,P001,Fresh Organic Milk 1L,32.0,60.0,0.0,0,119.0,0.0,87.0,50.0,2,Dairy,Milk,NutriDairy,60.0,45.0,4,Express,Mumbai,3500,1200,32.8,0.3,0,0,0,0,1
2026-02-12,S01,P001,Fresh Organic Milk 1L,34.0,60.0,0.0,0,87.0,0.0,53.0,50.0,2,Dairy,Milk,NutriDairy,60.0,45.0,4,Express,Mumbai,3500,1200,25.3,1.4,0,0,0,0,1
2026-02-13,S01,P001,Fresh Organic Milk 1L,35.0,60.0,0.0,0,53.0,0.0,18.0,50.0,2,Dairy,Milk,NutriDairy,60.0,45.0,4,Express,Mumbai,3500,1200,27.2,1.7,0,0,0,0,1
2026-02-14,S01,P001,Fresh Organic Milk 1L,18.0,60.0,0.0,0,18.0,0.0,0.0,50.0,2,Dairy,Milk,NutriDairy,60.0,45.0,4,Express,Mumbai,3500,1200,25.9,1.0,0,0,1,0,1
2026-02-15,S01,P001,Fresh Organic Milk 1L,44.0,60.0,0.0,0,224.0,224.0,180.0,50.0,2,Dairy,Milk,NutriDairy,60.0,45.0,4,Express,Mumbai,3500,1200,29.1,0.6,0,0,1,0,1
2026-02-16,S01,P001,Fresh Organic Milk 1L,28.0,60.0,0.0,0,180.0,0.0,152.0,50.0,2,Dairy,Milk,NutriDairy,60.0,45.0,4,Express,Mumbai,3500,1200,27.9,1.0,0,0,0,0,1
2026-02-17,S01,P001,Fresh Organic Milk 1L,37.0,60.0,0.0,0,152.0,0.0,115.0,50.0,2,Dairy,Milk,NutriDairy,60.0,45.0,4,Express,Mumbai,3500,1200,26.0,0.2,0,0,0,0,1
2026-02-18,S01,P001,Fresh Organic Milk 1L,47.0,60.0,0.0,0,115.0,0.0,68.0,50.0,2,Dairy,Milk,NutriDairy,60.0,45.0,4,Express,Mumbai,3500,1200,29.0,0.8,0,0,0,0,1
2026-02-19,S01,P001,Fresh Organic Milk 1L,33.0,60.0,0.0,0,68.0,0.0,35.0,50.0,2,Dairy,Milk,NutriDairy,60.0,45.0,4,Express,Mumbai,3500,1200,28.5,0.2,0,0,0,0,1
2026-02-20,S01,P001,Fresh Organic Milk 1L,32.0,60.0,0.0,0,35.0,0.0,3.0,50.0,2,Dairy,Milk,NutriDairy,60.0,45.0,4,Express,Mumbai,3500,1200,27.2,0.3,0,0,0,0,1
2026-02-21,S01,P001,Fresh Organic Milk 1L,44.0,60.0,0.0,0,227.0,224.0,183.0,50.0,2,Dairy,Milk,NutriDairy,60.0,45.0,4,Express,Mumbai,3500,1200,27.4,0.0,0,0,1,0,1
2026-02-22,S01,P001,Fresh Organic Milk 1L,38.0,60.0,0.0,0,183.0,0.0,145.0,50.0,2,Dairy,Milk,NutriDairy,60.0,45.0,4,Express,Mumbai,3500,1200,28.5,0.7,0,0,1,0,1
2026-02-23,S01,P001,Fresh Organic Milk 1L,39.0,60.0,0.0,0,145.0,0.0,106.0,50.0,2,Dairy,Milk,NutriDairy,60.0,45.0,4,Express,Mumbai,3500,1200,33.2,0.5,0,0,0,0,1
2026-02-24,S01,P001,Fresh Organic Milk 1L,33.0,60.0,0.0,0,106.0,0.0,73.0,50.0,2,Dairy,Milk,NutriDairy,60.0,45.0,4,Express,Mumbai,3500,1200,24.4,0.8,0,0,0,0,1
2026-02-25,S01,P001,Fresh Organic Milk 1L,38.0,60.0,0.0,0,73.0,0.0,35.0,50.0,2,Dairy,Milk,NutriDairy,60.0,45.0,4,Express,Mumbai,3500,1200,27.0,0.1,0,0,0,0,1
2026-02-26,S01,P001,Fresh Organic Milk 1L,34.0,60.0,0.0,0,35.0,0.0,1.0,50.0,2,Dairy,Milk,NutriDairy,60.0,45.0,4,Express,Mumbai,3500,1200,32.2,0.5,0,0,0,0,1
2026-02-27,S01,P001,Fresh Organic Milk 1L,38.0,60.0,0.0,0,225.0,224.0,187.0,50.0,2,Dairy,Milk,NutriDairy,60.0,45.0,4,Express,Mumbai,3500,1200,29.5,0.5,0,0,0,0,1
2026-02-28,S01,P001,Fresh Organic Milk 1L,40.0,60.0,0.0,1,187.0,0.0,147.0,50.0,2,Dairy,Milk,NutriDairy,60.0,45.0,4,Express,Mumbai,3500,1200,31.3,0.0,0,0,1,0,1
2026-03-01,S01,P001,Fresh Organic Milk 1L,46.0,60.0,0.0,0,147.0,0.0,101.0,50.0,2,Dairy,Milk,NutriDairy,60.0,45.0,4,Express,Mumbai,3500,1200,30.3,0.2,0,0,1,0,1
2026-03-02,S01,P001,Fresh Organic Milk 1L,34.0,60.0,0.0,0,101.0,0.0,67.0,50.0,2,Dairy,Milk,NutriDairy,60.0,45.0,4,Express,Mumbai,3500,1200,28.3,0.0,0,0,0,0,1
2026-03-03,S01,P001,Fresh Organic Milk 1L,34.0,60.0,0.0,0,67.0,0.0,33.0,50.0,2,Dairy,Milk,NutriDairy,60.0,45.0,4,Express,Mumbai,3500,1200,32.9,0.5,0,0,0,0,1
2026-03-04,S01,P001,Fresh Organic Milk 1L,33.0,60.0,0.0,0,33.0,0.0,0.0,50.0,2,Dairy,Milk,NutriDairy,60.0,45.0,4,Express,Mumbai,3500,1200,29.8,0.8,0,0,0,0,1
2026-03-05,S01,P001,Fresh Organic Milk 1L,31.0,60.0,0.0,0,224.0,224.0,193.0,50.0,2,Dairy,Milk,NutriDairy,60.0,45.0,4,Express,Mumbai,3500,1200,29.6,0.9,0,0,0,0,1
2026-03-06,S01,P001,Fresh Organic Milk 1L,34.0,60.0,0.0,0,193.0,0.0,159.0,50.0,2,Dairy,Milk,NutriDairy,60.0,45.0,4,Express,Mumbai,3500,1200,26.9,0.2,0,0,0,0,1
2026-03-07,S01,P001,Fresh Organic Milk 1L,41.0,60.0,0.0,0,159.0,0.0,118.0,50.0,2,Dairy,Milk,NutriDairy,60.0,45.0,4,Express,Mumbai,3500,1200,29.5,0.2,0,0,1,0,1
2026-03-08,S01,P001,Fresh Organic Milk 1L,80.0,60.0,0.0,0,118.0,0.0,38.0,50.0,2,Dairy,Milk,NutriDairy,60.0,45.0,4,Express,Mumbai,3500,1200,27.1,0.2,0,1,1,0,1
2026-03-09,S01,P001,Fresh Organic Milk 1L,31.0,60.0,0.0,0,38.0,0.0,7.0,50.0,2,Dairy,Milk,NutriDairy,60.0,45.0,4,Express,Mumbai,3500,1200,30.4,0.0,0,0,0,0,1
2026-03-10,S01,P001,Fresh Organic Milk 1L,37.0,60.0,0.0,0,231.0,224.0,194.0,50.0,2,Dairy,Milk,NutriDairy,60.0,45.0,4,Express,Mumbai,3500,1200,25.0,0.4,0,0,0,0,1
2026-03-11,S01,P001,Fresh Organic Milk 1L,30.0,60.0,0.0,0,194.0,0.0,164.0,50.0,2,Dairy,Milk,NutriDairy,60.0,45.0,4,Express,Mumbai,3500,1200,28.7,0.4,0,0,0,0,1
2026-03-12,S01,P001,Fresh Organic Milk 1L,28.0,60.0,0.0,0,164.0,0.0,136.0,50.0,2,Dairy,Milk,NutriDairy,60.0,45.0,4,Express,Mumbai,3500,1200,31.0,0.7,0,0,0,0,1
2026-03-13,S01,P001,Fresh Organic Milk 1L,44.0,60.0,0.0,0,136.0,0.0,92.0,50.0,2,Dairy,Milk,NutriDairy,60.0,45.0,4,Express,Mumbai,3500,1200,28.9,0.2,0,0,0,0,1
2026-03-14,S01,P001,Fresh Organic Milk 1L,48.0,60.0,0.0,0,92.0,0.0,44.0,50.0,2,Dairy,Milk,NutriDairy,60.0,45.0,4,Express,Mumbai,3500,1200,28.8,1.6,0,0,1,0,1
2026-03-15,S01,P001,Fresh Organic Milk 1L,43.0,60.0,0.0,0,44.0,0.0,1.0,50.0,2,Dairy,Milk,NutriDairy,60.0,45.0,4,Express,Mumbai,3500,1200,27.9,0.0,0,0,1,0,1
2026-03-16,S01,P001,Fresh Organic Milk 1L,33.0,60.0,0.0,0,225.0,224.0,192.0,50.0,2,Dairy,Milk,NutriDairy,60.0,45.0,4,Express,Mumbai,3500,1200,29.0,1.3,0,0,0,0,1
2026-03-17,S01,P001,Fresh Organic Milk 1L,34.0,60.0,0.0,0,192.0,0.0,158.0,50.0,2,Dairy,Milk,NutriDairy,60.0,45.0,4,Express,Mumbai,3500,1200,33.4,1.7,0,0,0,0,1
2026-03-18,S01,P001,Fresh Organic Milk 1L,32.0,60.0,0.0,0,158.0,0.0,126.0,50.0,2,Dairy,Milk,NutriDairy,60.0,45.0,4,Express,Mumbai,3500,1200,29.9,0.3,0,0,0,0,1
2026-03-19,S01,P001,Fresh Organic Milk 1L,32.0,60.0,0.0,0,126.0,0.0,94.0,50.0,2,Dairy,Milk,NutriDairy,60.0,45.0,4,Express,Mumbai,3500,1200,26.6,0.4,0,0,0,0,1
2026-03-20,S01,P001,Fresh Organic Milk 1L,31.0,60.0,0.0,0,94.0,0.0,63.0,50.0,2,Dairy,Milk,NutriDairy,60.0,45.0,4,Express,Mumbai,3500,1200,30.4,0.4,0,0,0,0,1
2026-03-21,S01,P001,Fresh Organic Milk 1L,41.0,60.0,0.0,0,63.0,0.0,22.0,50.0,2,Dairy,Milk,NutriDairy,60.0,45.0,4,Express,Mumbai,3500,1200,25.2,0.6,0,0,1,0,1
2026-03-22,S01,P001,Fresh Organic Milk 1L,22.0,60.0,0.0,0,22.0,0.0,0.0,50.0,2,Dairy,Milk,NutriDairy,60.0,45.0,4,Express,Mumbai,3500,1200,26.7,0.3,0,0,1,0,1
2026-03-23,S01,P001,Fresh Organic Milk 1L,34.0,60.0,0.0,0,224.0,224.0,190.0,50.0,2,Dairy,Milk,NutriDairy,60.0,45.0,4,Express,Mumbai,3500,1200,31.2,0.7,0,0,0,0,1
2026-03-24,S01,P001,Fresh Organic Milk 1L,23.0,60.0,0.0,0,190.0,0.0,167.0,50.0,2,Dairy,Milk,NutriDairy,60.0,45.0,4,Express,Mumbai,3500,1200,28.8,0.0,0,0,0,0,1
2026-03-25,S01,P001,Fresh Organic Milk 1L,55.0,60.0,0.0,0,167.0,0.0,112.0,50.0,2,Dairy,Milk,NutriDairy,60.0,45.0,4,Express,Mumbai,3500,1200,26.1,0.0,0,1,0,0,1
2026-03-26,S01,P001,Fresh Organic Milk 1L,28.0,60.0,0.0,0,112.0,0.0,84.0,50.0,2,Dairy,Milk,NutriDairy,60.0,45.0,4,Express,Mumbai,3500,1200,31.6,0.0,0,0,0,0,1
2026-03-27,S01,P001,Fresh Organic Milk 1L,38.0,60.0,0.0,0,84.0,0.0,46.0,50.0,2,Dairy,Milk,NutriDairy,60.0,45.0,4,Express,Mumbai,3500,1200,28.2,0.7,0,0,0,0,1
2026-03-28,S01,P001,Fresh Organic Milk 1L,40.0,60.0,0.0,0,46.0,0.0,6.0,50.0,2,Dairy,Milk,NutriDairy,60.0,45.0,4,Express,Mumbai,3500,1200,29.7,0.1,0,0,1,0,1
2026-03-29,S01,P001,Fresh Organic Milk 1L,51.0,60.0,0.0,0,230.0,224.0,179.0,50.0,2,Dairy,Milk,NutriDairy,60.0,45.0,4,Express,Mumbai,3500,1200,27.6,0.1,0,0,1,0,1
2026-03-30,S01,P001,Fresh Organic Milk 1L,26.0,60.0,0.0,0,179.0,0.0,153.0,50.0,2,Dairy,Milk,NutriDairy,60.0,45.0,4,Express,Mumbai,3500,1200,29.3,0.0,0,0,0,0,1
2026-03-31,S01,P001,Fresh Organic Milk 1L,41.0,54.0,0.1,1,153.0,0.0,112.0,50.0,2,Dairy,Milk,NutriDairy,60.0,45.0,4,Express,Mumbai,3500,1200,27.0,0.1,0,0,0,0,1
2026-04-01,S01,P001,Fresh Organic Milk 1L,38.0,60.0,0.0,0,112.0,0.0,74.0,50.0,2,Dairy,Milk,NutriDairy,60.0,45.0,4,Express,Mumbai,3500,1200,31.5,0.3,0,0,0,0,1
2026-04-02,S01,P001,Fresh Organic Milk 1L,30.0,60.0,0.0,0,74.0,0.0,44.0,50.0,2,Dairy,Milk,NutriDairy,60.0,45.0,4,Express,Mumbai,3500,1200,32.4,2.2,0,0,0,0,1
2026-04-03,S01,P001,Fresh Organic Milk 1L,32.0,60.0,0.0,0,44.0,0.0,12.0,50.0,2,Dairy,Milk,NutriDairy,60.0,45.0,4,Express,Mumbai,3500,1200,30.7,0.9,0,0,0,0,1
2026-04-04,S01,P001,Fresh Organic Milk 1L,40.0,60.0,0.0,0,236.0,224.0,196.0,50.0,2,Dairy,Milk,NutriDairy,60.0,45.0,4,Express,Mumbai,3500,1200,26.8,0.0,0,0,1,0,1
2026-04-05,S01,P001,Fresh Organic Milk 1L,45.0,60.0,0.0,0,196.0,0.0,151.0,50.0,2,Dairy,Milk,NutriDairy,60.0,45.0,4,Express,Mumbai,3500,1200,33.0,1.4,0,0,1,0,1
2026-04-06,S01,P001,Fresh Organic Milk 1L,31.0,60.0,0.0,0,151.0,0.0,120.0,50.0,2,Dairy,Milk,NutriDairy,60.0,45.0,4,Express,Mumbai,3500,1200,27.8,1.5,0,0,0,0,1
2026-04-07,S01,P001,Fresh Organic Milk 1L,45.0,54.0,0.1,1,120.0,0.0,75.0,50.0,2,Dairy,Milk,NutriDairy,60.0,45.0,4,Express,Mumbai,3500,1200,32.1,0.2,0,0,0,0,1
2026-04-08,S01,P001,Fresh Organic Milk 1L,32.0,60.0,0.0,0,75.0,0.0,43.0,50.0,2,Dairy,Milk,NutriDairy,60.0,45.0,4,Express,Mumbai,3500,1200,32.5,0.2,0,0,0,0,1
2026-04-09,S01,P001,Fresh Organic Milk 1L,42.0,60.0,0.0,0,43.0,0.0,1.0,50.0,2,Dairy,Milk,NutriDairy,60.0,45.0,4,Express,Mumbai,3500,1200,28.8,0.3,0,0,0,0,1
2026-04-10,S01,P001,Fresh Organic Milk 1L,32.0,60.0,0.0,0,225.0,224.0,193.0,50.0,2,Dairy,Milk,NutriDairy,60.0,45.0,4,Express,Mumbai,3500,1200,30.3,0.5,0,0,0,0,1
2026-04-11,S01,P001,Fresh Organic Milk 1L,41.0,60.0,0.0,0,193.0,0.0,152.0,50.0,2,Dairy,Milk,NutriDairy,60.0,45.0,4,Express,Mumbai,3500,1200,30.4,0.4,0,0,1,0,1
2026-04-12,S01,P001,Fresh Organic Milk 1L,33.0,60.0,0.0,0,152.0,0.0,119.0,50.0,2,Dairy,Milk,NutriDairy,60.0,45.0,4,Express,Mumbai,3500,1200,30.3,0.6,0,0,1,0,1
2026-04-13,S01,P001,Fresh Organic Milk 1L,40.0,54.0,0.1,1,119.0,0.0,79.0,50.0,2,Dairy,Milk,NutriDairy,60.0,45.0,4,Express,Mumbai,3500,1200,30.8,0.0,0,0,0,0,1
2026-04-14,S01,P001,Fresh Organic Milk 1L,26.0,60.0,0.0,1,79.0,0.0,53.0,50.0,2,Dairy,Milk,NutriDairy,60.0,45.0,4,Express,Mumbai,3500,1200,32.1,0.1,1,0,0,0,1
2026-04-15,S01,P001,Fresh Organic Milk 1L,38.0,60.0,0.0,0,53.0,0.0,15.0,50.0,2,Dairy,Milk,NutriDairy,60.0,45.0,4,Express,Mumbai,3500,1200,26.2,0.6,0,0,0,0,1
2026-04-16,S01,P001,Fresh Organic Milk 1L,15.0,60.0,0.0,0,15.0,0.0,0.0,50.0,2,Dairy,Milk,NutriDairy,60.0,45.0,4,Express,Mumbai,3500,1200,31.7,0.4,0,0,0,0,1
2026-04-17,S01,P001,Fresh Organic Milk 1L,30.0,60.0,0.0,0,224.0,224.0,194.0,50.0,2,Dairy,Milk,NutriDairy,60.0,45.0,4,Express,Mumbai,3500,1200,30.9,0.2,0,0,0,0,1
2026-04-18,S01,P001,Fresh Organic Milk 1L,56.0,60.0,0.0,0,194.0,0.0,138.0,50.0,2,Dairy,Milk,NutriDairy,60.0,45.0,4,Express,Mumbai,3500,1200,33.0,0.2,0,0,1,1,1
2026-04-19,S01,P001,Fresh Organic Milk 1L,37.0,60.0,0.0,0,138.0,0.0,101.0,50.0,2,Dairy,Milk,NutriDairy,60.0,45.0,4,Express,Mumbai,3500,1200,27.2,0.0,0,0,1,0,1
2026-04-20,S01,P001,Fresh Organic Milk 1L,44.0,48.0,0.2,1,101.0,0.0,57.0,50.0,2,Dairy,Milk,NutriDairy,60.0,45.0,4,Express,Mumbai,3500,1200,27.1,0.2,0,0,0,0,1
2026-04-21,S01,P001,Fresh Organic Milk 1L,34.0,60.0,0.0,0,57.0,0.0,23.0,50.0,2,Dairy,Milk,NutriDairy,60.0,45.0,4,Express,Mumbai,3500,1200,28.1,0.1,0,0,0,0,1
2026-04-22,S01,P001,Fresh Organic Milk 1L,23.0,60.0,0.0,0,23.0,0.0,0.0,50.0,2,Dairy,Milk,NutriDairy,60.0,45.0,4,Express,Mumbai,3500,1200,26.5,0.3,0,0,0,0,1
2026-04-23,S01,P001,Fresh Organic Milk 1L,28.0,60.0,0.0,0,224.0,224.0,196.0,50.0,2,Dairy,Milk,NutriDairy,60.0,45.0,4,Express,Mumbai,3500,1200,31.1,1.1,0,0,0,1,1
2026-04-24,S01,P001,Fresh Organic Milk 1L,28.0,60.0,0.0,0,196.0,0.0,168.0,50.0,2,Dairy,Milk,NutriDairy,60.0,45.0,4,Express,Mumbai,3500,1200,29.1,0.4,0,0,0,0,1
2026-04-25,S01,P001,Fresh Organic Milk 1L,43.0,60.0,0.0,0,168.0,0.0,125.0,50.0,2,Dairy,Milk,NutriDairy,60.0,45.0,4,Express,Mumbai,3500,1200,29.0,0.2,0,0,1,0,1
2026-04-26,S01,P001,Fresh Organic Milk 1L,48.0,60.0,0.0,0,125.0,0.0,77.0,50.0,2,Dairy,Milk,NutriDairy,60.0,45.0,4,Express,Mumbai,3500,1200,32.7,0.8,0,0,1,0,1
2026-04-27,S01,P001,Fresh Organic Milk 1L,36.0,60.0,0.0,0,77.0,0.0,41.0,50.0,2,Dairy,Milk,NutriDairy,60.0,45.0,4,Express,Mumbai,3500,1200,34.0,0.7,0,0,0,0,1
2026-04-28,S01,P001,Fresh Organic Milk 1L,27.0,60.0,0.0,0,41.0,0.0,14.0,50.0,2,Dairy,Milk,NutriDairy,60.0,45.0,4,Express,Mumbai,3500,1200,27.4,0.5,0,0,0,0,1
2026-04-29,S01,P001,Fresh Organic Milk 1L,38.0,54.0,0.1,1,238.0,224.0,200.0,50.0,2,Dairy,Milk,NutriDairy,60.0,45.0,4,Express,Mumbai,3500,1200,29.2,0.1,0,0,0,0,1
2026-04-30,S01,P001,Fresh Organic Milk 1L,32.0,60.0,0.0,0,200.0,0.0,168.0,50.0,2,Dairy,Milk,NutriDairy,60.0,45.0,4,Express,Mumbai,3500,1200,31.4,0.0,0,0,0,0,1
2026-05-01,S01,P001,Fresh Organic Milk 1L,52.0,60.0,0.0,0,168.0,0.0,116.0,50.0,2,Dairy,Milk,NutriDairy,60.0,45.0,4,Express,Mumbai,3500,1200,30.6,0.0,1,1,0,0,1
2026-05-02,S01,P001,Fresh Organic Milk 1L,46.0,60.0,0.0,0,116.0,0.0,70.0,50.0,2,Dairy,Milk,NutriDairy,60.0,45.0,4,Express,Mumbai,3500,1200,30.5,0.6,0,0,1,0,1
2026-05-03,S01,P001,Fresh Organic Milk 1L,46.0,60.0,0.0,0,70.0,0.0,24.0,50.0,2,Dairy,Milk,NutriDairy,60.0,45.0,4,Express,Mumbai,3500,1200,28.0,1.7,0,0,1,0,1
2026-05-04,S01,P001,Fresh Organic Milk 1L,24.0,60.0,0.0,0,24.0,0.0,0.0,50.0,2,Dairy,Milk,NutriDairy,60.0,45.0,4,Express,Mumbai,3500,1200,29.2,0.6,0,0,0,0,1
2026-05-05,S01,P001,Fresh Organic Milk 1L,32.0,60.0,0.0,0,224.0,224.0,192.0,50.0,2,Dairy,Milk,NutriDairy,60.0,45.0,4,Express,Mumbai,3500,1200,30.2,0.2,0,0,0,0,1
2026-05-06,S01,P001,Fresh Organic Milk 1L,25.0,60.0,0.0,0,192.0,0.0,167.0,50.0,2,Dairy,Milk,NutriDairy,60.0,45.0,4,Express,Mumbai,3500,1200,32.7,0.4,0,0,0,0,1
2026-05-07,S01,P001,Fresh Organic Milk 1L,30.0,60.0,0.0,1,167.0,0.0,137.0,50.0,2,Dairy,Milk,NutriDairy,60.0,45.0,4,Express,Mumbai,3500,1200,33.3,0.8,0,0,0,0,1
2026-05-08,S01,P001,Fresh Organic Milk 1L,44.0,48.0,0.2,1,137.0,0.0,93.0,50.0,2,Dairy,Milk,NutriDairy,60.0,45.0,4,Express,Mumbai,3500,1200,28.8,0.1,0,0,0,0,1
2026-05-09,S01,P001,Fresh Organic Milk 1L,47.0,60.0,0.0,0,93.0,0.0,46.0,50.0,2,Dairy,Milk,NutriDairy,60.0,45.0,4,Express,Mumbai,3500,1200,29.4,0.8,0,0,1,0,1
2026-05-10,S01,P001,Fresh Organic Milk 1L,37.0,60.0,0.0,0,46.0,0.0,9.0,50.0,2,Dairy,Milk,NutriDairy,60.0,45.0,4,Express,Mumbai,3500,1200,29.6,1.2,0,0,1,0,1
2026-05-11,S01,P001,Fresh Organic Milk 1L,39.0,60.0,0.0,0,233.0,224.0,194.0,50.0,2,Dairy,Milk,NutriDairy,60.0,45.0,4,Express,Mumbai,3500,1200,27.2,0.6,0,0,0,0,1
2026-05-12,S01,P001,Fresh Organic Milk 1L,38.0,60.0,0.0,0,194.0,0.0,156.0,50.0,2,Dairy,Milk,NutriDairy,60.0,45.0,4,Express,Mumbai,3500,1200,23.5,0.4,0,0,0,0,1
2026-05-13,S01,P001,Fresh Organic Milk 1L,32.0,60.0,0.0,0,156.0,0.0,124.0,50.0,2,Dairy,Milk,NutriDairy,60.0,45.0,4,Express,Mumbai,3500,1200,26.5,0.1,0,0,0,0,1
2026-05-14,S01,P001,Fresh Organic Milk 1L,29.0,60.0,0.0,0,124.0,0.0,95.0,50.0,2,Dairy,Milk,NutriDairy,60.0,45.0,4,Express,Mumbai,3500,1200,30.4,0.6,0,0,0,0,1
2026-05-15,S01,P001,Fresh Organic Milk 1L,32.0,60.0,0.0,0,95.0,0.0,63.0,50.0,2,Dairy,Milk,NutriDairy,60.0,45.0,4,Express,Mumbai,3500,1200,31.2,0.4,0,0,0,0,1
2026-05-16,S01,P001,Fresh Organic Milk 1L,47.0,60.0,0.0,0,63.0,0.0,16.0,50.0,2,Dairy,Milk,NutriDairy,60.0,45.0,4,Express,Mumbai,3500,1200,29.7,0.1,0,0,1,0,1
2026-05-17,S01,P001,Fresh Organic Milk 1L,16.0,60.0,0.0,0,16.0,0.0,0.0,50.0,2,Dairy,Milk,NutriDairy,60.0,45.0,4,Express,Mumbai,3500,1200,30.9,0.1,0,0,1,0,1
2026-05-18,S01,P001,Fresh Organic Milk 1L,28.0,60.0,0.0,0,224.0,224.0,196.0,50.0,2,Dairy,Milk,NutriDairy,60.0,45.0,4,Express,Mumbai,3500,1200,32.1,0.3,0,0,0,0,1
2026-05-19,S01,P001,Fresh Organic Milk 1L,30.0,60.0,0.0,0,196.0,0.0,166.0,50.0,2,Dairy,Milk,NutriDairy,60.0,45.0,4,Express,Mumbai,3500,1200,30.3,0.0,0,0,0,0,1
2026-05-20,S01,P001,Fresh Organic Milk 1L,38.0,60.0,0.0,0,166.0,0.0,128.0,50.0,2,Dairy,Milk,NutriDairy,60.0,45.0,4,Express,Mumbai,3500,1200,28.8,0.9,0,0,0,0,1
2026-05-21,S01,P001,Fresh Organic Milk 1L,26.0,60.0,0.0,0,128.0,0.0,102.0,50.0,2,Dairy,Milk,NutriDairy,60.0,45.0,4,Express,Mumbai,3500,1200,26.4,0.2,0,0,0,0,1
2026-05-22,S01,P001,Fresh Organic Milk 1L,39.0,48.0,0.2,1,102.0,0.0,63.0,50.0,2,Dairy,Milk,NutriDairy,60.0,45.0,4,Express,Mumbai,3500,1200,28.9,0.4,0,0,0,0,1
2026-05-23,S01,P001,Fresh Organic Milk 1L,45.0,60.0,0.0,0,63.0,0.0,18.0,50.0,2,Dairy,Milk,NutriDairy,60.0,45.0,4,Express,Mumbai,3500,1200,27.5,0.1,0,0,1,0,1
2026-05-24,S01,P001,Fresh Organic Milk 1L,18.0,60.0,0.0,0,18.0,0.0,0.0,50.0,2,Dairy,Milk,NutriDairy,60.0,45.0,4,Express,Mumbai,3500,1200,30.1,1.4,0,0,1,0,1
2026-05-25,S01,P001,Fresh Organic Milk 1L,34.0,60.0,0.0,1,224.0,224.0,190.0,50.0,2,Dairy,Milk,NutriDairy,60.0,45.0,4,Express,Mumbai,3500,1200,31.9,0.3,0,0,0,0,1
2026-05-26,S01,P001,Fresh Organic Milk 1L,37.0,60.0,0.0,0,190.0,0.0,153.0,50.0,2,Dairy,Milk,NutriDairy,60.0,45.0,4,Express,Mumbai,3500,1200,27.7,0.1,0,0,0,0,1
2026-05-27,S01,P001,Fresh Organic Milk 1L,35.0,60.0,0.0,0,153.0,0.0,118.0,50.0,2,Dairy,Milk,NutriDairy,60.0,45.0,4,Express,Mumbai,3500,1200,26.5,0.3,0,0,0,0,1
2026-05-28,S01,P001,Fresh Organic Milk 1L,26.0,60.0,0.0,1,118.0,0.0,92.0,50.0,2,Dairy,Milk,NutriDairy,60.0,45.0,4,Express,Mumbai,3500,1200,27.4,0.1,0,0,0,0,1
2026-05-29,S01,P001,Fresh Organic Milk 1L,36.0,60.0,0.0,0,92.0,0.0,56.0,50.0,2,Dairy,Milk,NutriDairy,60.0,45.0,4,Express,Mumbai,3500,1200,30.1,0.0,0,0,0,0,1
2026-05-30,S01,P001,Fresh Organic Milk 1L,42.0,60.0,0.0,0,56.0,0.0,14.0,50.0,2,Dairy,Milk,NutriDairy,60.0,45.0,4,Express,Mumbai,3500,1200,24.6,2.9,0,0,1,0,1
2026-05-31,S01,P001,Fresh Organic Milk 1L,14.0,60.0,0.0,0,14.0,0.0,0.0,50.0,2,Dairy,Milk,NutriDairy,60.0,45.0,4,Express,Mumbai,3500,1200,26.2,0.1,0,0,1,0,1
2026-06-01,S01,P001,Fresh Organic Milk 1L,28.0,60.0,0.0,0,224.0,224.0,196.0,50.0,2,Dairy,Milk,NutriDairy,60.0,45.0,4,Express,Mumbai,3500,1200,31.1,0.3,0,0,0,0,1
2026-06-02,S01,P001,Fresh Organic Milk 1L,36.0,60.0,0.0,0,196.0,0.0,160.0,50.0,2,Dairy,Milk,NutriDairy,60.0,45.0,4,Express,Mumbai,3500,1200,20.6,2.6,0,0,0,0,1
2026-06-03,S01,P001,Fresh Organic Milk 1L,31.0,60.0,0.0,0,160.0,0.0,129.0,50.0,2,Dairy,Milk,NutriDairy,60.0,45.0,4,Express,Mumbai,3500,1200,26.3,14.6,0,0,0,0,1
2026-06-04,S01,P001,Fresh Organic Milk 1L,39.0,60.0,0.0,0,129.0,0.0,90.0,50.0,2,Dairy,Milk,NutriDairy,60.0,45.0,4,Express,Mumbai,3500,1200,23.4,0.1,0,0,0,0,1
2026-06-05,S01,P001,Fresh Organic Milk 1L,32.0,60.0,0.0,0,90.0,0.0,58.0,50.0,2,Dairy,Milk,NutriDairy,60.0,45.0,4,Express,Mumbai,3500,1200,25.3,1.3,0,0,0,0,1
2026-06-06,S01,P001,Fresh Organic Milk 1L,46.0,60.0,0.0,0,58.0,0.0,12.0,50.0,2,Dairy,Milk,NutriDairy,60.0,45.0,4,Express,Mumbai,3500,1200,24.4,5.3,0,0,1,0,1
2026-06-07,S01,P001,Fresh Organic Milk 1L,12.0,60.0,0.0,0,12.0,0.0,0.0,50.0,2,Dairy,Milk,NutriDairy,60.0,45.0,4,Express,Mumbai,3500,1200,26.9,9.7,0,0,1,0,1
2026-06-08,S01,P001,Fresh Organic Milk 1L,34.0,60.0,0.0,0,224.0,224.0,190.0,50.0,2,Dairy,Milk,NutriDairy,60.0,45.0,4,Express,Mumbai,3500,1200,23.0,1.7,0,0,0,0,1
2026-06-09,S01,P001,Fresh Organic Milk 1L,39.0,60.0,0.0,0,190.0,0.0,151.0,50.0,2,Dairy,Milk,NutriDairy,60.0,45.0,4,Express,Mumbai,3500,1200,21.7,11.2,0,0,0,1,1
2026-06-10,S01,P001,Fresh Organic Milk 1L,27.0,60.0,0.0,0,151.0,0.0,124.0,50.0,2,Dairy,Milk,NutriDairy,60.0,45.0,4,Express,Mumbai,3500,1200,23.5,4.5,0,0,0,0,1
2026-06-11,S01,P001,Fresh Organic Milk 1L,24.0,60.0,0.0,0,124.0,0.0,100.0,50.0,2,Dairy,Milk,NutriDairy,60.0,45.0,4,Express,Mumbai,3500,1200,27.3,2.9,0,0,0,0,1
2026-06-12,S01,P001,Fresh Organic Milk 1L,34.0,60.0,0.0,0,100.0,0.0,66.0,50.0,2,Dairy,Milk,NutriDairy,60.0,45.0,4,Express,Mumbai,3500,1200,23.5,10.1,0,0,0,0,1
2026-06-13,S01,P001,Fresh Organic Milk 1L,50.0,60.0,0.0,0,66.0,0.0,16.0,50.0,2,Dairy,Milk,NutriDairy,60.0,45.0,4,Express,Mumbai,3500,1200,23.8,0.1,0,0,1,0,1
2026-06-14,S01,P001,Fresh Organic Milk 1L,16.0,60.0,0.0,0,16.0,0.0,0.0,50.0,2,Dairy,Milk,NutriDairy,60.0,45.0,4,Express,Mumbai,3500,1200,21.7,0.8,0,0,1,0,1
2026-06-15,S01,P001,Fresh Organic Milk 1L,61.0,54.0,0.1,1,224.0,224.0,163.0,50.0,2,Dairy,Milk,NutriDairy,60.0,45.0,4,Express,Mumbai,3500,1200,21.7,1.6,0,1,0,0,1
2026-06-16,S01,P001,Fresh Organic Milk 1L,37.0,60.0,0.0,0,163.0,0.0,126.0,50.0,2,Dairy,Milk,NutriDairy,60.0,45.0,4,Express,Mumbai,3500,1200,24.1,0.3,0,0,0,0,1
2026-06-17,S01,P001,Fresh Organic Milk 1L,33.0,60.0,0.0,0,126.0,0.0,93.0,50.0,2,Dairy,Milk,NutriDairy,60.0,45.0,4,Express,Mumbai,3500,1200,22.9,0.8,0,0,0,0,1
2026-06-18,S01,P001,Fresh Organic Milk 1L,35.0,60.0,0.0,0,93.0,0.0,58.0,50.0,2,Dairy,Milk,NutriDairy,60.0,45.0,4,Express,Mumbai,3500,1200,22.0,5.0,0,0,0,0,1
2026-06-19,S01,P001,Fresh Organic Milk 1L,36.0,60.0,0.0,0,58.0,0.0,22.0,50.0,2,Dairy,Milk,NutriDairy,60.0,45.0,4,Express,Mumbai,3500,1200,23.1,7.4,0,0,0,0,1
2026-06-20,S01,P001,Fresh Organic Milk 1L,22.0,60.0,0.0,0,22.0,0.0,0.0,50.0,2,Dairy,Milk,NutriDairy,60.0,45.0,4,Express,Mumbai,3500,1200,23.9,0.4,0,0,1,0,1
2026-06-21,S01,P001,Fresh Organic Milk 1L,45.0,60.0,0.0,0,224.0,224.0,179.0,50.0,2,Dairy,Milk,NutriDairy,60.0,45.0,4,Express,Mumbai,3500,1200,23.9,4.7,0,0,1,0,1
2026-06-22,S01,P001,Fresh Organic Milk 1L,32.0,60.0,0.0,0,179.0,0.0,147.0,50.0,2,Dairy,Milk,NutriDairy,60.0,45.0,4,Express,Mumbai,3500,1200,19.8,3.9,0,0,0,0,1
2026-06-23,S01,P001,Fresh Organic Milk 1L,28.0,60.0,0.0,0,147.0,0.0,119.0,50.0,2,Dairy,Milk,NutriDairy,60.0,45.0,4,Express,Mumbai,3500,1200,23.9,3.2,0,0,0,0,1
2026-06-24,S01,P001,Fresh Organic Milk 1L,29.0,60.0,0.0,0,119.0,0.0,90.0,50.0,2,Dairy,Milk,NutriDairy,60.0,45.0,4,Express,Mumbai,3500,1200,26.3,4.6,0,0,0,0,1
2026-06-25,S01,P001,Fresh Organic Milk 1L,29.0,60.0,0.0,0,90.0,0.0,61.0,50.0,2,Dairy,Milk,NutriDairy,60.0,45.0,4,Express,Mumbai,3500,1200,22.3,8.2,0,0,0,0,1
2026-06-26,S01,P001,Fresh Organic Milk 1L,39.0,60.0,0.0,0,61.0,0.0,22.0,50.0,2,Dairy,Milk,NutriDairy,60.0,45.0,4,Express,Mumbai,3500,1200,23.2,0.5,0,0,0,0,1
2026-06-27,S01,P001,Fresh Organic Milk 1L,22.0,60.0,0.0,0,22.0,0.0,0.0,50.0,2,Dairy,Milk,NutriDairy,60.0,45.0,4,Express,Mumbai,3500,1200,25.2,6.4,0,0,1,0,1
2026-06-28,S01,P001,Fresh Organic Milk 1L,55.0,54.0,0.1,1,224.0,224.0,169.0,50.0,2,Dairy,Milk,NutriDairy,60.0,45.0,4,Express,Mumbai,3500,1200,23.0,5.9,0,0,1,0,1
2026-06-29,S01,P001,Fresh Organic Milk 1L,33.0,60.0,0.0,0,169.0,0.0,136.0,50.0,2,Dairy,Milk,NutriDairy,60.0,45.0,4,Express,Mumbai,3500,1200,23.2,1.0,0,0,0,1,1
2026-01-01,S01,P002,Artisanal White Bread 400g,23.0,45.0,0.0,0,120.0,0.0,97.0,40.0,2,Bakery,Bread,DailyBake,45.0,30.0,5,Express,Mumbai,3500,1200,23.0,1.8,1,0,0,0,1
2026-01-02,S01,P002,Artisanal White Bread 400g,24.0,45.0,0.0,0,97.0,0.0,73.0,40.0,2,Bakery,Bread,DailyBake,45.0,30.0,5,Express,Mumbai,3500,1200,22.3,0.2,0,0,0,0,1
2026-01-03,S01,P002,Artisanal White Bread 400g,34.0,45.0,0.0,1,73.0,0.0,39.0,40.0,2,Bakery,Bread,DailyBake,45.0,30.0,5,Express,Mumbai,3500,1200,19.6,0.1,0,0,1,1,1
2026-01-04,S01,P002,Artisanal White Bread 400g,27.0,45.0,0.0,0,39.0,0.0,12.0,40.0,2,Bakery,Bread,DailyBake,45.0,30.0,5,Express,Mumbai,3500,1200,18.4,0.4,0,0,1,0,1
2026-01-05,S01,P002,Artisanal White Bread 400g,26.0,45.0,0.0,0,180.0,168.0,154.0,40.0,2,Bakery,Bread,DailyBake,45.0,30.0,5,Express,Mumbai,3500,1200,25.1,0.4,0,0,0,0,1
2026-01-06,S01,P002,Artisanal White Bread 400g,17.0,45.0,0.0,1,154.0,0.0,137.0,40.0,2,Bakery,Bread,DailyBake,45.0,30.0,5,Express,Mumbai,3500,1200,20.6,2.3,0,0,0,0,1
2026-01-07,S01,P002,Artisanal White Bread 400g,28.0,45.0,0.0,0,137.0,0.0,109.0,40.0,2,Bakery,Bread,DailyBake,45.0,30.0,5,Express,Mumbai,3500,1200,21.9,0.3,0,0,0,0,1
2026-01-08,S01,P002,Artisanal White Bread 400g,19.0,45.0,0.0,0,109.0,0.0,90.0,40.0,2,Bakery,Bread,DailyBake,45.0,30.0,5,Express,Mumbai,3500,1200,19.7,0.7,0,0,0,0,1
2026-01-09,S01,P002,Artisanal White Bread 400g,21.0,45.0,0.0,0,90.0,0.0,69.0,40.0,2,Bakery,Bread,DailyBake,45.0,30.0,5,Express,Mumbai,3500,1200,20.5,0.2,0,0,0,0,1
2026-01-10,S01,P002,Artisanal White Bread 400g,28.0,45.0,0.0,0,69.0,0.0,41.0,40.0,2,Bakery,Bread,DailyBake,45.0,30.0,5,Express,Mumbai,3500,1200,19.5,0.6,0,0,1,1,1
2026-01-11,S01,P002,Artisanal White Bread 400g,32.0,45.0,0.0,0,41.0,0.0,9.0,40.0,2,Bakery,Bread,DailyBake,45.0,30.0,5,Express,Mumbai,3500,1200,25.5,1.4,0,0,1,0,1
2026-01-12,S01,P002,Artisanal White Bread 400g,9.0,45.0,0.0,0,9.0,0.0,0.0,40.0,2,Bakery,Bread,DailyBake,45.0,30.0,5,Express,Mumbai,3500,1200,26.0,0.4,0,0,0,0,1
2026-01-13,S01,P002,Artisanal White Bread 400g,22.0,45.0,0.0,0,168.0,168.0,146.0,40.0,2,Bakery,Bread,DailyBake,45.0,30.0,5,Express,Mumbai,3500,1200,22.5,0.8,0,0,0,0,1
2026-01-14,S01,P002,Artisanal White Bread 400g,21.0,45.0,0.0,0,146.0,0.0,125.0,40.0,2,Bakery,Bread,DailyBake,45.0,30.0,5,Express,Mumbai,3500,1200,23.2,0.7,0,0,0,0,1
2026-01-15,S01,P002,Artisanal White Bread 400g,26.0,45.0,0.0,0,125.0,0.0,99.0,40.0,2,Bakery,Bread,DailyBake,45.0,30.0,5,Express,Mumbai,3500,1200,22.9,0.1,0,0,0,0,1
2026-01-16,S01,P002,Artisanal White Bread 400g,24.0,45.0,0.0,0,99.0,0.0,75.0,40.0,2,Bakery,Bread,DailyBake,45.0,30.0,5,Express,Mumbai,3500,1200,22.5,1.0,0,0,0,0,1
2026-01-17,S01,P002,Artisanal White Bread 400g,34.0,45.0,0.0,0,75.0,0.0,41.0,40.0,2,Bakery,Bread,DailyBake,45.0,30.0,5,Express,Mumbai,3500,1200,24.9,0.5,0,0,1,0,1
2026-01-18,S01,P002,Artisanal White Bread 400g,28.0,45.0,0.0,0,41.0,0.0,13.0,40.0,2,Bakery,Bread,DailyBake,45.0,30.0,5,Express,Mumbai,3500,1200,20.9,0.2,0,0,1,0,1
2026-01-19,S01,P002,Artisanal White Bread 400g,13.0,45.0,0.0,0,13.0,0.0,0.0,40.0,2,Bakery,Bread,DailyBake,45.0,30.0,5,Express,Mumbai,3500,1200,23.5,1.0,0,0,0,0,1
2026-01-20,S01,P002,Artisanal White Bread 400g,25.0,45.0,0.0,0,168.0,168.0,143.0,40.0,2,Bakery,Bread,DailyBake,45.0,30.0,5,Express,Mumbai,3500,1200,27.1,0.2,0,0,0,0,1
2026-01-21,S01,P002,Artisanal White Bread 400g,23.0,45.0,0.0,0,143.0,0.0,120.0,40.0,2,Bakery,Bread,DailyBake,45.0,30.0,5,Express,Mumbai,3500,1200,26.0,0.8,0,0,0,0,1
2026-01-22,S01,P002,Artisanal White Bread 400g,26.0,45.0,0.0,0,120.0,0.0,94.0,40.0,2,Bakery,Bread,DailyBake,45.0,30.0,5,Express,Mumbai,3500,1200,25.8,0.9,0,0,0,0,1
2026-01-23,S01,P002,Artisanal White Bread 400g,26.0,45.0,0.0,0,94.0,0.0,68.0,40.0,2,Bakery,Bread,DailyBake,45.0,30.0,5,Express,Mumbai,3500,1200,27.8,0.1,0,0,0,0,1
2026-01-24,S01,P002,Artisanal White Bread 400g,29.0,45.0,0.0,0,68.0,0.0,39.0,40.0,2,Bakery,Bread,DailyBake,45.0,30.0,5,Express,Mumbai,3500,1200,24.5,0.7,0,0,1,0,1
2026-01-25,S01,P002,Artisanal White Bread 400g,37.0,45.0,0.0,0,39.0,0.0,2.0,40.0,2,Bakery,Bread,DailyBake,45.0,30.0,5,Express,Mumbai,3500,1200,25.4,0.0,0,0,1,0,1
2026-01-26,S01,P002,Artisanal White Bread 400g,39.0,45.0,0.0,0,170.0,168.0,131.0,40.0,2,Bakery,Bread,DailyBake,45.0,30.0,5,Express,Mumbai,3500,1200,25.5,0.2,1,1,0,0,1
2026-01-27,S01,P002,Artisanal White Bread 400g,25.0,45.0,0.0,0,131.0,0.0,106.0,40.0,2,Bakery,Bread,DailyBake,45.0,30.0,5,Express,Mumbai,3500,1200,25.0,0.7,0,0,0,0,1
2026-01-28,S01,P002,Artisanal White Bread 400g,27.0,36.0,0.2,1,106.0,0.0,79.0,40.0,2,Bakery,Bread,DailyBake,45.0,30.0,5,Express,Mumbai,3500,1200,28.1,1.3,0,0,0,0,1
2026-01-29,S01,P002,Artisanal White Bread 400g,22.0,45.0,0.0,0,79.0,0.0,57.0,40.0,2,Bakery,Bread,DailyBake,45.0,30.0,5,Express,Mumbai,3500,1200,26.8,0.6,0,0,0,0,1
2026-01-30,S01,P002,Artisanal White Bread 400g,22.0,45.0,0.0,0,57.0,0.0,35.0,40.0,2,Bakery,Bread,DailyBake,45.0,30.0,5,Express,Mumbai,3500,1200,30.0,0.5,0,0,0,0,1
2026-01-31,S01,P002,Artisanal White Bread 400g,35.0,45.0,0.0,0,35.0,0.0,0.0,40.0,2,Bakery,Bread,DailyBake,45.0,30.0,5,Express,Mumbai,3500,1200,25.2,0.9,0,0,1,0,1
2026-02-01,S01,P002,Artisanal White Bread 400g,28.0,45.0,0.0,1,168.0,168.0,140.0,40.0,2,Bakery,Bread,DailyBake,45.0,30.0,5,Express,Mumbai,3500,1200,26.0,1.4,0,0,1,1,1
2026-02-02,S01,P002,Artisanal White Bread 400g,32.0,40.5,0.1,1,140.0,0.0,108.0,40.0,2,Bakery,Bread,DailyBake,45.0,30.0,5,Express,Mumbai,3500,1200,27.6,0.1,0,0,0,0,1
2026-02-03,S01,P002,Artisanal White Bread 400g,25.0,45.0,0.0,0,108.0,0.0,83.0,40.0,2,Bakery,Bread,DailyBake,45.0,30.0,5,Express,Mumbai,3500,1200,27.3,1.0,0,0,0,0,1
2026-02-04,S01,P002,Artisanal White Bread 400g,22.0,45.0,0.0,0,83.0,0.0,61.0,40.0,2,Bakery,Bread,DailyBake,45.0,30.0,5,Express,Mumbai,3500,1200,22.8,0.2,0,0,0,0,1
2026-02-05,S01,P002,Artisanal White Bread 400g,23.0,45.0,0.0,0,61.0,0.0,38.0,40.0,2,Bakery,Bread,DailyBake,45.0,30.0,5,Express,Mumbai,3500,1200,27.4,0.6,0,0,0,0,1
2026-02-06,S01,P002,Artisanal White Bread 400g,33.0,36.0,0.2,1,38.0,0.0,5.0,40.0,2,Bakery,Bread,DailyBake,45.0,30.0,5,Express,Mumbai,3500,1200,24.3,0.1,0,0,0,0,1
2026-02-07,S01,P002,Artisanal White Bread 400g,35.0,45.0,0.0,1,173.0,168.0,138.0,40.0,2,Bakery,Bread,DailyBake,45.0,30.0,5,Express,Mumbai,3500,1200,27.8,0.5,0,0,1,0,1
2026-02-08,S01,P002,Artisanal White Bread 400g,38.0,45.0,0.0,0,138.0,0.0,100.0,40.0,2,Bakery,Bread,DailyBake,45.0,30.0,5,Express,Mumbai,3500,1200,30.3,0.1,0,0,1,0,1
2026-02-09,S01,P002,Artisanal White Bread 400g,21.0,45.0,0.0,0,100.0,0.0,79.0,40.0,2,Bakery,Bread,DailyBake,45.0,30.0,5,Express,Mumbai,3500,1200,28.0,0.2,0,0,0,0,1
2026-02-10,S01,P002,Artisanal White Bread 400g,23.0,45.0,0.0,0,79.0,0.0,56.0,40.0,2,Bakery,Bread,DailyBake,45.0,30.0,5,Express,Mumbai,3500,1200,31.1,0.3,0,0,0,0,1
2026-02-11,S01,P002,Artisanal White Bread 400g,26.0,45.0,0.0,0,56.0,0.0,30.0,40.0,2,Bakery,Bread,DailyBake,45.0,30.0,5,Express,Mumbai,3500,1200,29.7,1.5,0,0,0,0,1
2026-02-12,S01,P002,Artisanal White Bread 400g,25.0,45.0,0.0,0,30.0,0.0,5.0,40.0,2,Bakery,Bread,DailyBake,45.0,30.0,5,Express,Mumbai,3500,1200,26.2,0.1,0,0,0,0,1
2026-02-13,S01,P002,Artisanal White Bread 400g,24.0,45.0,0.0,0,173.0,168.0,149.0,40.0,2,Bakery,Bread,DailyBake,45.0,30.0,5,Express,Mumbai,3500,1200,24.6,0.2,0,0,0,1,1
2026-02-14,S01,P002,Artisanal White Bread 400g,29.0,45.0,0.0,1,149.0,0.0,120.0,40.0,2,Bakery,Bread,DailyBake,45.0,30.0,5,Express,Mumbai,3500,1200,27.7,1.1,0,0,1,0,1
2026-02-15,S01,P002,Artisanal White Bread 400g,31.0,45.0,0.0,0,120.0,0.0,89.0,40.0,2,Bakery,Bread,DailyBake,45.0,30.0,5,Express,Mumbai,3500,1200,25.7,0.4,0,0,1,0,1
2026-02-16,S01,P002,Artisanal White Bread 400g,23.0,45.0,0.0,0,89.0,0.0,66.0,40.0,2,Bakery,Bread,DailyBake,45.0,30.0,5,Express,Mumbai,3500,1200,26.8,0.1,0,0,0,0,1
2026-02-17,S01,P002,Artisanal White Bread 400g,22.0,45.0,0.0,0,66.0,0.0,44.0,40.0,2,Bakery,Bread,DailyBake,45.0,30.0,5,Express,Mumbai,3500,1200,28.0,0.6,0,0,0,0,1
2026-02-18,S01,P002,Artisanal White Bread 400g,37.0,36.0,0.2,1,44.0,0.0,7.0,40.0,2,Bakery,Bread,DailyBake,45.0,30.0,5,Express,Mumbai,3500,1200,26.8,0.8,0,0,0,0,1
2026-02-19,S01,P002,Artisanal White Bread 400g,7.0,36.0,0.2,1,7.0,0.0,0.0,40.0,2,Bakery,Bread,DailyBake,45.0,30.0,5,Express,Mumbai,3500,1200,30.8,0.3,0,0,0,0,1
2026-02-20,S01,P002,Artisanal White Bread 400g,23.0,45.0,0.0,0,168.0,168.0,145.0,40.0,2,Bakery,Bread,DailyBake,45.0,30.0,5,Express,Mumbai,3500,1200,26.9,1.0,0,0,0,0,1
2026-02-21,S01,P002,Artisanal White Bread 400g,30.0,45.0,0.0,0,145.0,0.0,115.0,40.0,2,Bakery,Bread,DailyBake,45.0,30.0,5,Express,Mumbai,3500,1200,26.2,0.8,0,0,1,0,1
2026-02-22,S01,P002,Artisanal White Bread 400g,34.0,45.0,0.0,0,115.0,0.0,81.0,40.0,2,Bakery,Bread,DailyBake,45.0,30.0,5,Express,Mumbai,3500,1200,31.8,0.1,0,0,1,0,1
2026-02-23,S01,P002,Artisanal White Bread 400g,33.0,38.25,0.15,1,81.0,0.0,48.0,40.0,2,Bakery,Bread,DailyBake,45.0,30.0,5,Express,Mumbai,3500,1200,26.2,0.6,0,0,0,0,1
2026-02-24,S01,P002,Artisanal White Bread 400g,25.0,45.0,0.0,0,48.0,0.0,23.0,40.0,2,Bakery,Bread,DailyBake,45.0,30.0,5,Express,Mumbai,3500,1200,27.8,1.6,0,0,0,0,1
2026-02-25,S01,P002,Artisanal White Bread 400g,23.0,45.0,0.0,0,23.0,0.0,0.0,40.0,2,Bakery,Bread,DailyBake,45.0,30.0,5,Express,Mumbai,3500,1200,31.3,0.7,0,0,0,0,1
2026-02-26,S01,P002,Artisanal White Bread 400g,25.0,45.0,0.0,0,168.0,168.0,143.0,40.0,2,Bakery,Bread,DailyBake,45.0,30.0,5,Express,Mumbai,3500,1200,33.8,0.0,0,0,0,0,1
2026-02-27,S01,P002,Artisanal White Bread 400g,25.0,45.0,0.0,0,143.0,0.0,118.0,40.0,2,Bakery,Bread,DailyBake,45.0,30.0,5,Express,Mumbai,3500,1200,31.4,0.5,0,0,0,0,1
2026-02-28,S01,P002,Artisanal White Bread 400g,26.0,45.0,0.0,0,118.0,0.0,92.0,40.0,2,Bakery,Bread,DailyBake,45.0,30.0,5,Express,Mumbai,3500,1200,26.2,0.3,0,0,1,0,1
2026-03-01,S01,P002,Artisanal White Bread 400g,38.0,45.0,0.0,0,92.0,0.0,54.0,40.0,2,Bakery,Bread,DailyBake,45.0,30.0,5,Express,Mumbai,3500,1200,27.9,0.5,0,0,1,0,1
2026-03-02,S01,P002,Artisanal White Bread 400g,25.0,45.0,0.0,0,54.0,0.0,29.0,40.0,2,Bakery,Bread,DailyBake,45.0,30.0,5,Express,Mumbai,3500,1200,23.7,0.0,0,0,0,0,1
2026-03-03,S01,P002,Artisanal White Bread 400g,19.0,45.0,0.0,0,29.0,0.0,10.0,40.0,2,Bakery,Bread,DailyBake,45.0,30.0,5,Express,Mumbai,3500,1200,32.2,0.4,0,0,0,0,1
2026-03-04,S01,P002,Artisanal White Bread 400g,27.0,45.0,0.0,0,178.0,168.0,151.0,40.0,2,Bakery,Bread,DailyBake,45.0,30.0,5,Express,Mumbai,3500,1200,26.4,0.3,0,0,0,0,1
2026-03-05,S01,P002,Artisanal White Bread 400g,28.0,45.0,0.0,0,151.0,0.0,123.0,40.0,2,Bakery,Bread,DailyBake,45.0,30.0,5,Express,Mumbai,3500,1200,32.6,0.3,0,0,0,1,1
2026-03-06,S01,P002,Artisanal White Bread 400g,27.0,45.0,0.0,0,123.0,0.0,96.0,40.0,2,Bakery,Bread,DailyBake,45.0,30.0,5,Express,Mumbai,3500,1200,28.9,0.2,0,0,0,0,1
2026-03-07,S01,P002,Artisanal White Bread 400g,28.0,45.0,0.0,0,96.0,0.0,68.0,40.0,2,Bakery,Bread,DailyBake,45.0,30.0,5,Express,Mumbai,3500,1200,28.9,0.4,0,0,1,0,1
2026-03-08,S01,P002,Artisanal White Bread 400g,42.0,45.0,0.0,0,68.0,0.0,26.0,40.0,2,Bakery,Bread,DailyBake,45.0,30.0,5,Express,Mumbai,3500,1200,26.7,0.5,0,1,1,0,1
2026-03-09,S01,P002,Artisanal White Bread 400g,26.0,45.0,0.0,0,26.0,0.0,0.0,40.0,2,Bakery,Bread,DailyBake,45.0,30.0,5,Express,Mumbai,3500,1200,30.8,0.3,0,0,0,0,1
2026-03-10,S01,P002,Artisanal White Bread 400g,24.0,45.0,0.0,1,168.0,168.0,144.0,40.0,2,Bakery,Bread,DailyBake,45.0,30.0,5,Express,Mumbai,3500,1200,28.4,2.2,0,0,0,0,1
2026-03-11,S01,P002,Artisanal White Bread 400g,24.0,45.0,0.0,0,144.0,0.0,120.0,40.0,2,Bakery,Bread,DailyBake,45.0,30.0,5,Express,Mumbai,3500,1200,30.9,0.2,0,0,0,0,1
2026-03-12,S01,P002,Artisanal White Bread 400g,25.0,45.0,0.0,0,120.0,0.0,95.0,40.0,2,Bakery,Bread,DailyBake,45.0,30.0,5,Express,Mumbai,3500,1200,29.8,1.0,0,0,0,1,1
2026-03-13,S01,P002,Artisanal White Bread 400g,24.0,45.0,0.0,1,95.0,0.0,71.0,40.0,2,Bakery,Bread,DailyBake,45.0,30.0,5,Express,Mumbai,3500,1200,33.7,0.1,0,0,0,0,1
2026-03-14,S01,P002,Artisanal White Bread 400g,33.0,45.0,0.0,0,71.0,0.0,38.0,40.0,2,Bakery,Bread,DailyBake,45.0,30.0,5,Express,Mumbai,3500,1200,29.7,0.1,0,0,1,0,1
2026-03-15,S01,P002,Artisanal White Bread 400g,30.0,45.0,0.0,0,38.0,0.0,8.0,40.0,2,Bakery,Bread,DailyBake,45.0,30.0,5,Express,Mumbai,3500,1200,28.7,1.7,0,0,1,0,1
2026-03-16,S01,P002,Artisanal White Bread 400g,25.0,45.0,0.0,0,176.0,168.0,151.0,40.0,2,Bakery,Bread,DailyBake,45.0,30.0,5,Express,Mumbai,3500,1200,29.6,0.0,0,0,0,0,1
2026-03-17,S01,P002,Artisanal White Bread 400g,25.0,45.0,0.0,0,151.0,0.0,126.0,40.0,2,Bakery,Bread,DailyBake,45.0,30.0,5,Express,Mumbai,3500,1200,30.5,0.1,0,0,0,0,1
2026-03-18,S01,P002,Artisanal White Bread 400g,24.0,45.0,0.0,0,126.0,0.0,102.0,40.0,2,Bakery,Bread,DailyBake,45.0,30.0,5,Express,Mumbai,3500,1200,31.0,0.9,0,0,0,0,1
2026-03-19,S01,P002,Artisanal White Bread 400g,23.0,45.0,0.0,0,102.0,0.0,79.0,40.0,2,Bakery,Bread,DailyBake,45.0,30.0,5,Express,Mumbai,3500,1200,27.8,0.5,0,0,0,0,1
2026-03-20,S01,P002,Artisanal White Bread 400g,23.0,45.0,0.0,0,79.0,0.0,56.0,40.0,2,Bakery,Bread,DailyBake,45.0,30.0,5,Express,Mumbai,3500,1200,29.3,0.1,0,0,0,0,1
2026-03-21,S01,P002,Artisanal White Bread 400g,35.0,45.0,0.0,0,56.0,0.0,21.0,40.0,2,Bakery,Bread,DailyBake,45.0,30.0,5,Express,Mumbai,3500,1200,29.6,1.2,0,0,1,0,1
2026-03-22,S01,P002,Artisanal White Bread 400g,21.0,45.0,0.0,0,21.0,0.0,0.0,40.0,2,Bakery,Bread,DailyBake,45.0,30.0,5,Express,Mumbai,3500,1200,29.2,0.2,0,0,1,0,1
2026-03-23,S01,P002,Artisanal White Bread 400g,29.0,45.0,0.0,0,168.0,168.0,139.0,40.0,2,Bakery,Bread,DailyBake,45.0,30.0,5,Express,Mumbai,3500,1200,32.6,0.4,0,0,0,0,1
2026-03-24,S01,P002,Artisanal White Bread 400g,39.0,38.25,0.15,1,139.0,0.0,100.0,40.0,2,Bakery,Bread,DailyBake,45.0,30.0,5,Express,Mumbai,3500,1200,32.0,0.3,0,0,0,0,1
2026-03-25,S01,P002,Artisanal White Bread 400g,45.0,45.0,0.0,0,100.0,0.0,55.0,40.0,2,Bakery,Bread,DailyBake,45.0,30.0,5,Express,Mumbai,3500,1200,32.1,0.3,0,1,0,0,1
2026-03-26,S01,P002,Artisanal White Bread 400g,31.0,45.0,0.0,0,55.0,0.0,24.0,40.0,2,Bakery,Bread,DailyBake,45.0,30.0,5,Express,Mumbai,3500,1200,25.0,0.0,0,0,0,0,1
2026-03-27,S01,P002,Artisanal White Bread 400g,19.0,45.0,0.0,0,24.0,0.0,5.0,40.0,2,Bakery,Bread,DailyBake,45.0,30.0,5,Express,Mumbai,3500,1200,32.9,0.4,0,0,0,0,1
2026-03-28,S01,P002,Artisanal White Bread 400g,45.0,38.25,0.15,1,173.0,168.0,128.0,40.0,2,Bakery,Bread,DailyBake,45.0,30.0,5,Express,Mumbai,3500,1200,31.2,1.6,0,0,1,0,1
2026-03-29,S01,P002,Artisanal White Bread 400g,34.0,45.0,0.0,0,128.0,0.0,94.0,40.0,2,Bakery,Bread,DailyBake,45.0,30.0,5,Express,Mumbai,3500,1200,30.2,0.2,0,0,1,0,1
2026-03-30,S01,P002,Artisanal White Bread 400g,23.0,45.0,0.0,0,94.0,0.0,71.0,40.0,2,Bakery,Bread,DailyBake,45.0,30.0,5,Express,Mumbai,3500,1200,29.1,0.5,0,0,0,0,1
2026-03-31,S01,P002,Artisanal White Bread 400g,31.0,40.5,0.1,1,71.0,0.0,40.0,40.0,2,Bakery,Bread,DailyBake,45.0,30.0,5,Express,Mumbai,3500,1200,30.1,0.4,0,0,0,0,1
2026-04-01,S01,P002,Artisanal White Bread 400g,19.0,45.0,0.0,0,40.0,0.0,21.0,40.0,2,Bakery,Bread,DailyBake,45.0,30.0,5,Express,Mumbai,3500,1200,28.8,0.1,0,0,0,0,1
2026-04-02,S01,P002,Artisanal White Bread 400g,24.0,40.5,0.1,1,189.0,168.0,165.0,40.0,2,Bakery,Bread,DailyBake,45.0,30.0,5,Express,Mumbai,3500,1200,30.2,0.6,0,0,0,0,1
2026-04-03,S01,P002,Artisanal White Bread 400g,26.0,45.0,0.0,0,165.0,0.0,139.0,40.0,2,Bakery,Bread,DailyBake,45.0,30.0,5,Express,Mumbai,3500,1200,29.7,0.0,0,0,0,0,1
2026-04-04,S01,P002,Artisanal White Bread 400g,33.0,45.0,0.0,0,139.0,0.0,106.0,40.0,2,Bakery,Bread,DailyBake,45.0,30.0,5,Express,Mumbai,3500,1200,28.0,0.0,0,0,1,0,1
2026-04-05,S01,P002,Artisanal White Bread 400g,34.0,45.0,0.0,0,106.0,0.0,72.0,40.0,2,Bakery,Bread,DailyBake,45.0,30.0,5,Express,Mumbai,3500,1200,32.6,0.5,0,0,1,0,1
2026-04-06,S01,P002,Artisanal White Bread 400g,25.0,45.0,0.0,0,72.0,0.0,47.0,40.0,2,Bakery,Bread,DailyBake,45.0,30.0,5,Express,Mumbai,3500,1200,30.3,0.4,0,0,0,0,1
2026-04-07,S01,P002,Artisanal White Bread 400g,25.0,45.0,0.0,0,47.0,0.0,22.0,40.0,2,Bakery,Bread,DailyBake,45.0,30.0,5,Express,Mumbai,3500,1200,31.3,0.6,0,0,0,0,1
2026-04-08,S01,P002,Artisanal White Bread 400g,21.0,45.0,0.0,0,22.0,0.0,1.0,40.0,2,Bakery,Bread,DailyBake,45.0,30.0,5,Express,Mumbai,3500,1200,29.5,0.1,0,0,0,0,1
2026-04-09,S01,P002,Artisanal White Bread 400g,19.0,45.0,0.0,0,169.0,168.0,150.0,40.0,2,Bakery,Bread,DailyBake,45.0,30.0,5,Express,Mumbai,3500,1200,34.9,0.1,0,0,0,0,1
2026-04-10,S01,P002,Artisanal White Bread 400g,21.0,45.0,0.0,0,150.0,0.0,129.0,40.0,2,Bakery,Bread,DailyBake,45.0,30.0,5,Express,Mumbai,3500,1200,31.0,0.1,0,0,0,0,1
2026-04-11,S01,P002,Artisanal White Bread 400g,30.0,45.0,0.0,0,129.0,0.0,99.0,40.0,2,Bakery,Bread,DailyBake,45.0,30.0,5,Express,Mumbai,3500,1200,29.0,0.5,0,0,1,0,1
2026-04-12,S01,P002,Artisanal White Bread 400g,31.0,45.0,0.0,0,99.0,0.0,68.0,40.0,2,Bakery,Bread,DailyBake,45.0,30.0,5,Express,Mumbai,3500,1200,33.3,0.0,0,0,1,0,1
2026-04-13,S01,P002,Artisanal White Bread 400g,27.0,45.0,0.0,0,68.0,0.0,41.0,40.0,2,Bakery,Bread,DailyBake,45.0,30.0,5,Express,Mumbai,3500,1200,26.5,1.2,0,0,0,0,1
2026-04-14,S01,P002,Artisanal White Bread 400g,29.0,45.0,0.0,0,41.0,0.0,12.0,40.0,2,Bakery,Bread,DailyBake,45.0,30.0,5,Express,Mumbai,3500,1200,32.1,0.3,1,0,0,0,1
2026-04-15,S01,P002,Artisanal White Bread 400g,12.0,45.0,0.0,0,12.0,0.0,0.0,40.0,2,Bakery,Bread,DailyBake,45.0,30.0,5,Express,Mumbai,3500,1200,27.7,0.9,0,0,0,0,1
2026-04-16,S01,P002,Artisanal White Bread 400g,26.0,45.0,0.0,0,168.0,168.0,142.0,40.0,2,Bakery,Bread,DailyBake,45.0,30.0,5,Express,Mumbai,3500,1200,27.1,0.4,0,0,0,0,1
2026-04-17,S01,P002,Artisanal White Bread 400g,23.0,45.0,0.0,0,142.0,0.0,119.0,40.0,2,Bakery,Bread,DailyBake,45.0,30.0,5,Express,Mumbai,3500,1200,27.0,0.0,0,0,0,0,1
2026-04-18,S01,P002,Artisanal White Bread 400g,33.0,45.0,0.0,0,119.0,0.0,86.0,40.0,2,Bakery,Bread,DailyBake,45.0,30.0,5,Express,Mumbai,3500,1200,29.6,0.2,0,0,1,0,1
2026-04-19,S01,P002,Artisanal White Bread 400g,34.0,45.0,0.0,0,86.0,0.0,52.0,40.0,2,Bakery,Bread,DailyBake,45.0,30.0,5,Express,Mumbai,3500,1200,29.9,0.7,0,0,1,0,1
2026-04-20,S01,P002,Artisanal White Bread 400g,23.0,45.0,0.0,0,52.0,0.0,29.0,40.0,2,Bakery,Bread,DailyBake,45.0,30.0,5,Express,Mumbai,3500,1200,32.1,0.0,0,0,0,0,1
2026-04-21,S01,P002,Artisanal White Bread 400g,23.0,45.0,0.0,0,29.0,0.0,6.0,40.0,2,Bakery,Bread,DailyBake,45.0,30.0,5,Express,Mumbai,3500,1200,24.9,0.1,0,0,0,0,1
2026-04-22,S01,P002,Artisanal White Bread 400g,26.0,45.0,0.0,0,174.0,168.0,148.0,40.0,2,Bakery,Bread,DailyBake,45.0,30.0,5,Express,Mumbai,3500,1200,31.2,0.1,0,0,0,1,1
2026-04-23,S01,P002,Artisanal White Bread 400g,22.0,45.0,0.0,0,148.0,0.0,126.0,40.0,2,Bakery,Bread,DailyBake,45.0,30.0,5,Express,Mumbai,3500,1200,31.1,1.0,0,0,0,0,1
2026-04-24,S01,P002,Artisanal White Bread 400g,23.0,45.0,0.0,0,126.0,0.0,103.0,40.0,2,Bakery,Bread,DailyBake,45.0,30.0,5,Express,Mumbai,3500,1200,28.8,0.2,0,0,0,0,1
2026-04-25,S01,P002,Artisanal White Bread 400g,26.0,45.0,0.0,0,103.0,0.0,77.0,40.0,2,Bakery,Bread,DailyBake,45.0,30.0,5,Express,Mumbai,3500,1200,29.5,0.9,0,0,1,0,1
2026-04-26,S01,P002,Artisanal White Bread 400g,38.0,45.0,0.0,0,77.0,0.0,39.0,40.0,2,Bakery,Bread,DailyBake,45.0,30.0,5,Express,Mumbai,3500,1200,30.0,0.4,0,0,1,0,1
2026-04-27,S01,P002,Artisanal White Bread 400g,17.0,45.0,0.0,0,39.0,0.0,22.0,40.0,2,Bakery,Bread,DailyBake,45.0,30.0,5,Express,Mumbai,3500,1200,31.0,0.5,0,0,0,0,1
2026-04-28,S01,P002,Artisanal White Bread 400g,25.0,45.0,0.0,0,190.0,168.0,165.0,40.0,2,Bakery,Bread,DailyBake,45.0,30.0,5,Express,Mumbai,3500,1200,27.8,0.1,0,0,0,0,1
2026-04-29,S01,P002,Artisanal White Bread 400g,24.0,45.0,0.0,0,165.0,0.0,141.0,40.0,2,Bakery,Bread,DailyBake,45.0,30.0,5,Express,Mumbai,3500,1200,30.5,0.4,0,0,0,0,1
2026-04-30,S01,P002,Artisanal White Bread 400g,25.0,45.0,0.0,0,141.0,0.0,116.0,40.0,2,Bakery,Bread,DailyBake,45.0,30.0,5,Express,Mumbai,3500,1200,27.0,1.1,0,0,0,0,1
2026-05-01,S01,P002,Artisanal White Bread 400g,40.0,45.0,0.0,0,116.0,0.0,76.0,40.0,2,Bakery,Bread,DailyBake,45.0,30.0,5,Express,Mumbai,3500,1200,27.4,0.3,1,1,0,0,1
2026-05-02,S01,P002,Artisanal White Bread 400g,29.0,45.0,0.0,0,76.0,0.0,47.0,40.0,2,Bakery,Bread,DailyBake,45.0,30.0,5,Express,Mumbai,3500,1200,29.4,1.4,0,0,1,0,1
2026-05-03,S01,P002,Artisanal White Bread 400g,32.0,45.0,0.0,0,47.0,0.0,15.0,40.0,2,Bakery,Bread,DailyBake,45.0,30.0,5,Express,Mumbai,3500,1200,28.9,0.2,0,0,1,0,1
2026-05-04,S01,P002,Artisanal White Bread 400g,15.0,45.0,0.0,0,15.0,0.0,0.0,40.0,2,Bakery,Bread,DailyBake,45.0,30.0,5,Express,Mumbai,3500,1200,27.6,0.3,0,0,0,0,1
2026-05-05,S01,P002,Artisanal White Bread 400g,26.0,36.0,0.2,1,168.0,168.0,142.0,40.0,2,Bakery,Bread,DailyBake,45.0,30.0,5,Express,Mumbai,3500,1200,27.5,0.1,0,0,0,0,1
2026-05-06,S01,P002,Artisanal White Bread 400g,22.0,45.0,0.0,0,142.0,0.0,120.0,40.0,2,Bakery,Bread,DailyBake,45.0,30.0,5,Express,Mumbai,3500,1200,29.2,0.0,0,0,0,0,1
2026-05-07,S01,P002,Artisanal White Bread 400g,27.0,45.0,0.0,0,120.0,0.0,93.0,40.0,2,Bakery,Bread,DailyBake,45.0,30.0,5,Express,Mumbai,3500,1200,29.4,0.2,0,0,0,0,1
2026-05-08,S01,P002,Artisanal White Bread 400g,23.0,45.0,0.0,0,93.0,0.0,70.0,40.0,2,Bakery,Bread,DailyBake,45.0,30.0,5,Express,Mumbai,3500,1200,26.4,1.1,0,0,0,0,1
2026-05-09,S01,P002,Artisanal White Bread 400g,25.0,45.0,0.0,0,70.0,0.0,45.0,40.0,2,Bakery,Bread,DailyBake,45.0,30.0,5,Express,Mumbai,3500,1200,26.0,0.9,0,0,1,0,1
2026-05-10,S01,P002,Artisanal White Bread 400g,40.0,38.25,0.15,1,45.0,0.0,5.0,40.0,2,Bakery,Bread,DailyBake,45.0,30.0,5,Express,Mumbai,3500,1200,28.2,0.3,0,0,1,0,1
2026-05-11,S01,P002,Artisanal White Bread 400g,5.0,45.0,0.0,0,5.0,0.0,0.0,40.0,2,Bakery,Bread,DailyBake,45.0,30.0,5,Express,Mumbai,3500,1200,26.2,0.5,0,0,0,0,1
2026-05-12,S01,P002,Artisanal White Bread 400g,25.0,45.0,0.0,1,168.0,168.0,143.0,40.0,2,Bakery,Bread,DailyBake,45.0,30.0,5,Express,Mumbai,3500,1200,25.7,0.0,0,0,0,0,1
2026-05-13,S01,P002,Artisanal White Bread 400g,35.0,40.5,0.1,1,143.0,0.0,108.0,40.0,2,Bakery,Bread,DailyBake,45.0,30.0,5,Express,Mumbai,3500,1200,24.1,0.9,0,0,0,0,1
2026-05-14,S01,P002,Artisanal White Bread 400g,26.0,45.0,0.0,0,108.0,0.0,82.0,40.0,2,Bakery,Bread,DailyBake,45.0,30.0,5,Express,Mumbai,3500,1200,27.2,0.5,0,0,0,0,1
2026-05-15,S01,P002,Artisanal White Bread 400g,37.0,36.0,0.2,1,82.0,0.0,45.0,40.0,2,Bakery,Bread,DailyBake,45.0,30.0,5,Express,Mumbai,3500,1200,27.2,1.6,0,0,0,0,1
2026-05-16,S01,P002,Artisanal White Bread 400g,28.0,45.0,0.0,0,45.0,0.0,17.0,40.0,2,Bakery,Bread,DailyBake,45.0,30.0,5,Express,Mumbai,3500,1200,30.0,0.3,0,0,1,0,1
2026-05-17,S01,P002,Artisanal White Bread 400g,17.0,45.0,0.0,0,17.0,0.0,0.0,40.0,2,Bakery,Bread,DailyBake,45.0,30.0,5,Express,Mumbai,3500,1200,32.0,0.5,0,0,1,0,1
2026-05-18,S01,P002,Artisanal White Bread 400g,24.0,45.0,0.0,0,168.0,168.0,144.0,40.0,2,Bakery,Bread,DailyBake,45.0,30.0,5,Express,Mumbai,3500,1200,26.3,0.4,0,0,0,0,1
2026-05-19,S01,P002,Artisanal White Bread 400g,31.0,38.25,0.15,1,144.0,0.0,113.0,40.0,2,Bakery,Bread,DailyBake,45.0,30.0,5,Express,Mumbai,3500,1200,31.5,0.0,0,0,0,0,1
2026-05-20,S01,P002,Artisanal White Bread 400g,24.0,45.0,0.0,0,113.0,0.0,89.0,40.0,2,Bakery,Bread,DailyBake,45.0,30.0,5,Express,Mumbai,3500,1200,27.1,0.0,0,0,0,0,1
2026-05-21,S01,P002,Artisanal White Bread 400g,24.0,45.0,0.0,0,89.0,0.0,65.0,40.0,2,Bakery,Bread,DailyBake,45.0,30.0,5,Express,Mumbai,3500,1200,27.7,1.8,0,0,0,0,1
2026-05-22,S01,P002,Artisanal White Bread 400g,19.0,45.0,0.0,0,65.0,0.0,46.0,40.0,2,Bakery,Bread,DailyBake,45.0,30.0,5,Express,Mumbai,3500,1200,25.0,0.4,0,0,0,0,1
2026-05-23,S01,P002,Artisanal White Bread 400g,32.0,45.0,0.0,0,46.0,0.0,14.0,40.0,2,Bakery,Bread,DailyBake,45.0,30.0,5,Express,Mumbai,3500,1200,25.4,0.4,0,0,1,0,1
2026-05-24,S01,P002,Artisanal White Bread 400g,14.0,45.0,0.0,0,14.0,0.0,0.0,40.0,2,Bakery,Bread,DailyBake,45.0,30.0,5,Express,Mumbai,3500,1200,25.2,0.0,0,0,1,0,1
2026-05-25,S01,P002,Artisanal White Bread 400g,26.0,45.0,0.0,0,168.0,168.0,142.0,40.0,2,Bakery,Bread,DailyBake,45.0,30.0,5,Express,Mumbai,3500,1200,26.2,0.1,0,0,0,0,1
2026-05-26,S01,P002,Artisanal White Bread 400g,24.0,45.0,0.0,0,142.0,0.0,118.0,40.0,2,Bakery,Bread,DailyBake,45.0,30.0,5,Express,Mumbai,3500,1200,28.4,0.4,0,0,0,0,1
2026-05-27,S01,P002,Artisanal White Bread 400g,25.0,45.0,0.0,0,118.0,0.0,93.0,40.0,2,Bakery,Bread,DailyBake,45.0,30.0,5,Express,Mumbai,3500,1200,24.9,0.2,0,0,0,0,1
2026-05-28,S01,P002,Artisanal White Bread 400g,22.0,45.0,0.0,0,93.0,0.0,71.0,40.0,2,Bakery,Bread,DailyBake,45.0,30.0,5,Express,Mumbai,3500,1200,25.5,1.3,0,0,0,0,1
2026-05-29,S01,P002,Artisanal White Bread 400g,27.0,45.0,0.0,0,71.0,0.0,44.0,40.0,2,Bakery,Bread,DailyBake,45.0,30.0,5,Express,Mumbai,3500,1200,23.9,1.1,0,0,0,0,1
2026-05-30,S01,P002,Artisanal White Bread 400g,35.0,45.0,0.0,0,44.0,0.0,9.0,40.0,2,Bakery,Bread,DailyBake,45.0,30.0,5,Express,Mumbai,3500,1200,23.8,1.9,0,0,1,0,1
2026-05-31,S01,P002,Artisanal White Bread 400g,9.0,45.0,0.0,0,9.0,0.0,0.0,40.0,2,Bakery,Bread,DailyBake,45.0,30.0,5,Express,Mumbai,3500,1200,28.4,0.2,0,0,1,0,1
2026-06-01,S01,P002,Artisanal White Bread 400g,22.0,45.0,0.0,0,168.0,168.0,146.0,40.0,2,Bakery,Bread,DailyBake,45.0,30.0,5,Express,Mumbai,3500,1200,26.7,0.5,0,0,0,0,1
2026-06-02,S01,P002,Artisanal White Bread 400g,21.0,45.0,0.0,0,146.0,0.0,125.0,40.0,2,Bakery,Bread,DailyBake,45.0,30.0,5,Express,Mumbai,3500,1200,25.0,2.7,0,0,0,0,1
2026-06-03,S01,P002,Artisanal White Bread 400g,34.0,36.0,0.2,1,125.0,0.0,91.0,40.0,2,Bakery,Bread,DailyBake,45.0,30.0,5,Express,Mumbai,3500,1200,24.1,0.8,0,0,0,0,1
2026-06-04,S01,P002,Artisanal White Bread 400g,25.0,45.0,0.0,1,91.0,0.0,66.0,40.0,2,Bakery,Bread,DailyBake,45.0,30.0,5,Express,Mumbai,3500,1200,24.4,3.1,0,0,0,0,1
2026-06-05,S01,P002,Artisanal White Bread 400g,26.0,45.0,0.0,0,66.0,0.0,40.0,40.0,2,Bakery,Bread,DailyBake,45.0,30.0,5,Express,Mumbai,3500,1200,24.8,1.1,0,0,0,0,1
2026-06-06,S01,P002,Artisanal White Bread 400g,29.0,45.0,0.0,0,40.0,0.0,11.0,40.0,2,Bakery,Bread,DailyBake,45.0,30.0,5,Express,Mumbai,3500,1200,27.6,8.4,0,0,1,0,1
2026-06-07,S01,P002,Artisanal White Bread 400g,24.0,45.0,0.0,0,179.0,168.0,155.0,40.0,2,Bakery,Bread,DailyBake,45.0,30.0,5,Express,Mumbai,3500,1200,26.6,3.7,0,0,1,0,1
2026-06-08,S01,P002,Artisanal White Bread 400g,26.0,45.0,0.0,0,155.0,0.0,129.0,40.0,2,Bakery,Bread,DailyBake,45.0,30.0,5,Express,Mumbai,3500,1200,26.8,5.7,0,0,0,0,1
2026-06-09,S01,P002,Artisanal White Bread 400g,14.0,45.0,0.0,0,129.0,0.0,115.0,40.0,2,Bakery,Bread,DailyBake,45.0,30.0,5,Express,Mumbai,3500,1200,25.5,0.7,0,0,0,0,1
2026-06-10,S01,P002,Artisanal White Bread 400g,26.0,45.0,0.0,0,115.0,0.0,89.0,40.0,2,Bakery,Bread,DailyBake,45.0,30.0,5,Express,Mumbai,3500,1200,23.5,0.7,0,0,0,0,1
2026-06-11,S01,P002,Artisanal White Bread 400g,23.0,45.0,0.0,0,89.0,0.0,66.0,40.0,2,Bakery,Bread,DailyBake,45.0,30.0,5,Express,Mumbai,3500,1200,24.0,2.5,0,0,0,1,1
2026-06-12,S01,P002,Artisanal White Bread 400g,24.0,45.0,0.0,0,66.0,0.0,42.0,40.0,2,Bakery,Bread,DailyBake,45.0,30.0,5,Express,Mumbai,3500,1200,28.2,0.5,0,0,0,0,1
2026-06-13,S01,P002,Artisanal White Bread 400g,30.0,45.0,0.0,0,42.0,0.0,12.0,40.0,2,Bakery,Bread,DailyBake,45.0,30.0,5,Express,Mumbai,3500,1200,24.5,4.6,0,0,1,0,1
2026-06-14,S01,P002,Artisanal White Bread 400g,12.0,45.0,0.0,0,12.0,0.0,0.0,40.0,2,Bakery,Bread,DailyBake,45.0,30.0,5,Express,Mumbai,3500,1200,26.6,0.8,0,0,1,1,1
2026-06-15,S01,P002,Artisanal White Bread 400g,44.0,45.0,0.0,1,168.0,168.0,124.0,40.0,2,Bakery,Bread,DailyBake,45.0,30.0,5,Express,Mumbai,3500,1200,24.4,2.3,0,1,0,0,1
2026-06-16,S01,P002,Artisanal White Bread 400g,24.0,45.0,0.0,0,124.0,0.0,100.0,40.0,2,Bakery,Bread,DailyBake,45.0,30.0,5,Express,Mumbai,3500,1200,23.9,4.6,0,0,0,0,1
2026-06-17,S01,P002,Artisanal White Bread 400g,26.0,45.0,0.0,0,100.0,0.0,74.0,40.0,2,Bakery,Bread,DailyBake,45.0,30.0,5,Express,Mumbai,3500,1200,24.4,2.7,0,0,0,0,1
2026-06-18,S01,P002,Artisanal White Bread 400g,21.0,45.0,0.0,0,74.0,0.0,53.0,40.0,2,Bakery,Bread,DailyBake,45.0,30.0,5,Express,Mumbai,3500,1200,23.4,9.2,0,0,0,0,1
2026-06-19,S01,P002,Artisanal White Bread 400g,25.0,45.0,0.0,0,53.0,0.0,28.0,40.0,2,Bakery,Bread,DailyBake,45.0,30.0,5,Express,Mumbai,3500,1200,21.2,2.2,0,0,0,0,1
2026-06-20,S01,P002,Artisanal White Bread 400g,26.0,45.0,0.0,0,28.0,0.0,2.0,40.0,2,Bakery,Bread,DailyBake,45.0,30.0,5,Express,Mumbai,3500,1200,23.9,1.8,0,0,1,1,1
2026-06-21,S01,P002,Artisanal White Bread 400g,32.0,45.0,0.0,0,170.0,168.0,138.0,40.0,2,Bakery,Bread,DailyBake,45.0,30.0,5,Express,Mumbai,3500,1200,25.5,9.2,0,0,1,0,1
2026-06-22,S01,P002,Artisanal White Bread 400g,20.0,38.25,0.15,1,138.0,0.0,118.0,40.0,2,Bakery,Bread,DailyBake,45.0,30.0,5,Express,Mumbai,3500,1200,21.0,0.7,0,0,0,0,1
2026-06-23,S01,P002,Artisanal White Bread 400g,29.0,40.5,0.1,1,118.0,0.0,89.0,40.0,2,Bakery,Bread,DailyBake,45.0,30.0,5,Express,Mumbai,3500,1200,23.4,0.0,0,0,0,0,1
2026-06-24,S01,P002,Artisanal White Bread 400g,22.0,45.0,0.0,0,89.0,0.0,67.0,40.0,2,Bakery,Bread,DailyBake,45.0,30.0,5,Express,Mumbai,3500,1200,23.8,5.3,0,0,0,0,1
2026-06-25,S01,P002,Artisanal White Bread 400g,23.0,45.0,0.0,0,67.0,0.0,44.0,40.0,2,Bakery,Bread,DailyBake,45.0,30.0,5,Express,Mumbai,3500,1200,22.7,1.5,0,0,0,0,1
2026-06-26,S01,P002,Artisanal White Bread 400g,21.0,45.0,0.0,0,44.0,0.0,23.0,40.0,2,Bakery,Bread,DailyBake,45.0,30.0,5,Express,Mumbai,3500,1200,21.1,7.1,0,0,0,0,1
2026-06-27,S01,P002,Artisanal White Bread 400g,23.0,40.5,0.1,1,23.0,0.0,0.0,40.0,2,Bakery,Bread,DailyBake,45.0,30.0,5,Express,Mumbai,3500,1200,22.6,0.2,0,0,1,0,1
2026-06-28,S01,P002,Artisanal White Bread 400g,36.0,38.25,0.15,1,168.0,168.0,132.0,40.0,2,Bakery,Bread,DailyBake,45.0,30.0,5,Express,Mumbai,3500,1200,19.9,7.4,0,0,1,0,1
2026-06-29,S01,P002,Artisanal White Bread 400g,24.0,45.0,0.0,0,132.0,0.0,108.0,40.0,2,Bakery,Bread,DailyBake,45.0,30.0,5,Express,Mumbai,3500,1200,22.8,4.1,0,0,0,1,1
2026-01-01,S01,P003,Sparkling Soda 500ml,41.0,35.0,0.0,0,210.0,0.0,169.0,70.0,3,Beverages,Cold Drinks,FizzPop,35.0,20.0,180,Express,Mumbai,3500,1200,19.0,0.7,1,0,0,0,1
2026-01-02,S01,P003,Sparkling Soda 500ml,47.0,35.0,0.0,0,169.0,0.0,122.0,70.0,3,Beverages,Cold Drinks,FizzPop,35.0,20.0,180,Express,Mumbai,3500,1200,20.1,0.4,0,0,0,0,1
2026-01-03,S01,P003,Sparkling Soda 500ml,68.0,35.0,0.0,0,122.0,0.0,54.0,70.0,3,Beverages,Cold Drinks,FizzPop,35.0,20.0,180,Express,Mumbai,3500,1200,19.2,0.1,0,0,1,0,1
2026-01-04,S01,P003,Sparkling Soda 500ml,54.0,35.0,0.0,0,54.0,0.0,0.0,70.0,3,Beverages,Cold Drinks,FizzPop,35.0,20.0,180,Express,Mumbai,3500,1200,23.8,0.4,0,0,1,0,1
2026-01-05,S01,P003,Sparkling Soda 500ml,0.0,35.0,0.0,0,0.0,0.0,0.0,70.0,3,Beverages,Cold Drinks,FizzPop,35.0,20.0,180,Express,Mumbai,3500,1200,23.5,0.0,0,0,0,0,1
2026-01-06,S01,P003,Sparkling Soda 500ml,40.0,35.0,0.0,0,308.0,308.0,268.0,70.0,3,Beverages,Cold Drinks,FizzPop,35.0,20.0,180,Express,Mumbai,3500,1200,22.7,0.3,0,0,0,0,1
2026-01-07,S01,P003,Sparkling Soda 500ml,49.0,35.0,0.0,0,268.0,0.0,219.0,70.0,3,Beverages,Cold Drinks,FizzPop,35.0,20.0,180,Express,Mumbai,3500,1200,23.8,0.3,0,0,0,0,1
2026-01-08,S01,P003,Sparkling Soda 500ml,44.0,35.0,0.0,0,219.0,0.0,175.0,70.0,3,Beverages,Cold Drinks,FizzPop,35.0,20.0,180,Express,Mumbai,3500,1200,21.7,0.4,0,0,0,0,1
2026-01-09,S01,P003,Sparkling Soda 500ml,40.0,35.0,0.0,0,175.0,0.0,135.0,70.0,3,Beverages,Cold Drinks,FizzPop,35.0,20.0,180,Express,Mumbai,3500,1200,21.9,0.1,0,0,0,0,1
2026-01-10,S01,P003,Sparkling Soda 500ml,60.0,35.0,0.0,0,135.0,0.0,75.0,70.0,3,Beverages,Cold Drinks,FizzPop,35.0,20.0,180,Express,Mumbai,3500,1200,20.5,1.1,0,0,1,0,1
2026-01-11,S01,P003,Sparkling Soda 500ml,48.0,35.0,0.0,0,75.0,0.0,27.0,70.0,3,Beverages,Cold Drinks,FizzPop,35.0,20.0,180,Express,Mumbai,3500,1200,22.9,2.1,0,0,1,0,1
2026-01-12,S01,P003,Sparkling Soda 500ml,27.0,35.0,0.0,0,27.0,0.0,0.0,70.0,3,Beverages,Cold Drinks,FizzPop,35.0,20.0,180,Express,Mumbai,3500,1200,23.5,1.2,0,0,0,1,1
2026-01-13,S01,P003,Sparkling Soda 500ml,0.0,35.0,0.0,0,0.0,0.0,0.0,70.0,3,Beverages,Cold Drinks,FizzPop,35.0,20.0,180,Express,Mumbai,3500,1200,24.4,0.9,0,0,0,0,1
2026-01-14,S01,P003,Sparkling Soda 500ml,45.0,35.0,0.0,0,308.0,308.0,263.0,70.0,3,Beverages,Cold Drinks,FizzPop,35.0,20.0,180,Express,Mumbai,3500,1200,20.2,0.8,0,0,0,0,1
2026-01-15,S01,P003,Sparkling Soda 500ml,51.0,35.0,0.0,0,263.0,0.0,212.0,70.0,3,Beverages,Cold Drinks,FizzPop,35.0,20.0,180,Express,Mumbai,3500,1200,23.1,1.2,0,0,0,0,1
2026-01-16,S01,P003,Sparkling Soda 500ml,47.0,35.0,0.0,0,212.0,0.0,165.0,70.0,3,Beverages,Cold Drinks,FizzPop,35.0,20.0,180,Express,Mumbai,3500,1200,26.1,0.2,0,0,0,0,1
2026-01-17,S01,P003,Sparkling Soda 500ml,57.0,35.0,0.0,0,165.0,0.0,108.0,70.0,3,Beverages,Cold Drinks,FizzPop,35.0,20.0,180,Express,Mumbai,3500,1200,23.6,0.1,0,0,1,0,1
2026-01-18,S01,P003,Sparkling Soda 500ml,70.0,28.0,0.2,1,108.0,0.0,38.0,70.0,3,Beverages,Cold Drinks,FizzPop,35.0,20.0,180,Express,Mumbai,3500,1200,24.0,0.5,0,0,1,0,1
2026-01-19,S01,P003,Sparkling Soda 500ml,38.0,35.0,0.0,0,38.0,0.0,0.0,70.0,3,Beverages,Cold Drinks,FizzPop,35.0,20.0,180,Express,Mumbai,3500,1200,22.9,2.2,0,0,0,0,1
2026-01-20,S01,P003,Sparkling Soda 500ml,0.0,35.0,0.0,0,0.0,0.0,0.0,70.0,3,Beverages,Cold Drinks,FizzPop,35.0,20.0,180,Express,Mumbai,3500,1200,22.9,2.9,0,0,0,0,1
2026-01-21,S01,P003,Sparkling Soda 500ml,54.0,28.0,0.2,1,308.0,308.0,254.0,70.0,3,Beverages,Cold Drinks,FizzPop,35.0,20.0,180,Express,Mumbai,3500,1200,25.6,0.0,0,0,0,0,1
2026-01-22,S01,P003,Sparkling Soda 500ml,42.0,35.0,0.0,0,254.0,0.0,212.0,70.0,3,Beverages,Cold Drinks,FizzPop,35.0,20.0,180,Express,Mumbai,3500,1200,25.3,0.1,0,0,0,0,1
2026-01-23,S01,P003,Sparkling Soda 500ml,55.0,35.0,0.0,0,212.0,0.0,157.0,70.0,3,Beverages,Cold Drinks,FizzPop,35.0,20.0,180,Express,Mumbai,3500,1200,28.7,0.2,0,0,0,0,1
2026-01-24,S01,P003,Sparkling Soda 500ml,55.0,35.0,0.0,0,157.0,0.0,102.0,70.0,3,Beverages,Cold Drinks,FizzPop,35.0,20.0,180,Express,Mumbai,3500,1200,21.0,0.3,0,0,1,0,1
2026-01-25,S01,P003,Sparkling Soda 500ml,53.0,35.0,0.0,1,102.0,0.0,49.0,70.0,3,Beverages,Cold Drinks,FizzPop,35.0,20.0,180,Express,Mumbai,3500,1200,26.4,0.9,0,0,1,0,1
2026-01-26,S01,P003,Sparkling Soda 500ml,49.0,35.0,0.0,0,49.0,0.0,0.0,70.0,3,Beverages,Cold Drinks,FizzPop,35.0,20.0,180,Express,Mumbai,3500,1200,26.0,0.1,1,1,0,0,1
2026-01-27,S01,P003,Sparkling Soda 500ml,0.0,35.0,0.0,0,0.0,0.0,0.0,70.0,3,Beverages,Cold Drinks,FizzPop,35.0,20.0,180,Express,Mumbai,3500,1200,28.8,0.8,0,0,0,0,1
2026-01-28,S01,P003,Sparkling Soda 500ml,40.0,35.0,0.0,0,308.0,308.0,268.0,70.0,3,Beverages,Cold Drinks,FizzPop,35.0,20.0,180,Express,Mumbai,3500,1200,25.1,0.0,0,0,0,0,1
2026-01-29,S01,P003,Sparkling Soda 500ml,42.0,35.0,0.0,0,268.0,0.0,226.0,70.0,3,Beverages,Cold Drinks,FizzPop,35.0,20.0,180,Express,Mumbai,3500,1200,27.6,0.1,0,0,0,0,1
2026-01-30,S01,P003,Sparkling Soda 500ml,52.0,35.0,0.0,0,226.0,0.0,174.0,70.0,3,Beverages,Cold Drinks,FizzPop,35.0,20.0,180,Express,Mumbai,3500,1200,24.9,0.7,0,0,0,0,1
2026-01-31,S01,P003,Sparkling Soda 500ml,82.0,29.75,0.15,1,174.0,0.0,92.0,70.0,3,Beverages,Cold Drinks,FizzPop,35.0,20.0,180,Express,Mumbai,3500,1200,26.6,1.0,0,0,1,0,1
2026-02-01,S01,P003,Sparkling Soda 500ml,43.0,35.0,0.0,0,92.0,0.0,49.0,70.0,3,Beverages,Cold Drinks,FizzPop,35.0,20.0,180,Express,Mumbai,3500,1200,22.8,1.0,0,0,1,0,1
2026-02-02,S01,P003,Sparkling Soda 500ml,44.0,35.0,0.0,0,49.0,0.0,5.0,70.0,3,Beverages,Cold Drinks,FizzPop,35.0,20.0,180,Express,Mumbai,3500,1200,25.2,0.7,0,0,0,0,1
2026-02-03,S01,P003,Sparkling Soda 500ml,5.0,35.0,0.0,0,5.0,0.0,0.0,70.0,3,Beverages,Cold Drinks,FizzPop,35.0,20.0,180,Express,Mumbai,3500,1200,25.5,1.2,0,0,0,0,1
2026-02-04,S01,P003,Sparkling Soda 500ml,50.0,35.0,0.0,0,308.0,308.0,258.0,70.0,3,Beverages,Cold Drinks,FizzPop,35.0,20.0,180,Express,Mumbai,3500,1200,24.7,0.9,0,0,0,0,1
2026-02-05,S01,P003,Sparkling Soda 500ml,48.0,31.5,0.1,1,258.0,0.0,210.0,70.0,3,Beverages,Cold Drinks,FizzPop,35.0,20.0,180,Express,Mumbai,3500,1200,27.3,0.4,0,0,0,0,1
2026-02-06,S01,P003,Sparkling Soda 500ml,47.0,35.0,0.0,1,210.0,0.0,163.0,70.0,3,Beverages,Cold Drinks,FizzPop,35.0,20.0,180,Express,Mumbai,3500,1200,23.4,0.9,0,0,0,1,1
2026-02-07,S01,P003,Sparkling Soda 500ml,86.0,35.0,0.0,0,163.0,0.0,77.0,70.0,3,Beverages,Cold Drinks,FizzPop,35.0,20.0,180,Express,Mumbai,3500,1200,28.8,1.1,0,0,1,0,1
2026-02-08,S01,P003,Sparkling Soda 500ml,66.0,35.0,0.0,0,77.0,0.0,11.0,70.0,3,Beverages,Cold Drinks,FizzPop,35.0,20.0,180,Express,Mumbai,3500,1200,28.4,0.0,0,0,1,0,1
2026-02-09,S01,P003,Sparkling Soda 500ml,11.0,35.0,0.0,0,11.0,0.0,0.0,70.0,3,Beverages,Cold Drinks,FizzPop,35.0,20.0,180,Express,Mumbai,3500,1200,27.2,0.0,0,0,0,0,1
2026-02-10,S01,P003,Sparkling Soda 500ml,0.0,35.0,0.0,0,0.0,0.0,0.0,70.0,3,Beverages,Cold Drinks,FizzPop,35.0,20.0,180,Express,Mumbai,3500,1200,27.7,0.9,0,0,0,0,1
2026-02-11,S01,P003,Sparkling Soda 500ml,48.0,35.0,0.0,0,308.0,308.0,260.0,70.0,3,Beverages,Cold Drinks,FizzPop,35.0,20.0,180,Express,Mumbai,3500,1200,21.9,0.2,0,0,0,0,1
2026-02-12,S01,P003,Sparkling Soda 500ml,54.0,35.0,0.0,0,260.0,0.0,206.0,70.0,3,Beverages,Cold Drinks,FizzPop,35.0,20.0,180,Express,Mumbai,3500,1200,29.2,0.3,0,0,0,0,1
2026-02-13,S01,P003,Sparkling Soda 500ml,58.0,35.0,0.0,0,206.0,0.0,148.0,70.0,3,Beverages,Cold Drinks,FizzPop,35.0,20.0,180,Express,Mumbai,3500,1200,30.8,0.1,0,0,0,0,1
2026-02-14,S01,P003,Sparkling Soda 500ml,42.0,35.0,0.0,0,148.0,0.0,106.0,70.0,3,Beverages,Cold Drinks,FizzPop,35.0,20.0,180,Express,Mumbai,3500,1200,27.1,0.5,0,0,1,0,1
2026-02-15,S01,P003,Sparkling Soda 500ml,71.0,35.0,0.0,1,106.0,0.0,35.0,70.0,3,Beverages,Cold Drinks,FizzPop,35.0,20.0,180,Express,Mumbai,3500,1200,27.8,0.5,0,0,1,0,1
2026-02-16,S01,P003,Sparkling Soda 500ml,35.0,35.0,0.0,0,35.0,0.0,0.0,70.0,3,Beverages,Cold Drinks,FizzPop,35.0,20.0,180,Express,Mumbai,3500,1200,28.0,1.2,0,0,0,1,1
2026-02-17,S01,P003,Sparkling Soda 500ml,0.0,35.0,0.0,0,0.0,0.0,0.0,70.0,3,Beverages,Cold Drinks,FizzPop,35.0,20.0,180,Express,Mumbai,3500,1200,25.1,0.5,0,0,0,0,1
2026-02-18,S01,P003,Sparkling Soda 500ml,48.0,35.0,0.0,0,308.0,308.0,260.0,70.0,3,Beverages,Cold Drinks,FizzPop,35.0,20.0,180,Express,Mumbai,3500,1200,32.9,0.4,0,0,0,0,1
2026-02-19,S01,P003,Sparkling Soda 500ml,55.0,35.0,0.0,0,260.0,0.0,205.0,70.0,3,Beverages,Cold Drinks,FizzPop,35.0,20.0,180,Express,Mumbai,3500,1200,28.7,0.2,0,0,0,1,1
2026-02-20,S01,P003,Sparkling Soda 500ml,37.0,35.0,0.0,0,205.0,0.0,168.0,70.0,3,Beverages,Cold Drinks,FizzPop,35.0,20.0,180,Express,Mumbai,3500,1200,27.2,0.0,0,0,0,0,1
2026-02-21,S01,P003,Sparkling Soda 500ml,66.0,35.0,0.0,0,168.0,0.0,102.0,70.0,3,Beverages,Cold Drinks,FizzPop,35.0,20.0,180,Express,Mumbai,3500,1200,29.9,0.4,0,0,1,0,1
2026-02-22,S01,P003,Sparkling Soda 500ml,66.0,35.0,0.0,0,102.0,0.0,36.0,70.0,3,Beverages,Cold Drinks,FizzPop,35.0,20.0,180,Express,Mumbai,3500,1200,28.2,1.3,0,0,1,0,1
2026-02-23,S01,P003,Sparkling Soda 500ml,36.0,35.0,0.0,0,36.0,0.0,0.0,70.0,3,Beverages,Cold Drinks,FizzPop,35.0,20.0,180,Express,Mumbai,3500,1200,29.6,0.6,0,0,0,0,1
2026-02-24,S01,P003,Sparkling Soda 500ml,0.0,35.0,0.0,0,0.0,0.0,0.0,70.0,3,Beverages,Cold Drinks,FizzPop,35.0,20.0,180,Express,Mumbai,3500,1200,30.6,1.5,0,0,0,0,1
2026-02-25,S01,P003,Sparkling Soda 500ml,47.0,35.0,0.0,0,308.0,308.0,261.0,70.0,3,Beverages,Cold Drinks,FizzPop,35.0,20.0,180,Express,Mumbai,3500,1200,27.8,0.5,0,0,0,0,1
2026-02-26,S01,P003,Sparkling Soda 500ml,48.0,35.0,0.0,0,261.0,0.0,213.0,70.0,3,Beverages,Cold Drinks,FizzPop,35.0,20.0,180,Express,Mumbai,3500,1200,29.0,0.4,0,0,0,0,1
2026-02-27,S01,P003,Sparkling Soda 500ml,48.0,35.0,0.0,0,213.0,0.0,165.0,70.0,3,Beverages,Cold Drinks,FizzPop,35.0,20.0,180,Express,Mumbai,3500,1200,31.0,0.3,0,0,0,0,1
2026-02-28,S01,P003,Sparkling Soda 500ml,79.0,35.0,0.0,1,165.0,0.0,86.0,70.0,3,Beverages,Cold Drinks,FizzPop,35.0,20.0,180,Express,Mumbai,3500,1200,29.3,0.3,0,0,1,0,1
2026-03-01,S01,P003,Sparkling Soda 500ml,77.0,35.0,0.0,0,86.0,0.0,9.0,70.0,3,Beverages,Cold Drinks,FizzPop,35.0,20.0,180,Express,Mumbai,3500,1200,29.6,0.1,0,0,1,0,1
2026-03-02,S01,P003,Sparkling Soda 500ml,9.0,35.0,0.0,0,9.0,0.0,0.0,70.0,3,Beverages,Cold Drinks,FizzPop,35.0,20.0,180,Express,Mumbai,3500,1200,26.7,0.0,0,0,0,0,1
2026-03-03,S01,P003,Sparkling Soda 500ml,0.0,35.0,0.0,1,0.0,0.0,0.0,70.0,3,Beverages,Cold Drinks,FizzPop,35.0,20.0,180,Express,Mumbai,3500,1200,34.4,0.0,0,0,0,0,1
2026-03-04,S01,P003,Sparkling Soda 500ml,52.0,35.0,0.0,0,308.0,308.0,256.0,70.0,3,Beverages,Cold Drinks,FizzPop,35.0,20.0,180,Express,Mumbai,3500,1200,31.7,0.0,0,0,0,0,1
2026-03-05,S01,P003,Sparkling Soda 500ml,43.0,35.0,0.0,0,256.0,0.0,213.0,70.0,3,Beverages,Cold Drinks,FizzPop,35.0,20.0,180,Express,Mumbai,3500,1200,27.7,0.4,0,0,0,0,1
2026-03-06,S01,P003,Sparkling Soda 500ml,44.0,35.0,0.0,0,213.0,0.0,169.0,70.0,3,Beverages,Cold Drinks,FizzPop,35.0,20.0,180,Express,Mumbai,3500,1200,28.1,0.3,0,0,0,0,1
2026-03-07,S01,P003,Sparkling Soda 500ml,68.0,35.0,0.0,0,169.0,0.0,101.0,70.0,3,Beverages,Cold Drinks,FizzPop,35.0,20.0,180,Express,Mumbai,3500,1200,29.1,0.4,0,0,1,0,1
2026-03-08,S01,P003,Sparkling Soda 500ml,101.0,35.0,0.0,0,101.0,0.0,0.0,70.0,3,Beverages,Cold Drinks,FizzPop,35.0,20.0,180,Express,Mumbai,3500,1200,28.5,0.7,0,1,1,0,1
2026-03-09,S01,P003,Sparkling Soda 500ml,0.0,35.0,0.0,0,0.0,0.0,0.0,70.0,3,Beverages,Cold Drinks,FizzPop,35.0,20.0,180,Express,Mumbai,3500,1200,24.7,0.0,0,0,0,0,1
2026-03-10,S01,P003,Sparkling Soda 500ml,0.0,35.0,0.0,0,0.0,0.0,0.0,70.0,3,Beverages,Cold Drinks,FizzPop,35.0,20.0,180,Express,Mumbai,3500,1200,27.7,0.9,0,0,0,0,1
2026-03-11,S01,P003,Sparkling Soda 500ml,66.0,35.0,0.0,0,308.0,308.0,242.0,70.0,3,Beverages,Cold Drinks,FizzPop,35.0,20.0,180,Express,Mumbai,3500,1200,32.5,0.1,0,0,0,0,1
2026-03-12,S01,P003,Sparkling Soda 500ml,45.0,35.0,0.0,0,242.0,0.0,197.0,70.0,3,Beverages,Cold Drinks,FizzPop,35.0,20.0,180,Express,Mumbai,3500,1200,27.3,0.1,0,0,0,0,1
2026-03-13,S01,P003,Sparkling Soda 500ml,36.0,35.0,0.0,1,197.0,0.0,161.0,70.0,3,Beverages,Cold Drinks,FizzPop,35.0,20.0,180,Express,Mumbai,3500,1200,26.0,0.2,0,0,0,0,1
2026-03-14,S01,P003,Sparkling Soda 500ml,73.0,35.0,0.0,0,161.0,0.0,88.0,70.0,3,Beverages,Cold Drinks,FizzPop,35.0,20.0,180,Express,Mumbai,3500,1200,29.4,1.1,0,0,1,0,1
2026-03-15,S01,P003,Sparkling Soda 500ml,75.0,35.0,0.0,0,88.0,0.0,13.0,70.0,3,Beverages,Cold Drinks,FizzPop,35.0,20.0,180,Express,Mumbai,3500,1200,29.4,0.2,0,0,1,0,1
2026-03-16,S01,P003,Sparkling Soda 500ml,13.0,35.0,0.0,0,13.0,0.0,0.0,70.0,3,Beverages,Cold Drinks,FizzPop,35.0,20.0,180,Express,Mumbai,3500,1200,30.1,0.4,0,0,0,0,1
2026-03-17,S01,P003,Sparkling Soda 500ml,0.0,35.0,0.0,0,0.0,0.0,0.0,70.0,3,Beverages,Cold Drinks,FizzPop,35.0,20.0,180,Express,Mumbai,3500,1200,26.1,0.2,0,0,0,0,1
2026-03-18,S01,P003,Sparkling Soda 500ml,39.0,35.0,0.0,0,308.0,308.0,269.0,70.0,3,Beverages,Cold Drinks,FizzPop,35.0,20.0,180,Express,Mumbai,3500,1200,27.2,1.7,0,0,0,0,1
2026-03-19,S01,P003,Sparkling Soda 500ml,45.0,35.0,0.0,0,269.0,0.0,224.0,70.0,3,Beverages,Cold Drinks,FizzPop,35.0,20.0,180,Express,Mumbai,3500,1200,27.6,0.3,0,0,0,0,1
2026-03-20,S01,P003,Sparkling Soda 500ml,58.0,35.0,0.0,0,224.0,0.0,166.0,70.0,3,Beverages,Cold Drinks,FizzPop,35.0,20.0,180,Express,Mumbai,3500,1200,30.4,0.4,0,0,0,0,1
2026-03-21,S01,P003,Sparkling Soda 500ml,70.0,35.0,0.0,0,166.0,0.0,96.0,70.0,3,Beverages,Cold Drinks,FizzPop,35.0,20.0,180,Express,Mumbai,3500,1200,28.9,0.3,0,0,1,0,1
2026-03-22,S01,P003,Sparkling Soda 500ml,96.0,29.75,0.15,1,96.0,0.0,0.0,70.0,3,Beverages,Cold Drinks,FizzPop,35.0,20.0,180,Express,Mumbai,3500,1200,30.4,1.0,0,0,1,0,1
2026-03-23,S01,P003,Sparkling Soda 500ml,0.0,31.5,0.1,1,0.0,0.0,0.0,70.0,3,Beverages,Cold Drinks,FizzPop,35.0,20.0,180,Express,Mumbai,3500,1200,30.2,0.3,0,0,0,0,1
2026-03-24,S01,P003,Sparkling Soda 500ml,0.0,35.0,0.0,0,0.0,0.0,0.0,70.0,3,Beverages,Cold Drinks,FizzPop,35.0,20.0,180,Express,Mumbai,3500,1200,30.7,0.3,0,0,0,0,1
2026-03-25,S01,P003,Sparkling Soda 500ml,63.0,35.0,0.0,0,308.0,308.0,245.0,70.0,3,Beverages,Cold Drinks,FizzPop,35.0,20.0,180,Express,Mumbai,3500,1200,27.0,0.1,0,1,0,0,1
2026-03-26,S01,P003,Sparkling Soda 500ml,61.0,35.0,0.0,0,245.0,0.0,184.0,70.0,3,Beverages,Cold Drinks,FizzPop,35.0,20.0,180,Express,Mumbai,3500,1200,25.7,0.4,0,0,0,0,1
2026-03-27,S01,P003,Sparkling Soda 500ml,51.0,35.0,0.0,0,184.0,0.0,133.0,70.0,3,Beverages,Cold Drinks,FizzPop,35.0,20.0,180,Express,Mumbai,3500,1200,32.4,0.7,0,0,0,0,1
2026-03-28,S01,P003,Sparkling Soda 500ml,70.0,35.0,0.0,0,133.0,0.0,63.0,70.0,3,Beverages,Cold Drinks,FizzPop,35.0,20.0,180,Express,Mumbai,3500,1200,29.6,1.0,0,0,1,0,1
2026-03-29,S01,P003,Sparkling Soda 500ml,63.0,35.0,0.0,0,63.0,0.0,0.0,70.0,3,Beverages,Cold Drinks,FizzPop,35.0,20.0,180,Express,Mumbai,3500,1200,29.7,0.4,0,0,1,0,1
2026-03-30,S01,P003,Sparkling Soda 500ml,0.0,35.0,0.0,0,0.0,0.0,0.0,70.0,3,Beverages,Cold Drinks,FizzPop,35.0,20.0,180,Express,Mumbai,3500,1200,30.0,0.6,0,0,0,0,1
2026-03-31,S01,P003,Sparkling Soda 500ml,48.0,35.0,0.0,0,308.0,308.0,260.0,70.0,3,Beverages,Cold Drinks,FizzPop,35.0,20.0,180,Express,Mumbai,3500,1200,29.2,0.2,0,0,0,0,1
2026-04-01,S01,P003,Sparkling Soda 500ml,56.0,35.0,0.0,1,260.0,0.0,204.0,70.0,3,Beverages,Cold Drinks,FizzPop,35.0,20.0,180,Express,Mumbai,3500,1200,31.9,0.2,0,0,0,0,1
2026-04-02,S01,P003,Sparkling Soda 500ml,54.0,35.0,0.0,0,204.0,0.0,150.0,70.0,3,Beverages,Cold Drinks,FizzPop,35.0,20.0,180,Express,Mumbai,3500,1200,28.8,0.0,0,0,0,0,1
2026-04-03,S01,P003,Sparkling Soda 500ml,68.0,29.75,0.15,1,150.0,0.0,82.0,70.0,3,Beverages,Cold Drinks,FizzPop,35.0,20.0,180,Express,Mumbai,3500,1200,30.4,0.6,0,0,0,0,1
2026-04-04,S01,P003,Sparkling Soda 500ml,82.0,29.75,0.15,1,82.0,0.0,0.0,70.0,3,Beverages,Cold Drinks,FizzPop,35.0,20.0,180,Express,Mumbai,3500,1200,29.7,0.3,0,0,1,0,1
2026-04-05,S01,P003,Sparkling Soda 500ml,0.0,29.75,0.15,1,0.0,0.0,0.0,70.0,3,Beverages,Cold Drinks,FizzPop,35.0,20.0,180,Express,Mumbai,3500,1200,32.2,0.6,0,0,1,0,1
2026-04-06,S01,P003,Sparkling Soda 500ml,0.0,35.0,0.0,0,0.0,0.0,0.0,70.0,3,Beverages,Cold Drinks,FizzPop,35.0,20.0,180,Express,Mumbai,3500,1200,29.0,0.3,0,0,0,0,1
2026-04-07,S01,P003,Sparkling Soda 500ml,40.0,35.0,0.0,0,308.0,308.0,268.0,70.0,3,Beverages,Cold Drinks,FizzPop,35.0,20.0,180,Express,Mumbai,3500,1200,26.7,0.1,0,0,0,0,1
2026-04-08,S01,P003,Sparkling Soda 500ml,57.0,35.0,0.0,0,268.0,0.0,211.0,70.0,3,Beverages,Cold Drinks,FizzPop,35.0,20.0,180,Express,Mumbai,3500,1200,29.6,1.2,0,0,0,0,1
2026-04-09,S01,P003,Sparkling Soda 500ml,45.0,35.0,0.0,0,211.0,0.0,166.0,70.0,3,Beverages,Cold Drinks,FizzPop,35.0,20.0,180,Express,Mumbai,3500,1200,31.2,1.9,0,0,0,0,1
2026-04-10,S01,P003,Sparkling Soda 500ml,55.0,35.0,0.0,0,166.0,0.0,111.0,70.0,3,Beverages,Cold Drinks,FizzPop,35.0,20.0,180,Express,Mumbai,3500,1200,28.2,1.1,0,0,0,0,1
2026-04-11,S01,P003,Sparkling Soda 500ml,82.0,35.0,0.0,0,111.0,0.0,29.0,70.0,3,Beverages,Cold Drinks,FizzPop,35.0,20.0,180,Express,Mumbai,3500,1200,33.5,0.0,0,0,1,0,1
2026-04-12,S01,P003,Sparkling Soda 500ml,29.0,35.0,0.0,0,29.0,0.0,0.0,70.0,3,Beverages,Cold Drinks,FizzPop,35.0,20.0,180,Express,Mumbai,3500,1200,31.6,0.8,0,0,1,0,1
2026-04-13,S01,P003,Sparkling Soda 500ml,0.0,35.0,0.0,0,0.0,0.0,0.0,70.0,3,Beverages,Cold Drinks,FizzPop,35.0,20.0,180,Express,Mumbai,3500,1200,30.6,0.2,0,0,0,0,1
2026-04-14,S01,P003,Sparkling Soda 500ml,47.0,35.0,0.0,0,308.0,308.0,261.0,70.0,3,Beverages,Cold Drinks,FizzPop,35.0,20.0,180,Express,Mumbai,3500,1200,30.5,0.0,1,0,0,0,1
2026-04-15,S01,P003,Sparkling Soda 500ml,53.0,35.0,0.0,0,261.0,0.0,208.0,70.0,3,Beverages,Cold Drinks,FizzPop,35.0,20.0,180,Express,Mumbai,3500,1200,29.8,0.0,0,0,0,0,1
2026-04-16,S01,P003,Sparkling Soda 500ml,50.0,35.0,0.0,0,208.0,0.0,158.0,70.0,3,Beverages,Cold Drinks,FizzPop,35.0,20.0,180,Express,Mumbai,3500,1200,28.0,0.1,0,0,0,0,1
2026-04-17,S01,P003,Sparkling Soda 500ml,58.0,35.0,0.0,0,158.0,0.0,100.0,70.0,3,Beverages,Cold Drinks,FizzPop,35.0,20.0,180,Express,Mumbai,3500,1200,28.8,0.8,0,0,0,0,1
2026-04-18,S01,P003,Sparkling Soda 500ml,92.0,31.5,0.1,1,100.0,0.0,8.0,70.0,3,Beverages,Cold Drinks,FizzPop,35.0,20.0,180,Express,Mumbai,3500,1200,29.2,1.7,0,0,1,0,1
2026-04-19,S01,P003,Sparkling Soda 500ml,8.0,35.0,0.0,0,8.0,0.0,0.0,70.0,3,Beverages,Cold Drinks,FizzPop,35.0,20.0,180,Express,Mumbai,3500,1200,31.1,0.9,0,0,1,1,1
2026-04-20,S01,P003,Sparkling Soda 500ml,0.0,35.0,0.0,0,0.0,0.0,0.0,70.0,3,Beverages,Cold Drinks,FizzPop,35.0,20.0,180,Express,Mumbai,3500,1200,30.7,0.1,0,0,0,0,1
2026-04-21,S01,P003,Sparkling Soda 500ml,54.0,35.0,0.0,0,308.0,308.0,254.0,70.0,3,Beverages,Cold Drinks,FizzPop,35.0,20.0,180,Express,Mumbai,3500,1200,30.3,0.2,0,0,0,0,1
2026-04-22,S01,P003,Sparkling Soda 500ml,44.0,35.0,0.0,0,254.0,0.0,210.0,70.0,3,Beverages,Cold Drinks,FizzPop,35.0,20.0,180,Express,Mumbai,3500,1200,24.6,1.0,0,0,0,0,1
2026-04-23,S01,P003,Sparkling Soda 500ml,57.0,35.0,0.0,0,210.0,0.0,153.0,70.0,3,Beverages,Cold Drinks,FizzPop,35.0,20.0,180,Express,Mumbai,3500,1200,32.0,0.0,0,0,0,0,1
2026-04-24,S01,P003,Sparkling Soda 500ml,51.0,35.0,0.0,0,153.0,0.0,102.0,70.0,3,Beverages,Cold Drinks,FizzPop,35.0,20.0,180,Express,Mumbai,3500,1200,25.1,0.6,0,0,0,0,1
2026-04-25,S01,P003,Sparkling Soda 500ml,82.0,35.0,0.0,0,102.0,0.0,20.0,70.0,3,Beverages,Cold Drinks,FizzPop,35.0,20.0,180,Express,Mumbai,3500,1200,31.0,0.8,0,0,1,0,1
2026-04-26,S01,P003,Sparkling Soda 500ml,20.0,35.0,0.0,0,20.0,0.0,0.0,70.0,3,Beverages,Cold Drinks,FizzPop,35.0,20.0,180,Express,Mumbai,3500,1200,30.6,0.1,0,0,1,1,1
2026-04-27,S01,P003,Sparkling Soda 500ml,0.0,35.0,0.0,0,0.0,0.0,0.0,70.0,3,Beverages,Cold Drinks,FizzPop,35.0,20.0,180,Express,Mumbai,3500,1200,29.5,0.3,0,0,0,0,1
2026-04-28,S01,P003,Sparkling Soda 500ml,51.0,35.0,0.0,0,308.0,308.0,257.0,70.0,3,Beverages,Cold Drinks,FizzPop,35.0,20.0,180,Express,Mumbai,3500,1200,29.4,0.9,0,0,0,0,1
2026-04-29,S01,P003,Sparkling Soda 500ml,49.0,35.0,0.0,0,257.0,0.0,208.0,70.0,3,Beverages,Cold Drinks,FizzPop,35.0,20.0,180,Express,Mumbai,3500,1200,29.7,0.1,0,0,0,0,1
2026-04-30,S01,P003,Sparkling Soda 500ml,53.0,35.0,0.0,0,208.0,0.0,155.0,70.0,3,Beverages,Cold Drinks,FizzPop,35.0,20.0,180,Express,Mumbai,3500,1200,29.4,0.0,0,0,0,0,1
2026-05-01,S01,P003,Sparkling Soda 500ml,89.0,35.0,0.0,0,155.0,0.0,66.0,70.0,3,Beverages,Cold Drinks,FizzPop,35.0,20.0,180,Express,Mumbai,3500,1200,28.5,0.6,1,1,0,0,1
2026-05-02,S01,P003,Sparkling Soda 500ml,66.0,35.0,0.0,0,66.0,0.0,0.0,70.0,3,Beverages,Cold Drinks,FizzPop,35.0,20.0,180,Express,Mumbai,3500,1200,31.7,0.3,0,0,1,1,1
2026-05-03,S01,P003,Sparkling Soda 500ml,0.0,35.0,0.0,0,0.0,0.0,0.0,70.0,3,Beverages,Cold Drinks,FizzPop,35.0,20.0,180,Express,Mumbai,3500,1200,27.3,0.2,0,0,1,0,1
2026-05-04,S01,P003,Sparkling Soda 500ml,40.0,35.0,0.0,0,308.0,308.0,268.0,70.0,3,Beverages,Cold Drinks,FizzPop,35.0,20.0,180,Express,Mumbai,3500,1200,25.0,0.2,0,0,0,0,1
2026-05-05,S01,P003,Sparkling Soda 500ml,65.0,35.0,0.0,0,268.0,0.0,203.0,70.0,3,Beverages,Cold Drinks,FizzPop,35.0,20.0,180,Express,Mumbai,3500,1200,30.6,0.4,0,0,0,0,1
2026-05-06,S01,P003,Sparkling Soda 500ml,58.0,35.0,0.0,0,203.0,0.0,145.0,70.0,3,Beverages,Cold Drinks,FizzPop,35.0,20.0,180,Express,Mumbai,3500,1200,29.3,0.4,0,0,0,0,1
2026-05-07,S01,P003,Sparkling Soda 500ml,40.0,35.0,0.0,0,145.0,0.0,105.0,70.0,3,Beverages,Cold Drinks,FizzPop,35.0,20.0,180,Express,Mumbai,3500,1200,26.7,0.1,0,0,0,0,1
2026-05-08,S01,P003,Sparkling Soda 500ml,77.0,28.0,0.2,1,105.0,0.0,28.0,70.0,3,Beverages,Cold Drinks,FizzPop,35.0,20.0,180,Express,Mumbai,3500,1200,28.8,0.3,0,0,0,0,1
2026-05-09,S01,P003,Sparkling Soda 500ml,28.0,35.0,0.0,0,28.0,0.0,0.0,70.0,3,Beverages,Cold Drinks,FizzPop,35.0,20.0,180,Express,Mumbai,3500,1200,29.4,0.0,0,0,1,0,1
2026-05-10,S01,P003,Sparkling Soda 500ml,0.0,35.0,0.0,0,0.0,0.0,0.0,70.0,3,Beverages,Cold Drinks,FizzPop,35.0,20.0,180,Express,Mumbai,3500,1200,27.5,0.5,0,0,1,0,1
2026-05-11,S01,P003,Sparkling Soda 500ml,50.0,35.0,0.0,0,308.0,308.0,258.0,70.0,3,Beverages,Cold Drinks,FizzPop,35.0,20.0,180,Express,Mumbai,3500,1200,28.9,0.5,0,0,0,0,1
2026-05-12,S01,P003,Sparkling Soda 500ml,37.0,35.0,0.0,0,258.0,0.0,221.0,70.0,3,Beverages,Cold Drinks,FizzPop,35.0,20.0,180,Express,Mumbai,3500,1200,26.5,1.2,0,0,0,0,1
2026-05-13,S01,P003,Sparkling Soda 500ml,57.0,35.0,0.0,1,221.0,0.0,164.0,70.0,3,Beverages,Cold Drinks,FizzPop,35.0,20.0,180,Express,Mumbai,3500,1200,28.7,0.0,0,0,0,0,1
2026-05-14,S01,P003,Sparkling Soda 500ml,40.0,35.0,0.0,0,164.0,0.0,124.0,70.0,3,Beverages,Cold Drinks,FizzPop,35.0,20.0,180,Express,Mumbai,3500,1200,24.6,0.7,0,0,0,0,1
2026-05-15,S01,P003,Sparkling Soda 500ml,55.0,35.0,0.0,0,124.0,0.0,69.0,70.0,3,Beverages,Cold Drinks,FizzPop,35.0,20.0,180,Express,Mumbai,3500,1200,28.1,1.3,0,0,0,0,1
2026-05-16,S01,P003,Sparkling Soda 500ml,50.0,35.0,0.0,0,69.0,0.0,19.0,70.0,3,Beverages,Cold Drinks,FizzPop,35.0,20.0,180,Express,Mumbai,3500,1200,27.4,0.4,0,0,1,0,1
2026-05-17,S01,P003,Sparkling Soda 500ml,19.0,35.0,0.0,0,19.0,0.0,0.0,70.0,3,Beverages,Cold Drinks,FizzPop,35.0,20.0,180,Express,Mumbai,3500,1200,28.2,0.1,0,0,1,0,1
2026-05-18,S01,P003,Sparkling Soda 500ml,46.0,35.0,0.0,0,308.0,308.0,262.0,70.0,3,Beverages,Cold Drinks,FizzPop,35.0,20.0,180,Express,Mumbai,3500,1200,30.8,0.1,0,0,0,0,1
2026-05-19,S01,P003,Sparkling Soda 500ml,52.0,35.0,0.0,0,262.0,0.0,210.0,70.0,3,Beverages,Cold Drinks,FizzPop,35.0,20.0,180,Express,Mumbai,3500,1200,28.5,0.4,0,0,0,0,1
2026-05-20,S01,P003,Sparkling Soda 500ml,51.0,35.0,0.0,0,210.0,0.0,159.0,70.0,3,Beverages,Cold Drinks,FizzPop,35.0,20.0,180,Express,Mumbai,3500,1200,25.7,0.6,0,0,0,0,1
2026-05-21,S01,P003,Sparkling Soda 500ml,46.0,35.0,0.0,0,159.0,0.0,113.0,70.0,3,Beverages,Cold Drinks,FizzPop,35.0,20.0,180,Express,Mumbai,3500,1200,27.1,1.0,0,0,0,0,1
2026-05-22,S01,P003,Sparkling Soda 500ml,36.0,35.0,0.0,0,113.0,0.0,77.0,70.0,3,Beverages,Cold Drinks,FizzPop,35.0,20.0,180,Express,Mumbai,3500,1200,26.7,0.8,0,0,0,0,1
2026-05-23,S01,P003,Sparkling Soda 500ml,67.0,35.0,0.0,0,77.0,0.0,10.0,70.0,3,Beverages,Cold Drinks,FizzPop,35.0,20.0,180,Express,Mumbai,3500,1200,27.6,0.9,0,0,1,0,1
2026-05-24,S01,P003,Sparkling Soda 500ml,10.0,35.0,0.0,0,10.0,0.0,0.0,70.0,3,Beverages,Cold Drinks,FizzPop,35.0,20.0,180,Express,Mumbai,3500,1200,29.7,0.0,0,0,1,0,1
2026-05-25,S01,P003,Sparkling Soda 500ml,0.0,35.0,0.0,0,0.0,0.0,0.0,70.0,3,Beverages,Cold Drinks,FizzPop,35.0,20.0,180,Express,Mumbai,3500,1200,29.6,0.1,0,0,0,0,1
2026-05-26,S01,P003,Sparkling Soda 500ml,44.0,35.0,0.0,0,308.0,308.0,264.0,70.0,3,Beverages,Cold Drinks,FizzPop,35.0,20.0,180,Express,Mumbai,3500,1200,33.7,0.3,0,0,0,0,1
2026-05-27,S01,P003,Sparkling Soda 500ml,42.0,35.0,0.0,0,264.0,0.0,222.0,70.0,3,Beverages,Cold Drinks,FizzPop,35.0,20.0,180,Express,Mumbai,3500,1200,23.2,0.5,0,0,0,0,1
2026-05-28,S01,P003,Sparkling Soda 500ml,53.0,35.0,0.0,0,222.0,0.0,169.0,70.0,3,Beverages,Cold Drinks,FizzPop,35.0,20.0,180,Express,Mumbai,3500,1200,22.8,0.9,0,0,0,0,1
2026-05-29,S01,P003,Sparkling Soda 500ml,47.0,35.0,0.0,0,169.0,0.0,122.0,70.0,3,Beverages,Cold Drinks,FizzPop,35.0,20.0,180,Express,Mumbai,3500,1200,27.3,0.1,0,0,0,0,1
2026-05-30,S01,P003,Sparkling Soda 500ml,64.0,35.0,0.0,0,122.0,0.0,58.0,70.0,3,Beverages,Cold Drinks,FizzPop,35.0,20.0,180,Express,Mumbai,3500,1200,24.1,0.3,0,0,1,0,1
2026-05-31,S01,P003,Sparkling Soda 500ml,58.0,29.75,0.15,1,58.0,0.0,0.0,70.0,3,Beverages,Cold Drinks,FizzPop,35.0,20.0,180,Express,Mumbai,3500,1200,22.5,0.9,0,0,1,0,1
2026-06-01,S01,P003,Sparkling Soda 500ml,0.0,35.0,0.0,0,0.0,0.0,0.0,70.0,3,Beverages,Cold Drinks,FizzPop,35.0,20.0,180,Express,Mumbai,3500,1200,28.8,3.2,0,0,0,0,1
2026-06-02,S01,P003,Sparkling Soda 500ml,46.0,35.0,0.0,0,308.0,308.0,262.0,70.0,3,Beverages,Cold Drinks,FizzPop,35.0,20.0,180,Express,Mumbai,3500,1200,23.4,2.0,0,0,0,0,1
2026-06-03,S01,P003,Sparkling Soda 500ml,48.0,35.0,0.0,0,262.0,0.0,214.0,70.0,3,Beverages,Cold Drinks,FizzPop,35.0,20.0,180,Express,Mumbai,3500,1200,25.8,2.6,0,0,0,0,1
2026-06-04,S01,P003,Sparkling Soda 500ml,46.0,35.0,0.0,0,214.0,0.0,168.0,70.0,3,Beverages,Cold Drinks,FizzPop,35.0,20.0,180,Express,Mumbai,3500,1200,28.1,7.4,0,0,0,0,1
2026-06-05,S01,P003,Sparkling Soda 500ml,50.0,35.0,0.0,0,168.0,0.0,118.0,70.0,3,Beverages,Cold Drinks,FizzPop,35.0,20.0,180,Express,Mumbai,3500,1200,25.7,1.7,0,0,0,0,1
2026-06-06,S01,P003,Sparkling Soda 500ml,56.0,35.0,0.0,0,118.0,0.0,62.0,70.0,3,Beverages,Cold Drinks,FizzPop,35.0,20.0,180,Express,Mumbai,3500,1200,26.1,0.0,0,0,1,1,1
2026-06-07,S01,P003,Sparkling Soda 500ml,52.0,35.0,0.0,0,62.0,0.0,10.0,70.0,3,Beverages,Cold Drinks,FizzPop,35.0,20.0,180,Express,Mumbai,3500,1200,23.8,1.8,0,0,1,0,1
2026-06-08,S01,P003,Sparkling Soda 500ml,10.0,35.0,0.0,0,10.0,0.0,0.0,70.0,3,Beverages,Cold Drinks,FizzPop,35.0,20.0,180,Express,Mumbai,3500,1200,26.5,6.8,0,0,0,1,1
2026-06-09,S01,P003,Sparkling Soda 500ml,38.0,35.0,0.0,0,308.0,308.0,270.0,70.0,3,Beverages,Cold Drinks,FizzPop,35.0,20.0,180,Express,Mumbai,3500,1200,22.9,6.2,0,0,0,0,1
2026-06-10,S01,P003,Sparkling Soda 500ml,43.0,35.0,0.0,0,270.0,0.0,227.0,70.0,3,Beverages,Cold Drinks,FizzPop,35.0,20.0,180,Express,Mumbai,3500,1200,26.5,8.2,0,0,0,0,1
2026-06-11,S01,P003,Sparkling Soda 500ml,44.0,29.75,0.15,1,227.0,0.0,183.0,70.0,3,Beverages,Cold Drinks,FizzPop,35.0,20.0,180,Express,Mumbai,3500,1200,27.7,5.4,0,0,0,0,1
2026-06-12,S01,P003,Sparkling Soda 500ml,45.0,35.0,0.0,0,183.0,0.0,138.0,70.0,3,Beverages,Cold Drinks,FizzPop,35.0,20.0,180,Express,Mumbai,3500,1200,21.1,5.0,0,0,0,0,1
2026-06-13,S01,P003,Sparkling Soda 500ml,63.0,35.0,0.0,0,138.0,0.0,75.0,70.0,3,Beverages,Cold Drinks,FizzPop,35.0,20.0,180,Express,Mumbai,3500,1200,24.8,0.7,0,0,1,0,1
2026-06-14,S01,P003,Sparkling Soda 500ml,63.0,35.0,0.0,0,75.0,0.0,12.0,70.0,3,Beverages,Cold Drinks,FizzPop,35.0,20.0,180,Express,Mumbai,3500,1200,22.7,18.0,0,0,1,0,1
2026-06-15,S01,P003,Sparkling Soda 500ml,12.0,35.0,0.0,0,12.0,0.0,0.0,70.0,3,Beverages,Cold Drinks,FizzPop,35.0,20.0,180,Express,Mumbai,3500,1200,23.7,0.7,0,1,0,0,1
2026-06-16,S01,P003,Sparkling Soda 500ml,0.0,35.0,0.0,0,0.0,0.0,0.0,70.0,3,Beverages,Cold Drinks,FizzPop,35.0,20.0,180,Express,Mumbai,3500,1200,23.4,5.5,0,0,0,0,1
2026-06-17,S01,P003,Sparkling Soda 500ml,50.0,35.0,0.0,0,308.0,308.0,258.0,70.0,3,Beverages,Cold Drinks,FizzPop,35.0,20.0,180,Express,Mumbai,3500,1200,25.5,2.9,0,0,0,0,1
2026-06-18,S01,P003,Sparkling Soda 500ml,26.0,35.0,0.0,0,258.0,0.0,232.0,70.0,3,Beverages,Cold Drinks,FizzPop,35.0,20.0,180,Express,Mumbai,3500,1200,26.4,2.4,0,0,0,0,1
2026-06-19,S01,P003,Sparkling Soda 500ml,46.0,35.0,0.0,0,232.0,0.0,186.0,70.0,3,Beverages,Cold Drinks,FizzPop,35.0,20.0,180,Express,Mumbai,3500,1200,22.9,8.0,0,0,0,1,1
2026-06-20,S01,P003,Sparkling Soda 500ml,53.0,35.0,0.0,0,186.0,0.0,133.0,70.0,3,Beverages,Cold Drinks,FizzPop,35.0,20.0,180,Express,Mumbai,3500,1200,23.8,3.5,0,0,1,0,1
2026-06-21,S01,P003,Sparkling Soda 500ml,69.0,35.0,0.0,0,133.0,0.0,64.0,70.0,3,Beverages,Cold Drinks,FizzPop,35.0,20.0,180,Express,Mumbai,3500,1200,18.8,1.8,0,0,1,0,1
2026-06-22,S01,P003,Sparkling Soda 500ml,45.0,35.0,0.0,0,64.0,0.0,19.0,70.0,3,Beverages,Cold Drinks,FizzPop,35.0,20.0,180,Express,Mumbai,3500,1200,23.7,5.7,0,0,0,0,1
2026-06-23,S01,P003,Sparkling Soda 500ml,19.0,35.0,0.0,0,19.0,0.0,0.0,70.0,3,Beverages,Cold Drinks,FizzPop,35.0,20.0,180,Express,Mumbai,3500,1200,23.2,0.4,0,0,0,0,1
2026-06-24,S01,P003,Sparkling Soda 500ml,48.0,35.0,0.0,0,308.0,308.0,260.0,70.0,3,Beverages,Cold Drinks,FizzPop,35.0,20.0,180,Express,Mumbai,3500,1200,20.3,0.9,0,0,0,0,1
2026-06-25,S01,P003,Sparkling Soda 500ml,42.0,35.0,0.0,0,260.0,0.0,218.0,70.0,3,Beverages,Cold Drinks,FizzPop,35.0,20.0,180,Express,Mumbai,3500,1200,20.4,2.7,0,0,0,1,1
2026-06-26,S01,P003,Sparkling Soda 500ml,49.0,35.0,0.0,0,218.0,0.0,169.0,70.0,3,Beverages,Cold Drinks,FizzPop,35.0,20.0,180,Express,Mumbai,3500,1200,23.3,1.4,0,0,0,0,1
2026-06-27,S01,P003,Sparkling Soda 500ml,51.0,35.0,0.0,0,169.0,0.0,118.0,70.0,3,Beverages,Cold Drinks,FizzPop,35.0,20.0,180,Express,Mumbai,3500,1200,25.1,0.4,0,0,1,0,1
2026-06-28,S01,P003,Sparkling Soda 500ml,62.0,35.0,0.0,0,118.0,0.0,56.0,70.0,3,Beverages,Cold Drinks,FizzPop,35.0,20.0,180,Express,Mumbai,3500,1200,21.4,7.6,0,0,1,0,1
2026-06-29,S01,P003,Sparkling Soda 500ml,50.0,31.5,0.1,1,56.0,0.0,6.0,70.0,3,Beverages,Cold Drinks,FizzPop,35.0,20.0,180,Express,Mumbai,3500,1200,22.3,18.9,0,0,0,0,1
2026-01-01,S01,P004,Basmati Premium Rice 5kg,11.0,450.0,0.0,0,90.0,0.0,79.0,30.0,5,Pantry,Grains,RoyalGrains,450.0,320.0,365,Express,Mumbai,3500,1200,25.2,0.6,1,0,0,0,1
2026-01-02,S01,P004,Basmati Premium Rice 5kg,11.0,450.0,0.0,0,79.0,0.0,68.0,30.0,5,Pantry,Grains,RoyalGrains,450.0,320.0,365,Express,Mumbai,3500,1200,19.3,0.1,0,0,0,0,1
2026-01-03,S01,P004,Basmati Premium Rice 5kg,14.0,450.0,0.0,0,68.0,0.0,54.0,30.0,5,Pantry,Grains,RoyalGrains,450.0,320.0,365,Express,Mumbai,3500,1200,24.3,1.7,0,0,1,0,1
2026-01-04,S01,P004,Basmati Premium Rice 5kg,16.0,450.0,0.0,0,54.0,0.0,38.0,30.0,5,Pantry,Grains,RoyalGrains,450.0,320.0,365,Express,Mumbai,3500,1200,21.5,0.5,0,0,1,0,1
2026-01-05,S01,P004,Basmati Premium Rice 5kg,13.0,450.0,0.0,0,38.0,0.0,25.0,30.0,5,Pantry,Grains,RoyalGrains,450.0,320.0,365,Express,Mumbai,3500,1200,25.1,0.5,0,0,0,0,1
2026-01-06,S01,P004,Basmati Premium Rice 5kg,15.0,405.0,0.1,1,25.0,0.0,10.0,30.0,5,Pantry,Grains,RoyalGrains,450.0,320.0,365,Express,Mumbai,3500,1200,24.9,1.5,0,0,0,0,1
2026-01-07,S01,P004,Basmati Premium Rice 5kg,10.0,450.0,0.0,0,10.0,0.0,0.0,30.0,5,Pantry,Grains,RoyalGrains,450.0,320.0,365,Express,Mumbai,3500,1200,20.1,0.0,0,0,0,0,1
2026-01-08,S01,P004,Basmati Premium Rice 5kg,0.0,450.0,0.0,0,0.0,0.0,0.0,30.0,5,Pantry,Grains,RoyalGrains,450.0,320.0,365,Express,Mumbai,3500,1200,23.2,1.4,0,0,0,0,1
2026-01-09,S01,P004,Basmati Premium Rice 5kg,0.0,450.0,0.0,0,0.0,0.0,0.0,30.0,5,Pantry,Grains,RoyalGrains,450.0,320.0,365,Express,Mumbai,3500,1200,26.1,0.1,0,0,0,0,1
2026-01-10,S01,P004,Basmati Premium Rice 5kg,18.0,450.0,0.0,1,84.0,84.0,66.0,30.0,5,Pantry,Grains,RoyalGrains,450.0,320.0,365,Express,Mumbai,3500,1200,21.7,1.1,0,0,1,0,1
2026-01-11,S01,P004,Basmati Premium Rice 5kg,18.0,360.0,0.2,1,66.0,0.0,48.0,30.0,5,Pantry,Grains,RoyalGrains,450.0,320.0,365,Express,Mumbai,3500,1200,22.6,0.6,0,0,1,0,1
2026-01-12,S01,P004,Basmati Premium Rice 5kg,13.0,450.0,0.0,0,48.0,0.0,35.0,30.0,5,Pantry,Grains,RoyalGrains,450.0,320.0,365,Express,Mumbai,3500,1200,27.6,0.6,0,0,0,0,1
2026-01-13,S01,P004,Basmati Premium Rice 5kg,9.0,450.0,0.0,0,35.0,0.0,26.0,30.0,5,Pantry,Grains,RoyalGrains,450.0,320.0,365,Express,Mumbai,3500,1200,21.8,0.1,0,0,0,0,1
2026-01-14,S01,P004,Basmati Premium Rice 5kg,10.0,450.0,0.0,0,26.0,0.0,16.0,30.0,5,Pantry,Grains,RoyalGrains,450.0,320.0,365,Express,Mumbai,3500,1200,21.0,1.1,0,0,0,0,1
2026-01-15,S01,P004,Basmati Premium Rice 5kg,11.0,450.0,0.0,0,16.0,0.0,5.0,30.0,5,Pantry,Grains,RoyalGrains,450.0,320.0,365,Express,Mumbai,3500,1200,25.9,0.3,0,0,0,0,1
2026-01-16,S01,P004,Basmati Premium Rice 5kg,5.0,450.0,0.0,0,5.0,0.0,0.0,30.0,5,Pantry,Grains,RoyalGrains,450.0,320.0,365,Express,Mumbai,3500,1200,23.4,0.1,0,0,0,0,1
2026-01-17,S01,P004,Basmati Premium Rice 5kg,0.0,450.0,0.0,0,0.0,0.0,0.0,30.0,5,Pantry,Grains,RoyalGrains,450.0,320.0,365,Express,Mumbai,3500,1200,23.5,1.0,0,0,1,0,1
2026-01-18,S01,P004,Basmati Premium Rice 5kg,16.0,450.0,0.0,0,84.0,84.0,68.0,30.0,5,Pantry,Grains,RoyalGrains,450.0,320.0,365,Express,Mumbai,3500,1200,31.0,0.1,0,0,1,0,1
2026-01-19,S01,P004,Basmati Premium Rice 5kg,12.0,450.0,0.0,0,68.0,0.0,56.0,30.0,5,Pantry,Grains,RoyalGrains,450.0,320.0,365,Express,Mumbai,3500,1200,27.6,0.5,0,0,0,0,1
2026-01-20,S01,P004,Basmati Premium Rice 5kg,9.0,450.0,0.0,0,56.0,0.0,47.0,30.0,5,Pantry,Grains,RoyalGrains,450.0,320.0,365,Express,Mumbai,3500,1200,23.1,0.0,0,0,0,0,1
2026-01-21,S01,P004,Basmati Premium Rice 5kg,12.0,450.0,0.0,0,47.0,0.0,35.0,30.0,5,Pantry,Grains,RoyalGrains,450.0,320.0,365,Express,Mumbai,3500,1200,26.3,0.1,0,0,0,0,1
2026-01-22,S01,P004,Basmati Premium Rice 5kg,13.0,450.0,0.0,0,35.0,0.0,22.0,30.0,5,Pantry,Grains,RoyalGrains,450.0,320.0,365,Express,Mumbai,3500,1200,26.6,0.3,0,0,0,0,1
2026-01-23,S01,P004,Basmati Premium Rice 5kg,13.0,450.0,0.0,0,22.0,0.0,9.0,30.0,5,Pantry,Grains,RoyalGrains,450.0,320.0,365,Express,Mumbai,3500,1200,24.9,0.4,0,0,0,1,1
2026-01-24,S01,P004,Basmati Premium Rice 5kg,9.0,450.0,0.0,0,9.0,0.0,0.0,30.0,5,Pantry,Grains,RoyalGrains,450.0,320.0,365,Express,Mumbai,3500,1200,24.2,0.8,0,0,1,0,1
2026-01-25,S01,P004,Basmati Premium Rice 5kg,0.0,450.0,0.0,0,0.0,0.0,0.0,30.0,5,Pantry,Grains,RoyalGrains,450.0,320.0,365,Express,Mumbai,3500,1200,22.5,0.1,0,0,1,0,1
2026-01-26,S01,P004,Basmati Premium Rice 5kg,0.0,450.0,0.0,0,0.0,0.0,0.0,30.0,5,Pantry,Grains,RoyalGrains,450.0,320.0,365,Express,Mumbai,3500,1200,26.1,0.8,1,1,0,0,1
2026-01-27,S01,P004,Basmati Premium Rice 5kg,10.0,450.0,0.0,0,84.0,84.0,74.0,30.0,5,Pantry,Grains,RoyalGrains,450.0,320.0,365,Express,Mumbai,3500,1200,20.9,0.0,0,0,0,0,1
2026-01-28,S01,P004,Basmati Premium Rice 5kg,11.0,450.0,0.0,0,74.0,0.0,63.0,30.0,5,Pantry,Grains,RoyalGrains,450.0,320.0,365,Express,Mumbai,3500,1200,28.9,0.2,0,0,0,0,1
2026-01-29,S01,P004,Basmati Premium Rice 5kg,13.0,450.0,0.0,0,63.0,0.0,50.0,30.0,5,Pantry,Grains,RoyalGrains,450.0,320.0,365,Express,Mumbai,3500,1200,27.1,0.4,0,0,0,0,1
2026-01-30,S01,P004,Basmati Premium Rice 5kg,13.0,450.0,0.0,0,50.0,0.0,37.0,30.0,5,Pantry,Grains,RoyalGrains,450.0,320.0,365,Express,Mumbai,3500,1200,21.8,0.3,0,0,0,0,1
2026-01-31,S01,P004,Basmati Premium Rice 5kg,17.0,405.0,0.1,1,37.0,0.0,20.0,30.0,5,Pantry,Grains,RoyalGrains,450.0,320.0,365,Express,Mumbai,3500,1200,26.7,0.4,0,0,1,0,1
2026-02-01,S01,P004,Basmati Premium Rice 5kg,15.0,450.0,0.0,0,20.0,0.0,5.0,30.0,5,Pantry,Grains,RoyalGrains,450.0,320.0,365,Express,Mumbai,3500,1200,23.4,0.1,0,0,1,0,1
2026-02-02,S01,P004,Basmati Premium Rice 5kg,5.0,450.0,0.0,0,5.0,0.0,0.0,30.0,5,Pantry,Grains,RoyalGrains,450.0,320.0,365,Express,Mumbai,3500,1200,22.1,0.3,0,0,0,0,1
2026-02-03,S01,P004,Basmati Premium Rice 5kg,0.0,450.0,0.0,0,0.0,0.0,0.0,30.0,5,Pantry,Grains,RoyalGrains,450.0,320.0,365,Express,Mumbai,3500,1200,24.7,0.3,0,0,0,0,1
2026-02-04,S01,P004,Basmati Premium Rice 5kg,0.0,450.0,0.0,0,0.0,0.0,0.0,30.0,5,Pantry,Grains,RoyalGrains,450.0,320.0,365,Express,Mumbai,3500,1200,27.6,0.1,0,0,0,0,1
2026-02-05,S01,P004,Basmati Premium Rice 5kg,11.0,450.0,0.0,0,84.0,84.0,73.0,30.0,5,Pantry,Grains,RoyalGrains,450.0,320.0,365,Express,Mumbai,3500,1200,24.9,0.6,0,0,0,0,1
2026-02-06,S01,P004,Basmati Premium Rice 5kg,12.0,450.0,0.0,0,73.0,0.0,61.0,30.0,5,Pantry,Grains,RoyalGrains,450.0,320.0,365,Express,Mumbai,3500,1200,26.5,0.4,0,0,0,0,1
2026-02-07,S01,P004,Basmati Premium Rice 5kg,14.0,450.0,0.0,0,61.0,0.0,47.0,30.0,5,Pantry,Grains,RoyalGrains,450.0,320.0,365,Express,Mumbai,3500,1200,32.1,0.5,0,0,1,1,1
2026-02-08,S01,P004,Basmati Premium Rice 5kg,16.0,450.0,0.0,0,47.0,0.0,31.0,30.0,5,Pantry,Grains,RoyalGrains,450.0,320.0,365,Express,Mumbai,3500,1200,29.5,0.9,0,0,1,0,1
2026-02-09,S01,P004,Basmati Premium Rice 5kg,11.0,450.0,0.0,0,31.0,0.0,20.0,30.0,5,Pantry,Grains,RoyalGrains,450.0,320.0,365,Express,Mumbai,3500,1200,29.3,0.3,0,0,0,0,1
2026-02-10,S01,P004,Basmati Premium Rice 5kg,13.0,450.0,0.0,0,20.0,0.0,7.0,30.0,5,Pantry,Grains,RoyalGrains,450.0,320.0,365,Express,Mumbai,3500,1200,27.0,0.0,0,0,0,0,1
2026-02-11,S01,P004,Basmati Premium Rice 5kg,7.0,450.0,0.0,0,7.0,0.0,0.0,30.0,5,Pantry,Grains,RoyalGrains,450.0,320.0,365,Express,Mumbai,3500,1200,27.2,0.0,0,0,0,0,1
2026-02-12,S01,P004,Basmati Premium Rice 5kg,0.0,450.0,0.0,0,0.0,0.0,0.0,30.0,5,Pantry,Grains,RoyalGrains,450.0,320.0,365,Express,Mumbai,3500,1200,28.4,0.0,0,0,0,0,1
2026-02-13,S01,P004,Basmati Premium Rice 5kg,0.0,450.0,0.0,0,0.0,0.0,0.0,30.0,5,Pantry,Grains,RoyalGrains,450.0,320.0,365,Express,Mumbai,3500,1200,29.9,0.3,0,0,0,0,1
2026-02-14,S01,P004,Basmati Premium Rice 5kg,15.0,450.0,0.0,0,84.0,84.0,69.0,30.0,5,Pantry,Grains,RoyalGrains,450.0,320.0,365,Express,Mumbai,3500,1200,25.4,0.2,0,0,1,0,1
2026-02-15,S01,P004,Basmati Premium Rice 5kg,12.0,450.0,0.0,0,69.0,0.0,57.0,30.0,5,Pantry,Grains,RoyalGrains,450.0,320.0,365,Express,Mumbai,3500,1200,26.5,0.6,0,0,1,0,1
2026-02-16,S01,P004,Basmati Premium Rice 5kg,15.0,450.0,0.0,0,57.0,0.0,42.0,30.0,5,Pantry,Grains,RoyalGrains,450.0,320.0,365,Express,Mumbai,3500,1200,27.4,0.0,0,0,0,0,1
2026-02-17,S01,P004,Basmati Premium Rice 5kg,12.0,450.0,0.0,0,42.0,0.0,30.0,30.0,5,Pantry,Grains,RoyalGrains,450.0,320.0,365,Express,Mumbai,3500,1200,26.4,0.7,0,0,0,0,1
2026-02-18,S01,P004,Basmati Premium Rice 5kg,13.0,450.0,0.0,1,30.0,0.0,17.0,30.0,5,Pantry,Grains,RoyalGrains,450.0,320.0,365,Express,Mumbai,3500,1200,29.5,0.4,0,0,0,0,1
2026-02-19,S01,P004,Basmati Premium Rice 5kg,14.0,450.0,0.0,0,17.0,0.0,3.0,30.0,5,Pantry,Grains,RoyalGrains,450.0,320.0,365,Express,Mumbai,3500,1200,26.5,0.5,0,0,0,0,1
2026-02-20,S01,P004,Basmati Premium Rice 5kg,3.0,450.0,0.0,0,3.0,0.0,0.0,30.0,5,Pantry,Grains,RoyalGrains,450.0,320.0,365,Express,Mumbai,3500,1200,27.2,0.5,0,0,0,0,1
2026-02-21,S01,P004,Basmati Premium Rice 5kg,0.0,450.0,0.0,0,0.0,0.0,0.0,30.0,5,Pantry,Grains,RoyalGrains,450.0,320.0,365,Express,Mumbai,3500,1200,28.5,0.7,0,0,1,0,1
2026-02-22,S01,P004,Basmati Premium Rice 5kg,19.0,450.0,0.0,0,84.0,84.0,65.0,30.0,5,Pantry,Grains,RoyalGrains,450.0,320.0,365,Express,Mumbai,3500,1200,26.7,0.4,0,0,1,0,1
2026-02-23,S01,P004,Basmati Premium Rice 5kg,13.0,450.0,0.0,0,65.0,0.0,52.0,30.0,5,Pantry,Grains,RoyalGrains,450.0,320.0,365,Express,Mumbai,3500,1200,30.3,0.4,0,0,0,0,1
2026-02-24,S01,P004,Basmati Premium Rice 5kg,9.0,450.0,0.0,0,52.0,0.0,43.0,30.0,5,Pantry,Grains,RoyalGrains,450.0,320.0,365,Express,Mumbai,3500,1200,24.9,1.6,0,0,0,0,1
2026-02-25,S01,P004,Basmati Premium Rice 5kg,13.0,450.0,0.0,0,43.0,0.0,30.0,30.0,5,Pantry,Grains,RoyalGrains,450.0,320.0,365,Express,Mumbai,3500,1200,32.9,0.7,0,0,0,0,1
2026-02-26,S01,P004,Basmati Premium Rice 5kg,14.0,450.0,0.0,0,30.0,0.0,16.0,30.0,5,Pantry,Grains,RoyalGrains,450.0,320.0,365,Express,Mumbai,3500,1200,28.4,0.2,0,0,0,0,1
2026-02-27,S01,P004,Basmati Premium Rice 5kg,14.0,450.0,0.0,0,16.0,0.0,2.0,30.0,5,Pantry,Grains,RoyalGrains,450.0,320.0,365,Express,Mumbai,3500,1200,28.4,2.0,0,0,0,0,1
2026-02-28,S01,P004,Basmati Premium Rice 5kg,2.0,450.0,0.0,0,2.0,0.0,0.0,30.0,5,Pantry,Grains,RoyalGrains,450.0,320.0,365,Express,Mumbai,3500,1200,27.5,0.1,0,0,1,0,1
2026-03-01,S01,P004,Basmati Premium Rice 5kg,0.0,450.0,0.0,0,0.0,0.0,0.0,30.0,5,Pantry,Grains,RoyalGrains,450.0,320.0,365,Express,Mumbai,3500,1200,30.7,0.9,0,0,1,0,1
2026-03-02,S01,P004,Basmati Premium Rice 5kg,14.0,450.0,0.0,0,84.0,84.0,70.0,30.0,5,Pantry,Grains,RoyalGrains,450.0,320.0,365,Express,Mumbai,3500,1200,28.2,0.1,0,0,0,0,1
2026-03-03,S01,P004,Basmati Premium Rice 5kg,11.0,450.0,0.0,0,70.0,0.0,59.0,30.0,5,Pantry,Grains,RoyalGrains,450.0,320.0,365,Express,Mumbai,3500,1200,32.8,0.0,0,0,0,0,1
2026-03-04,S01,P004,Basmati Premium Rice 5kg,10.0,450.0,0.0,0,59.0,0.0,49.0,30.0,5,Pantry,Grains,RoyalGrains,450.0,320.0,365,Express,Mumbai,3500,1200,34.0,0.2,0,0,0,0,1
2026-03-05,S01,P004,Basmati Premium Rice 5kg,12.0,450.0,0.0,0,49.0,0.0,37.0,30.0,5,Pantry,Grains,RoyalGrains,450.0,320.0,365,Express,Mumbai,3500,1200,28.8,0.0,0,0,0,0,1
2026-03-06,S01,P004,Basmati Premium Rice 5kg,14.0,450.0,0.0,0,37.0,0.0,23.0,30.0,5,Pantry,Grains,RoyalGrains,450.0,320.0,365,Express,Mumbai,3500,1200,27.1,0.1,0,0,0,1,1
2026-03-07,S01,P004,Basmati Premium Rice 5kg,17.0,450.0,0.0,0,23.0,0.0,6.0,30.0,5,Pantry,Grains,RoyalGrains,450.0,320.0,365,Express,Mumbai,3500,1200,29.0,0.3,0,0,1,1,1
2026-03-08,S01,P004,Basmati Premium Rice 5kg,6.0,450.0,0.0,1,6.0,0.0,0.0,30.0,5,Pantry,Grains,RoyalGrains,450.0,320.0,365,Express,Mumbai,3500,1200,32.0,0.6,0,1,1,0,1
2026-03-09,S01,P004,Basmati Premium Rice 5kg,0.0,450.0,0.0,0,0.0,0.0,0.0,30.0,5,Pantry,Grains,RoyalGrains,450.0,320.0,365,Express,Mumbai,3500,1200,30.8,1.3,0,0,0,0,1
2026-03-10,S01,P004,Basmati Premium Rice 5kg,0.0,382.5,0.15,1,0.0,0.0,0.0,30.0,5,Pantry,Grains,RoyalGrains,450.0,320.0,365,Express,Mumbai,3500,1200,30.7,0.4,0,0,0,0,1
2026-03-11,S01,P004,Basmati Premium Rice 5kg,11.0,450.0,0.0,0,84.0,84.0,73.0,30.0,5,Pantry,Grains,RoyalGrains,450.0,320.0,365,Express,Mumbai,3500,1200,31.3,0.1,0,0,0,0,1
2026-03-12,S01,P004,Basmati Premium Rice 5kg,13.0,405.0,0.1,1,73.0,0.0,60.0,30.0,5,Pantry,Grains,RoyalGrains,450.0,320.0,365,Express,Mumbai,3500,1200,29.8,1.8,0,0,0,0,1
2026-03-13,S01,P004,Basmati Premium Rice 5kg,14.0,450.0,0.0,0,60.0,0.0,46.0,30.0,5,Pantry,Grains,RoyalGrains,450.0,320.0,365,Express,Mumbai,3500,1200,32.0,0.1,0,0,0,0,1
2026-03-14,S01,P004,Basmati Premium Rice 5kg,23.0,360.0,0.2,1,46.0,0.0,23.0,30.0,5,Pantry,Grains,RoyalGrains,450.0,320.0,365,Express,Mumbai,3500,1200,31.5,0.1,0,0,1,0,1
2026-03-15,S01,P004,Basmati Premium Rice 5kg,14.0,450.0,0.0,0,23.0,0.0,9.0,30.0,5,Pantry,Grains,RoyalGrains,450.0,320.0,365,Express,Mumbai,3500,1200,29.3,0.3,0,0,1,1,1
2026-03-16,S01,P004,Basmati Premium Rice 5kg,9.0,450.0,0.0,0,9.0,0.0,0.0,30.0,5,Pantry,Grains,RoyalGrains,450.0,320.0,365,Express,Mumbai,3500,1200,30.6,1.1,0,0,0,0,1
2026-03-17,S01,P004,Basmati Premium Rice 5kg,0.0,382.5,0.15,1,0.0,0.0,0.0,30.0,5,Pantry,Grains,RoyalGrains,450.0,320.0,365,Express,Mumbai,3500,1200,28.4,0.7,0,0,0,0,1
2026-03-18,S01,P004,Basmati Premium Rice 5kg,0.0,450.0,0.0,0,0.0,0.0,0.0,30.0,5,Pantry,Grains,RoyalGrains,450.0,320.0,365,Express,Mumbai,3500,1200,29.6,0.0,0,0,0,0,1
2026-03-19,S01,P004,Basmati Premium Rice 5kg,13.0,450.0,0.0,0,84.0,84.0,71.0,30.0,5,Pantry,Grains,RoyalGrains,450.0,320.0,365,Express,Mumbai,3500,1200,30.5,0.1,0,0,0,0,1
2026-03-20,S01,P004,Basmati Premium Rice 5kg,11.0,450.0,0.0,0,71.0,0.0,60.0,30.0,5,Pantry,Grains,RoyalGrains,450.0,320.0,365,Express,Mumbai,3500,1200,31.1,0.2,0,0,0,0,1
2026-03-21,S01,P004,Basmati Premium Rice 5kg,16.0,450.0,0.0,0,60.0,0.0,44.0,30.0,5,Pantry,Grains,RoyalGrains,450.0,320.0,365,Express,Mumbai,3500,1200,30.4,0.3,0,0,1,0,1
2026-03-22,S01,P004,Basmati Premium Rice 5kg,16.0,450.0,0.0,0,44.0,0.0,28.0,30.0,5,Pantry,Grains,RoyalGrains,450.0,320.0,365,Express,Mumbai,3500,1200,28.8,1.9,0,0,1,0,1
2026-03-23,S01,P004,Basmati Premium Rice 5kg,12.0,450.0,0.0,0,28.0,0.0,16.0,30.0,5,Pantry,Grains,RoyalGrains,450.0,320.0,365,Express,Mumbai,3500,1200,28.6,0.1,0,0,0,0,1
2026-03-24,S01,P004,Basmati Premium Rice 5kg,15.0,382.5,0.15,1,16.0,0.0,1.0,30.0,5,Pantry,Grains,RoyalGrains,450.0,320.0,365,Express,Mumbai,3500,1200,28.9,0.1,0,0,0,0,1
2026-03-25,S01,P004,Basmati Premium Rice 5kg,1.0,405.0,0.1,1,1.0,0.0,0.0,30.0,5,Pantry,Grains,RoyalGrains,450.0,320.0,365,Express,Mumbai,3500,1200,31.0,0.1,0,1,0,0,1
2026-03-26,S01,P004,Basmati Premium Rice 5kg,0.0,450.0,0.0,0,0.0,0.0,0.0,30.0,5,Pantry,Grains,RoyalGrains,450.0,320.0,365,Express,Mumbai,3500,1200,32.7,0.0,0,0,0,0,1
2026-03-27,S01,P004,Basmati Premium Rice 5kg,11.0,450.0,0.0,0,84.0,84.0,73.0,30.0,5,Pantry,Grains,RoyalGrains,450.0,320.0,365,Express,Mumbai,3500,1200,29.1,1.0,0,0,0,0,1
2026-03-28,S01,P004,Basmati Premium Rice 5kg,16.0,450.0,0.0,0,73.0,0.0,57.0,30.0,5,Pantry,Grains,RoyalGrains,450.0,320.0,365,Express,Mumbai,3500,1200,26.1,0.4,0,0,1,0,1
2026-03-29,S01,P004,Basmati Premium Rice 5kg,21.0,450.0,0.0,0,57.0,0.0,36.0,30.0,5,Pantry,Grains,RoyalGrains,450.0,320.0,365,Express,Mumbai,3500,1200,30.4,0.1,0,0,1,0,1
2026-03-30,S01,P004,Basmati Premium Rice 5kg,12.0,450.0,0.0,0,36.0,0.0,24.0,30.0,5,Pantry,Grains,RoyalGrains,450.0,320.0,365,Express,Mumbai,3500,1200,28.3,0.3,0,0,0,0,1
2026-03-31,S01,P004,Basmati Premium Rice 5kg,11.0,450.0,0.0,0,24.0,0.0,13.0,30.0,5,Pantry,Grains,RoyalGrains,450.0,320.0,365,Express,Mumbai,3500,1200,29.8,0.3,0,0,0,0,1
2026-04-01,S01,P004,Basmati Premium Rice 5kg,13.0,450.0,0.0,0,13.0,0.0,0.0,30.0,5,Pantry,Grains,RoyalGrains,450.0,320.0,365,Express,Mumbai,3500,1200,32.3,1.0,0,0,0,0,1
2026-04-02,S01,P004,Basmati Premium Rice 5kg,0.0,450.0,0.0,0,0.0,0.0,0.0,30.0,5,Pantry,Grains,RoyalGrains,450.0,320.0,365,Express,Mumbai,3500,1200,29.4,0.1,0,0,0,0,1
2026-04-03,S01,P004,Basmati Premium Rice 5kg,0.0,450.0,0.0,0,0.0,0.0,0.0,30.0,5,Pantry,Grains,RoyalGrains,450.0,320.0,365,Express,Mumbai,3500,1200,23.3,0.9,0,0,0,0,1
2026-04-04,S01,P004,Basmati Premium Rice 5kg,14.0,450.0,0.0,0,84.0,84.0,70.0,30.0,5,Pantry,Grains,RoyalGrains,450.0,320.0,365,Express,Mumbai,3500,1200,26.6,0.3,0,0,1,0,1
2026-04-05,S01,P004,Basmati Premium Rice 5kg,14.0,450.0,0.0,0,70.0,0.0,56.0,30.0,5,Pantry,Grains,RoyalGrains,450.0,320.0,365,Express,Mumbai,3500,1200,30.5,0.4,0,0,1,0,1
2026-04-06,S01,P004,Basmati Premium Rice 5kg,10.0,450.0,0.0,0,56.0,0.0,46.0,30.0,5,Pantry,Grains,RoyalGrains,450.0,320.0,365,Express,Mumbai,3500,1200,30.6,0.2,0,0,0,0,1
2026-04-07,S01,P004,Basmati Premium Rice 5kg,12.0,450.0,0.0,0,46.0,0.0,34.0,30.0,5,Pantry,Grains,RoyalGrains,450.0,320.0,365,Express,Mumbai,3500,1200,27.4,0.2,0,0,0,0,1
2026-04-08,S01,P004,Basmati Premium Rice 5kg,13.0,450.0,0.0,0,34.0,0.0,21.0,30.0,5,Pantry,Grains,RoyalGrains,450.0,320.0,365,Express,Mumbai,3500,1200,28.8,1.3,0,0,0,0,1
2026-04-09,S01,P004,Basmati Premium Rice 5kg,11.0,450.0,0.0,0,21.0,0.0,10.0,30.0,5,Pantry,Grains,RoyalGrains,450.0,320.0,365,Express,Mumbai,3500,1200,29.2,0.8,0,0,0,0,1
2026-04-10,S01,P004,Basmati Premium Rice 5kg,10.0,450.0,0.0,0,10.0,0.0,0.0,30.0,5,Pantry,Grains,RoyalGrains,450.0,320.0,365,Express,Mumbai,3500,1200,32.3,0.8,0,0,0,0,1
2026-04-11,S01,P004,Basmati Premium Rice 5kg,0.0,450.0,0.0,0,0.0,0.0,0.0,30.0,5,Pantry,Grains,RoyalGrains,450.0,320.0,365,Express,Mumbai,3500,1200,28.5,1.0,0,0,1,0,1
2026-04-12,S01,P004,Basmati Premium Rice 5kg,0.0,450.0,0.0,0,0.0,0.0,0.0,30.0,5,Pantry,Grains,RoyalGrains,450.0,320.0,365,Express,Mumbai,3500,1200,30.9,0.7,0,0,1,0,1
2026-04-13,S01,P004,Basmati Premium Rice 5kg,12.0,450.0,0.0,0,84.0,84.0,72.0,30.0,5,Pantry,Grains,RoyalGrains,450.0,320.0,365,Express,Mumbai,3500,1200,28.4,0.3,0,0,0,0,1
2026-04-14,S01,P004,Basmati Premium Rice 5kg,11.0,450.0,0.0,0,72.0,0.0,61.0,30.0,5,Pantry,Grains,RoyalGrains,450.0,320.0,365,Express,Mumbai,3500,1200,27.9,0.1,1,0,0,1,1
2026-04-15,S01,P004,Basmati Premium Rice 5kg,12.0,450.0,0.0,0,61.0,0.0,49.0,30.0,5,Pantry,Grains,RoyalGrains,450.0,320.0,365,Express,Mumbai,3500,1200,33.0,0.1,0,0,0,0,1
2026-04-16,S01,P004,Basmati Premium Rice 5kg,14.0,450.0,0.0,0,49.0,0.0,35.0,30.0,5,Pantry,Grains,RoyalGrains,450.0,320.0,365,Express,Mumbai,3500,1200,28.7,0.9,0,0,0,0,1
2026-04-17,S01,P004,Basmati Premium Rice 5kg,10.0,450.0,0.0,0,35.0,0.0,25.0,30.0,5,Pantry,Grains,RoyalGrains,450.0,320.0,365,Express,Mumbai,3500,1200,28.5,0.4,0,0,0,1,1
2026-04-18,S01,P004,Basmati Premium Rice 5kg,24.0,450.0,0.0,1,25.0,0.0,1.0,30.0,5,Pantry,Grains,RoyalGrains,450.0,320.0,365,Express,Mumbai,3500,1200,30.7,0.0,0,0,1,0,1
2026-04-19,S01,P004,Basmati Premium Rice 5kg,1.0,450.0,0.0,0,1.0,0.0,0.0,30.0,5,Pantry,Grains,RoyalGrains,450.0,320.0,365,Express,Mumbai,3500,1200,30.9,0.1,0,0,1,0,1
2026-04-20,S01,P004,Basmati Premium Rice 5kg,0.0,450.0,0.0,0,0.0,0.0,0.0,30.0,5,Pantry,Grains,RoyalGrains,450.0,320.0,365,Express,Mumbai,3500,1200,29.8,0.1,0,0,0,0,1
2026-04-21,S01,P004,Basmati Premium Rice 5kg,0.0,450.0,0.0,0,0.0,0.0,0.0,30.0,5,Pantry,Grains,RoyalGrains,450.0,320.0,365,Express,Mumbai,3500,1200,27.0,0.0,0,0,0,0,1
2026-04-22,S01,P004,Basmati Premium Rice 5kg,10.0,450.0,0.0,0,84.0,84.0,74.0,30.0,5,Pantry,Grains,RoyalGrains,450.0,320.0,365,Express,Mumbai,3500,1200,30.1,1.0,0,0,0,0,1
2026-04-23,S01,P004,Basmati Premium Rice 5kg,10.0,450.0,0.0,0,74.0,0.0,64.0,30.0,5,Pantry,Grains,RoyalGrains,450.0,320.0,365,Express,Mumbai,3500,1200,26.6,0.7,0,0,0,0,1
2026-04-24,S01,P004,Basmati Premium Rice 5kg,10.0,450.0,0.0,0,64.0,0.0,54.0,30.0,5,Pantry,Grains,RoyalGrains,450.0,320.0,365,Express,Mumbai,3500,1200,28.2,0.2,0,0,0,0,1
2026-04-25,S01,P004,Basmati Premium Rice 5kg,15.0,450.0,0.0,0,54.0,0.0,39.0,30.0,5,Pantry,Grains,RoyalGrains,450.0,320.0,365,Express,Mumbai,3500,1200,29.6,0.5,0,0,1,0,1
2026-04-26,S01,P004,Basmati Premium Rice 5kg,13.0,450.0,0.0,0,39.0,0.0,26.0,30.0,5,Pantry,Grains,RoyalGrains,450.0,320.0,365,Express,Mumbai,3500,1200,31.0,0.5,0,0,1,0,1
2026-04-27,S01,P004,Basmati Premium Rice 5kg,13.0,450.0,0.0,0,26.0,0.0,13.0,30.0,5,Pantry,Grains,RoyalGrains,450.0,320.0,365,Express,Mumbai,3500,1200,28.7,0.3,0,0,0,0,1
2026-04-28,S01,P004,Basmati Premium Rice 5kg,9.0,450.0,0.0,0,13.0,0.0,4.0,30.0,5,Pantry,Grains,RoyalGrains,450.0,320.0,365,Express,Mumbai,3500,1200,27.5,0.8,0,0,0,0,1
2026-04-29,S01,P004,Basmati Premium Rice 5kg,4.0,450.0,0.0,0,4.0,0.0,0.0,30.0,5,Pantry,Grains,RoyalGrains,450.0,320.0,365,Express,Mumbai,3500,1200,30.8,0.0,0,0,0,0,1
2026-04-30,S01,P004,Basmati Premium Rice 5kg,0.0,450.0,0.0,0,0.0,0.0,0.0,30.0,5,Pantry,Grains,RoyalGrains,450.0,320.0,365,Express,Mumbai,3500,1200,26.3,0.1,0,0,0,0,1
2026-05-01,S01,P004,Basmati Premium Rice 5kg,16.0,450.0,0.0,0,84.0,84.0,68.0,30.0,5,Pantry,Grains,RoyalGrains,450.0,320.0,365,Express,Mumbai,3500,1200,27.2,0.3,1,1,0,0,1
2026-05-02,S01,P004,Basmati Premium Rice 5kg,18.0,450.0,0.0,0,68.0,0.0,50.0,30.0,5,Pantry,Grains,RoyalGrains,450.0,320.0,365,Express,Mumbai,3500,1200,29.4,0.2,0,0,1,0,1
2026-05-03,S01,P004,Basmati Premium Rice 5kg,19.0,450.0,0.0,0,50.0,0.0,31.0,30.0,5,Pantry,Grains,RoyalGrains,450.0,320.0,365,Express,Mumbai,3500,1200,28.4,1.0,0,0,1,0,1
2026-05-04,S01,P004,Basmati Premium Rice 5kg,13.0,450.0,0.0,0,31.0,0.0,18.0,30.0,5,Pantry,Grains,RoyalGrains,450.0,320.0,365,Express,Mumbai,3500,1200,28.0,0.7,0,0,0,0,1
2026-05-05,S01,P004,Basmati Premium Rice 5kg,11.0,450.0,0.0,0,18.0,0.0,7.0,30.0,5,Pantry,Grains,RoyalGrains,450.0,320.0,365,Express,Mumbai,3500,1200,28.4,0.7,0,0,0,0,1
2026-05-06,S01,P004,Basmati Premium Rice 5kg,7.0,450.0,0.0,0,7.0,0.0,0.0,30.0,5,Pantry,Grains,RoyalGrains,450.0,320.0,365,Express,Mumbai,3500,1200,29.1,0.1,0,0,0,0,1
2026-05-07,S01,P004,Basmati Premium Rice 5kg,0.0,450.0,0.0,0,0.0,0.0,0.0,30.0,5,Pantry,Grains,RoyalGrains,450.0,320.0,365,Express,Mumbai,3500,1200,29.2,0.1,0,0,0,0,1
2026-05-08,S01,P004,Basmati Premium Rice 5kg,0.0,360.0,0.2,1,0.0,0.0,0.0,30.0,5,Pantry,Grains,RoyalGrains,450.0,320.0,365,Express,Mumbai,3500,1200,24.8,0.2,0,0,0,0,1
2026-05-09,S01,P004,Basmati Premium Rice 5kg,17.0,450.0,0.0,0,84.0,84.0,67.0,30.0,5,Pantry,Grains,RoyalGrains,450.0,320.0,365,Express,Mumbai,3500,1200,29.5,0.9,0,0,1,0,1
2026-05-10,S01,P004,Basmati Premium Rice 5kg,23.0,382.5,0.15,1,67.0,0.0,44.0,30.0,5,Pantry,Grains,RoyalGrains,450.0,320.0,365,Express,Mumbai,3500,1200,27.9,0.2,0,0,1,0,1
2026-05-11,S01,P004,Basmati Premium Rice 5kg,12.0,450.0,0.0,0,44.0,0.0,32.0,30.0,5,Pantry,Grains,RoyalGrains,450.0,320.0,365,Express,Mumbai,3500,1200,27.7,0.0,0,0,0,0,1
2026-05-12,S01,P004,Basmati Premium Rice 5kg,13.0,450.0,0.0,0,32.0,0.0,19.0,30.0,5,Pantry,Grains,RoyalGrains,450.0,320.0,365,Express,Mumbai,3500,1200,25.3,1.1,0,0,0,0,1
2026-05-13,S01,P004,Basmati Premium Rice 5kg,12.0,450.0,0.0,0,19.0,0.0,7.0,30.0,5,Pantry,Grains,RoyalGrains,450.0,320.0,365,Express,Mumbai,3500,1200,30.0,0.1,0,0,0,0,1
2026-05-14,S01,P004,Basmati Premium Rice 5kg,7.0,450.0,0.0,0,7.0,0.0,0.0,30.0,5,Pantry,Grains,RoyalGrains,450.0,320.0,365,Express,Mumbai,3500,1200,28.7,0.1,0,0,0,0,1
2026-05-15,S01,P004,Basmati Premium Rice 5kg,0.0,450.0,0.0,1,0.0,0.0,0.0,30.0,5,Pantry,Grains,RoyalGrains,450.0,320.0,365,Express,Mumbai,3500,1200,26.7,0.1,0,0,0,0,1
2026-05-16,S01,P004,Basmati Premium Rice 5kg,0.0,450.0,0.0,0,0.0,0.0,0.0,30.0,5,Pantry,Grains,RoyalGrains,450.0,320.0,365,Express,Mumbai,3500,1200,28.9,0.1,0,0,1,0,1
2026-05-17,S01,P004,Basmati Premium Rice 5kg,17.0,450.0,0.0,0,84.0,84.0,67.0,30.0,5,Pantry,Grains,RoyalGrains,450.0,320.0,365,Express,Mumbai,3500,1200,28.5,0.3,0,0,1,0,1
2026-05-18,S01,P004,Basmati Premium Rice 5kg,13.0,450.0,0.0,1,67.0,0.0,54.0,30.0,5,Pantry,Grains,RoyalGrains,450.0,320.0,365,Express,Mumbai,3500,1200,26.4,0.1,0,0,0,0,1
2026-05-19,S01,P004,Basmati Premium Rice 5kg,17.0,382.5,0.15,1,54.0,0.0,37.0,30.0,5,Pantry,Grains,RoyalGrains,450.0,320.0,365,Express,Mumbai,3500,1200,27.7,0.1,0,0,0,0,1
2026-05-20,S01,P004,Basmati Premium Rice 5kg,9.0,450.0,0.0,0,37.0,0.0,28.0,30.0,5,Pantry,Grains,RoyalGrains,450.0,320.0,365,Express,Mumbai,3500,1200,25.8,0.2,0,0,0,0,1
2026-05-21,S01,P004,Basmati Premium Rice 5kg,13.0,450.0,0.0,1,28.0,0.0,15.0,30.0,5,Pantry,Grains,RoyalGrains,450.0,320.0,365,Express,Mumbai,3500,1200,27.6,0.4,0,0,0,0,1
2026-05-22,S01,P004,Basmati Premium Rice 5kg,10.0,450.0,0.0,0,15.0,0.0,5.0,30.0,5,Pantry,Grains,RoyalGrains,450.0,320.0,365,Express,Mumbai,3500,1200,28.7,0.5,0,0,0,0,1
2026-05-23,S01,P004,Basmati Premium Rice 5kg,5.0,450.0,0.0,0,5.0,0.0,0.0,30.0,5,Pantry,Grains,RoyalGrains,450.0,320.0,365,Express,Mumbai,3500,1200,26.2,0.1,0,0,1,0,1
2026-05-24,S01,P004,Basmati Premium Rice 5kg,0.0,450.0,0.0,0,0.0,0.0,0.0,30.0,5,Pantry,Grains,RoyalGrains,450.0,320.0,365,Express,Mumbai,3500,1200,27.1,0.5,0,0,1,0,1
2026-05-25,S01,P004,Basmati Premium Rice 5kg,9.0,450.0,0.0,0,84.0,84.0,75.0,30.0,5,Pantry,Grains,RoyalGrains,450.0,320.0,365,Express,Mumbai,3500,1200,25.5,1.1,0,0,0,0,1
2026-05-26,S01,P004,Basmati Premium Rice 5kg,14.0,450.0,0.0,0,75.0,0.0,61.0,30.0,5,Pantry,Grains,RoyalGrains,450.0,320.0,365,Express,Mumbai,3500,1200,27.1,0.4,0,0,0,0,1
2026-05-27,S01,P004,Basmati Premium Rice 5kg,9.0,450.0,0.0,0,61.0,0.0,52.0,30.0,5,Pantry,Grains,RoyalGrains,450.0,320.0,365,Express,Mumbai,3500,1200,27.5,0.0,0,0,0,0,1
2026-05-28,S01,P004,Basmati Premium Rice 5kg,13.0,360.0,0.2,1,52.0,0.0,39.0,30.0,5,Pantry,Grains,RoyalGrains,450.0,320.0,365,Express,Mumbai,3500,1200,26.7,0.6,0,0,0,0,1
2026-05-29,S01,P004,Basmati Premium Rice 5kg,12.0,450.0,0.0,0,39.0,0.0,27.0,30.0,5,Pantry,Grains,RoyalGrains,450.0,320.0,365,Express,Mumbai,3500,1200,27.1,1.4,0,0,0,0,1
2026-05-30,S01,P004,Basmati Premium Rice 5kg,20.0,450.0,0.0,0,27.0,0.0,7.0,30.0,5,Pantry,Grains,RoyalGrains,450.0,320.0,365,Express,Mumbai,3500,1200,23.7,0.7,0,0,1,0,1
2026-05-31,S01,P004,Basmati Premium Rice 5kg,7.0,450.0,0.0,1,7.0,0.0,0.0,30.0,5,Pantry,Grains,RoyalGrains,450.0,320.0,365,Express,Mumbai,3500,1200,29.4,0.9,0,0,1,0,1
2026-06-01,S01,P004,Basmati Premium Rice 5kg,0.0,450.0,0.0,0,0.0,0.0,0.0,30.0,5,Pantry,Grains,RoyalGrains,450.0,320.0,365,Express,Mumbai,3500,1200,26.5,3.5,0,0,0,1,1
2026-06-02,S01,P004,Basmati Premium Rice 5kg,0.0,450.0,0.0,0,0.0,0.0,0.0,30.0,5,Pantry,Grains,RoyalGrains,450.0,320.0,365,Express,Mumbai,3500,1200,22.4,11.6,0,0,0,0,1
2026-06-03,S01,P004,Basmati Premium Rice 5kg,12.0,450.0,0.0,0,84.0,84.0,72.0,30.0,5,Pantry,Grains,RoyalGrains,450.0,320.0,365,Express,Mumbai,3500,1200,28.3,6.2,0,0,0,0,1
2026-06-04,S01,P004,Basmati Premium Rice 5kg,11.0,450.0,0.0,0,72.0,0.0,61.0,30.0,5,Pantry,Grains,RoyalGrains,450.0,320.0,365,Express,Mumbai,3500,1200,24.2,9.7,0,0,0,0,1
2026-06-05,S01,P004,Basmati Premium Rice 5kg,11.0,450.0,0.0,0,61.0,0.0,50.0,30.0,5,Pantry,Grains,RoyalGrains,450.0,320.0,365,Express,Mumbai,3500,1200,24.9,4.8,0,0,0,0,1
2026-06-06,S01,P004,Basmati Premium Rice 5kg,14.0,450.0,0.0,0,50.0,0.0,36.0,30.0,5,Pantry,Grains,RoyalGrains,450.0,320.0,365,Express,Mumbai,3500,1200,20.7,1.8,0,0,1,0,1
2026-06-07,S01,P004,Basmati Premium Rice 5kg,18.0,450.0,0.0,0,36.0,0.0,18.0,30.0,5,Pantry,Grains,RoyalGrains,450.0,320.0,365,Express,Mumbai,3500,1200,24.9,3.4,0,0,1,0,1
2026-06-08,S01,P004,Basmati Premium Rice 5kg,10.0,450.0,0.0,0,18.0,0.0,8.0,30.0,5,Pantry,Grains,RoyalGrains,450.0,320.0,365,Express,Mumbai,3500,1200,25.5,2.9,0,0,0,0,1
2026-06-09,S01,P004,Basmati Premium Rice 5kg,8.0,382.5,0.15,1,8.0,0.0,0.0,30.0,5,Pantry,Grains,RoyalGrains,450.0,320.0,365,Express,Mumbai,3500,1200,22.9,8.2,0,0,0,0,1
2026-06-10,S01,P004,Basmati Premium Rice 5kg,0.0,450.0,0.0,0,0.0,0.0,0.0,30.0,5,Pantry,Grains,RoyalGrains,450.0,320.0,365,Express,Mumbai,3500,1200,23.9,0.1,0,0,0,0,1
2026-06-11,S01,P004,Basmati Premium Rice 5kg,0.0,450.0,0.0,0,0.0,0.0,0.0,30.0,5,Pantry,Grains,RoyalGrains,450.0,320.0,365,Express,Mumbai,3500,1200,24.0,10.1,0,0,0,0,1
2026-06-12,S01,P004,Basmati Premium Rice 5kg,14.0,450.0,0.0,0,84.0,84.0,70.0,30.0,5,Pantry,Grains,RoyalGrains,450.0,320.0,365,Express,Mumbai,3500,1200,20.8,0.1,0,0,0,0,1
2026-06-13,S01,P004,Basmati Premium Rice 5kg,18.0,450.0,0.0,0,70.0,0.0,52.0,30.0,5,Pantry,Grains,RoyalGrains,450.0,320.0,365,Express,Mumbai,3500,1200,23.2,0.2,0,0,1,1,1
2026-06-14,S01,P004,Basmati Premium Rice 5kg,17.0,450.0,0.0,0,52.0,0.0,35.0,30.0,5,Pantry,Grains,RoyalGrains,450.0,320.0,365,Express,Mumbai,3500,1200,24.5,1.6,0,0,1,0,1
2026-06-15,S01,P004,Basmati Premium Rice 5kg,29.0,360.0,0.2,1,35.0,0.0,6.0,30.0,5,Pantry,Grains,RoyalGrains,450.0,320.0,365,Express,Mumbai,3500,1200,23.8,4.0,0,1,0,0,1
2026-06-16,S01,P004,Basmati Premium Rice 5kg,6.0,450.0,0.0,0,6.0,0.0,0.0,30.0,5,Pantry,Grains,RoyalGrains,450.0,320.0,365,Express,Mumbai,3500,1200,23.2,1.9,0,0,0,0,1
2026-06-17,S01,P004,Basmati Premium Rice 5kg,0.0,450.0,0.0,0,0.0,0.0,0.0,30.0,5,Pantry,Grains,RoyalGrains,450.0,320.0,365,Express,Mumbai,3500,1200,24.3,1.7,0,0,0,0,1
2026-06-18,S01,P004,Basmati Premium Rice 5kg,0.0,450.0,0.0,0,0.0,0.0,0.0,30.0,5,Pantry,Grains,RoyalGrains,450.0,320.0,365,Express,Mumbai,3500,1200,25.5,7.1,0,0,0,0,1
2026-06-19,S01,P004,Basmati Premium Rice 5kg,0.0,450.0,0.0,0,0.0,0.0,0.0,30.0,5,Pantry,Grains,RoyalGrains,450.0,320.0,365,Express,Mumbai,3500,1200,24.7,1.2,0,0,0,0,1
2026-06-20,S01,P004,Basmati Premium Rice 5kg,18.0,450.0,0.0,0,84.0,84.0,66.0,30.0,5,Pantry,Grains,RoyalGrains,450.0,320.0,365,Express,Mumbai,3500,1200,23.8,6.6,0,0,1,0,1
2026-06-21,S01,P004,Basmati Premium Rice 5kg,16.0,450.0,0.0,0,66.0,0.0,50.0,30.0,5,Pantry,Grains,RoyalGrains,450.0,320.0,365,Express,Mumbai,3500,1200,23.3,8.8,0,0,1,0,1
2026-06-22,S01,P004,Basmati Premium Rice 5kg,13.0,450.0,0.0,0,50.0,0.0,37.0,30.0,5,Pantry,Grains,RoyalGrains,450.0,320.0,365,Express,Mumbai,3500,1200,22.1,18.7,0,0,0,0,1
2026-06-23,S01,P004,Basmati Premium Rice 5kg,11.0,450.0,0.0,0,37.0,0.0,26.0,30.0,5,Pantry,Grains,RoyalGrains,450.0,320.0,365,Express,Mumbai,3500,1200,21.7,0.6,0,0,0,0,1
2026-06-24,S01,P004,Basmati Premium Rice 5kg,13.0,450.0,0.0,1,26.0,0.0,13.0,30.0,5,Pantry,Grains,RoyalGrains,450.0,320.0,365,Express,Mumbai,3500,1200,22.2,3.9,0,0,0,0,1
2026-06-25,S01,P004,Basmati Premium Rice 5kg,13.0,450.0,0.0,0,13.0,0.0,0.0,30.0,5,Pantry,Grains,RoyalGrains,450.0,320.0,365,Express,Mumbai,3500,1200,21.3,5.6,0,0,0,0,1
2026-06-26,S01,P004,Basmati Premium Rice 5kg,0.0,450.0,0.0,0,0.0,0.0,0.0,30.0,5,Pantry,Grains,RoyalGrains,450.0,320.0,365,Express,Mumbai,3500,1200,24.0,4.3,0,0,0,0,1
2026-06-27,S01,P004,Basmati Premium Rice 5kg,0.0,450.0,0.0,0,0.0,0.0,0.0,30.0,5,Pantry,Grains,RoyalGrains,450.0,320.0,365,Express,Mumbai,3500,1200,27.2,2.6,0,0,1,0,1
2026-06-28,S01,P004,Basmati Premium Rice 5kg,17.0,450.0,0.0,0,84.0,84.0,67.0,30.0,5,Pantry,Grains,RoyalGrains,450.0,320.0,365,Express,Mumbai,3500,1200,24.8,1.1,0,0,1,0,1
2026-06-29,S01,P004,Basmati Premium Rice 5kg,16.0,405.0,0.1,1,67.0,0.0,51.0,30.0,5,Pantry,Grains,RoyalGrains,450.0,320.0,365,Express,Mumbai,3500,1200,22.8,7.6,0,0,0,0,1
2026-01-01,S01,P005,Herbal Shampoo 250ml,6.0,220.0,0.0,0,75.0,0.0,69.0,25.0,4,Personal Care,Haircare,Botanica,220.0,140.0,730,Express,Mumbai,3500,1200,20.4,0.1,1,0,0,0,1
2026-01-02,S01,P005,Herbal Shampoo 250ml,14.0,187.0,0.15,1,69.0,0.0,55.0,25.0,4,Personal Care,Haircare,Botanica,220.0,140.0,730,Express,Mumbai,3500,1200,23.2,0.4,0,0,0,0,1
2026-01-03,S01,P005,Herbal Shampoo 250ml,14.0,220.0,0.0,0,55.0,0.0,41.0,25.0,4,Personal Care,Haircare,Botanica,220.0,140.0,730,Express,Mumbai,3500,1200,24.2,0.2,0,0,1,0,1
2026-01-04,S01,P005,Herbal Shampoo 250ml,14.0,220.0,0.0,0,41.0,0.0,27.0,25.0,4,Personal Care,Haircare,Botanica,220.0,140.0,730,Express,Mumbai,3500,1200,25.8,0.4,0,0,1,0,1
2026-01-05,S01,P005,Herbal Shampoo 250ml,10.0,220.0,0.0,0,27.0,0.0,17.0,25.0,4,Personal Care,Haircare,Botanica,220.0,140.0,730,Express,Mumbai,3500,1200,21.2,0.6,0,0,0,0,1
2026-01-06,S01,P005,Herbal Shampoo 250ml,12.0,198.0,0.1,1,17.0,0.0,5.0,25.0,4,Personal Care,Haircare,Botanica,220.0,140.0,730,Express,Mumbai,3500,1200,21.2,0.0,0,0,0,0,1
2026-01-07,S01,P005,Herbal Shampoo 250ml,5.0,220.0,0.0,0,5.0,0.0,0.0,25.0,4,Personal Care,Haircare,Botanica,220.0,140.0,730,Express,Mumbai,3500,1200,21.6,2.9,0,0,0,0,1
2026-01-08,S01,P005,Herbal Shampoo 250ml,0.0,220.0,0.0,0,0.0,0.0,0.0,25.0,4,Personal Care,Haircare,Botanica,220.0,140.0,730,Express,Mumbai,3500,1200,21.1,0.0,0,0,0,0,1
2026-01-09,S01,P005,Herbal Shampoo 250ml,11.0,220.0,0.0,0,67.0,67.0,56.0,25.0,4,Personal Care,Haircare,Botanica,220.0,140.0,730,Express,Mumbai,3500,1200,23.1,0.8,0,0,0,0,1
2026-01-10,S01,P005,Herbal Shampoo 250ml,13.0,220.0,0.0,0,56.0,0.0,43.0,25.0,4,Personal Care,Haircare,Botanica,220.0,140.0,730,Express,Mumbai,3500,1200,28.0,0.8,0,0,1,0,1
2026-01-11,S01,P005,Herbal Shampoo 250ml,13.0,220.0,0.0,0,43.0,0.0,30.0,25.0,4,Personal Care,Haircare,Botanica,220.0,140.0,730,Express,Mumbai,3500,1200,21.2,0.0,0,0,1,0,1
2026-01-12,S01,P005,Herbal Shampoo 250ml,10.0,220.0,0.0,0,30.0,0.0,20.0,25.0,4,Personal Care,Haircare,Botanica,220.0,140.0,730,Express,Mumbai,3500,1200,24.4,0.1,0,0,0,0,1
2026-01-13,S01,P005,Herbal Shampoo 250ml,10.0,220.0,0.0,0,20.0,0.0,10.0,25.0,4,Personal Care,Haircare,Botanica,220.0,140.0,730,Express,Mumbai,3500,1200,25.5,2.6,0,0,0,0,1
2026-01-14,S01,P005,Herbal Shampoo 250ml,10.0,220.0,0.0,0,10.0,0.0,0.0,25.0,4,Personal Care,Haircare,Botanica,220.0,140.0,730,Express,Mumbai,3500,1200,24.7,0.4,0,0,0,0,1
2026-01-15,S01,P005,Herbal Shampoo 250ml,0.0,176.0,0.2,1,0.0,0.0,0.0,25.0,4,Personal Care,Haircare,Botanica,220.0,140.0,730,Express,Mumbai,3500,1200,22.4,0.3,0,0,0,0,1
2026-01-16,S01,P005,Herbal Shampoo 250ml,16.0,176.0,0.2,1,67.0,67.0,51.0,25.0,4,Personal Care,Haircare,Botanica,220.0,140.0,730,Express,Mumbai,3500,1200,25.5,0.2,0,0,0,0,1
2026-01-17,S01,P005,Herbal Shampoo 250ml,8.0,220.0,0.0,0,51.0,0.0,43.0,25.0,4,Personal Care,Haircare,Botanica,220.0,140.0,730,Express,Mumbai,3500,1200,24.1,0.2,0,0,1,0,1
2026-01-18,S01,P005,Herbal Shampoo 250ml,14.0,187.0,0.15,1,43.0,0.0,29.0,25.0,4,Personal Care,Haircare,Botanica,220.0,140.0,730,Express,Mumbai,3500,1200,22.4,1.1,0,0,1,0,1
2026-01-19,S01,P005,Herbal Shampoo 250ml,10.0,220.0,0.0,0,29.0,0.0,19.0,25.0,4,Personal Care,Haircare,Botanica,220.0,140.0,730,Express,Mumbai,3500,1200,26.9,1.6,0,0,0,0,1
2026-01-20,S01,P005,Herbal Shampoo 250ml,9.0,220.0,0.0,0,19.0,0.0,10.0,25.0,4,Personal Care,Haircare,Botanica,220.0,140.0,730,Express,Mumbai,3500,1200,24.9,0.2,0,0,0,0,1
2026-01-21,S01,P005,Herbal Shampoo 250ml,10.0,187.0,0.15,1,10.0,0.0,0.0,25.0,4,Personal Care,Haircare,Botanica,220.0,140.0,730,Express,Mumbai,3500,1200,24.2,0.2,0,0,0,0,1
2026-01-22,S01,P005,Herbal Shampoo 250ml,0.0,176.0,0.2,1,0.0,0.0,0.0,25.0,4,Personal Care,Haircare,Botanica,220.0,140.0,730,Express,Mumbai,3500,1200,24.8,0.0,0,0,0,0,1
2026-01-23,S01,P005,Herbal Shampoo 250ml,11.0,220.0,0.0,0,67.0,67.0,56.0,25.0,4,Personal Care,Haircare,Botanica,220.0,140.0,730,Express,Mumbai,3500,1200,24.0,0.2,0,0,0,0,1
2026-01-24,S01,P005,Herbal Shampoo 250ml,15.0,220.0,0.0,0,56.0,0.0,41.0,25.0,4,Personal Care,Haircare,Botanica,220.0,140.0,730,Express,Mumbai,3500,1200,22.9,0.1,0,0,1,0,1
2026-01-25,S01,P005,Herbal Shampoo 250ml,14.0,220.0,0.0,0,41.0,0.0,27.0,25.0,4,Personal Care,Haircare,Botanica,220.0,140.0,730,Express,Mumbai,3500,1200,28.8,0.6,0,0,1,0,1
2026-01-26,S01,P005,Herbal Shampoo 250ml,15.0,220.0,0.0,0,27.0,0.0,12.0,25.0,4,Personal Care,Haircare,Botanica,220.0,140.0,730,Express,Mumbai,3500,1200,29.0,0.5,1,1,0,0,1
2026-01-27,S01,P005,Herbal Shampoo 250ml,8.0,220.0,0.0,0,12.0,0.0,4.0,25.0,4,Personal Care,Haircare,Botanica,220.0,140.0,730,Express,Mumbai,3500,1200,24.7,0.5,0,0,0,1,1
2026-01-28,S01,P005,Herbal Shampoo 250ml,4.0,220.0,0.0,0,4.0,0.0,0.0,25.0,4,Personal Care,Haircare,Botanica,220.0,140.0,730,Express,Mumbai,3500,1200,25.6,0.4,0,0,0,0,1
2026-01-29,S01,P005,Herbal Shampoo 250ml,0.0,220.0,0.0,0,0.0,0.0,0.0,25.0,4,Personal Care,Haircare,Botanica,220.0,140.0,730,Express,Mumbai,3500,1200,28.2,0.1,0,0,0,0,1
2026-01-30,S01,P005,Herbal Shampoo 250ml,9.0,220.0,0.0,0,67.0,67.0,58.0,25.0,4,Personal Care,Haircare,Botanica,220.0,140.0,730,Express,Mumbai,3500,1200,25.9,0.6,0,0,0,0,1
2026-01-31,S01,P005,Herbal Shampoo 250ml,13.0,220.0,0.0,0,58.0,0.0,45.0,25.0,4,Personal Care,Haircare,Botanica,220.0,140.0,730,Express,Mumbai,3500,1200,27.7,0.8,0,0,1,0,1
2026-02-01,S01,P005,Herbal Shampoo 250ml,11.0,220.0,0.0,0,45.0,0.0,34.0,25.0,4,Personal Care,Haircare,Botanica,220.0,140.0,730,Express,Mumbai,3500,1200,29.0,0.3,0,0,1,0,1
2026-02-02,S01,P005,Herbal Shampoo 250ml,14.0,176.0,0.2,1,34.0,0.0,20.0,25.0,4,Personal Care,Haircare,Botanica,220.0,140.0,730,Express,Mumbai,3500,1200,22.3,1.2,0,0,0,0,1
2026-02-03,S01,P005,Herbal Shampoo 250ml,10.0,220.0,0.0,0,20.0,0.0,10.0,25.0,4,Personal Care,Haircare,Botanica,220.0,140.0,730,Express,Mumbai,3500,1200,27.7,0.6,0,0,0,0,1
2026-02-04,S01,P005,Herbal Shampoo 250ml,10.0,220.0,0.0,0,10.0,0.0,0.0,25.0,4,Personal Care,Haircare,Botanica,220.0,140.0,730,Express,Mumbai,3500,1200,29.4,0.2,0,0,0,0,1
2026-02-05,S01,P005,Herbal Shampoo 250ml,0.0,220.0,0.0,0,0.0,0.0,0.0,25.0,4,Personal Care,Haircare,Botanica,220.0,140.0,730,Express,Mumbai,3500,1200,26.4,0.0,0,0,0,0,1
2026-02-06,S01,P005,Herbal Shampoo 250ml,10.0,220.0,0.0,0,67.0,67.0,57.0,25.0,4,Personal Care,Haircare,Botanica,220.0,140.0,730,Express,Mumbai,3500,1200,24.8,0.1,0,0,0,0,1
2026-02-07,S01,P005,Herbal Shampoo 250ml,13.0,220.0,0.0,0,57.0,0.0,44.0,25.0,4,Personal Care,Haircare,Botanica,220.0,140.0,730,Express,Mumbai,3500,1200,27.5,0.0,0,0,1,0,1
2026-02-08,S01,P005,Herbal Shampoo 250ml,12.0,220.0,0.0,0,44.0,0.0,32.0,25.0,4,Personal Care,Haircare,Botanica,220.0,140.0,730,Express,Mumbai,3500,1200,22.4,0.3,0,0,1,0,1
2026-02-09,S01,P005,Herbal Shampoo 250ml,9.0,220.0,0.0,0,32.0,0.0,23.0,25.0,4,Personal Care,Haircare,Botanica,220.0,140.0,730,Express,Mumbai,3500,1200,26.5,0.1,0,0,0,0,1
2026-02-10,S01,P005,Herbal Shampoo 250ml,12.0,176.0,0.2,1,23.0,0.0,11.0,25.0,4,Personal Care,Haircare,Botanica,220.0,140.0,730,Express,Mumbai,3500,1200,25.5,0.6,0,0,0,0,1
2026-02-11,S01,P005,Herbal Shampoo 250ml,9.0,220.0,0.0,0,11.0,0.0,2.0,25.0,4,Personal Care,Haircare,Botanica,220.0,140.0,730,Express,Mumbai,3500,1200,27.5,0.5,0,0,0,0,1
2026-02-12,S01,P005,Herbal Shampoo 250ml,2.0,187.0,0.15,1,2.0,0.0,0.0,25.0,4,Personal Care,Haircare,Botanica,220.0,140.0,730,Express,Mumbai,3500,1200,29.6,0.4,0,0,0,0,1
2026-02-13,S01,P005,Herbal Shampoo 250ml,9.0,220.0,0.0,0,67.0,67.0,58.0,25.0,4,Personal Care,Haircare,Botanica,220.0,140.0,730,Express,Mumbai,3500,1200,27.0,1.1,0,0,0,0,1
2026-02-14,S01,P005,Herbal Shampoo 250ml,11.0,220.0,0.0,0,58.0,0.0,47.0,25.0,4,Personal Care,Haircare,Botanica,220.0,140.0,730,Express,Mumbai,3500,1200,30.3,0.4,0,0,1,0,1
2026-02-15,S01,P005,Herbal Shampoo 250ml,13.0,220.0,0.0,0,47.0,0.0,34.0,25.0,4,Personal Care,Haircare,Botanica,220.0,140.0,730,Express,Mumbai,3500,1200,24.8,0.2,0,0,1,0,1
2026-02-16,S01,P005,Herbal Shampoo 250ml,8.0,220.0,0.0,0,34.0,0.0,26.0,25.0,4,Personal Care,Haircare,Botanica,220.0,140.0,730,Express,Mumbai,3500,1200,25.0,0.1,0,0,0,0,1
2026-02-17,S01,P005,Herbal Shampoo 250ml,8.0,220.0,0.0,0,26.0,0.0,18.0,25.0,4,Personal Care,Haircare,Botanica,220.0,140.0,730,Express,Mumbai,3500,1200,31.0,0.8,0,0,0,0,1
2026-02-18,S01,P005,Herbal Shampoo 250ml,11.0,220.0,0.0,0,18.0,0.0,7.0,25.0,4,Personal Care,Haircare,Botanica,220.0,140.0,730,Express,Mumbai,3500,1200,29.0,0.2,0,0,0,0,1
2026-02-19,S01,P005,Herbal Shampoo 250ml,7.0,220.0,0.0,0,7.0,0.0,0.0,25.0,4,Personal Care,Haircare,Botanica,220.0,140.0,730,Express,Mumbai,3500,1200,28.8,0.2,0,0,0,1,1
2026-02-20,S01,P005,Herbal Shampoo 250ml,0.0,220.0,0.0,0,0.0,0.0,0.0,25.0,4,Personal Care,Haircare,Botanica,220.0,140.0,730,Express,Mumbai,3500,1200,27.8,0.7,0,0,0,1,1
2026-02-21,S01,P005,Herbal Shampoo 250ml,11.0,220.0,0.0,0,67.0,67.0,56.0,25.0,4,Personal Care,Haircare,Botanica,220.0,140.0,730,Express,Mumbai,3500,1200,27.7,0.1,0,0,1,0,1
2026-02-22,S01,P005,Herbal Shampoo 250ml,18.0,187.0,0.15,1,56.0,0.0,38.0,25.0,4,Personal Care,Haircare,Botanica,220.0,140.0,730,Express,Mumbai,3500,1200,28.2,0.3,0,0,1,0,1
2026-02-23,S01,P005,Herbal Shampoo 250ml,11.0,220.0,0.0,0,38.0,0.0,27.0,25.0,4,Personal Care,Haircare,Botanica,220.0,140.0,730,Express,Mumbai,3500,1200,33.0,0.1,0,0,0,0,1
2026-02-24,S01,P005,Herbal Shampoo 250ml,10.0,220.0,0.0,0,27.0,0.0,17.0,25.0,4,Personal Care,Haircare,Botanica,220.0,140.0,730,Express,Mumbai,3500,1200,31.3,0.4,0,0,0,0,1
2026-02-25,S01,P005,Herbal Shampoo 250ml,9.0,220.0,0.0,0,17.0,0.0,8.0,25.0,4,Personal Care,Haircare,Botanica,220.0,140.0,730,Express,Mumbai,3500,1200,28.3,0.1,0,0,0,0,1
2026-02-26,S01,P005,Herbal Shampoo 250ml,8.0,220.0,0.0,0,8.0,0.0,0.0,25.0,4,Personal Care,Haircare,Botanica,220.0,140.0,730,Express,Mumbai,3500,1200,27.6,0.3,0,0,0,0,1
2026-02-27,S01,P005,Herbal Shampoo 250ml,0.0,220.0,0.0,0,0.0,0.0,0.0,25.0,4,Personal Care,Haircare,Botanica,220.0,140.0,730,Express,Mumbai,3500,1200,30.9,0.1,0,0,0,0,1
2026-02-28,S01,P005,Herbal Shampoo 250ml,12.0,220.0,0.0,0,67.0,67.0,55.0,25.0,4,Personal Care,Haircare,Botanica,220.0,140.0,730,Express,Mumbai,3500,1200,29.1,0.4,0,0,1,0,1
2026-03-01,S01,P005,Herbal Shampoo 250ml,14.0,187.0,0.15,1,55.0,0.0,41.0,25.0,4,Personal Care,Haircare,Botanica,220.0,140.0,730,Express,Mumbai,3500,1200,29.2,0.5,0,0,1,0,1
2026-03-02,S01,P005,Herbal Shampoo 250ml,7.0,220.0,0.0,0,41.0,0.0,34.0,25.0,4,Personal Care,Haircare,Botanica,220.0,140.0,730,Express,Mumbai,3500,1200,24.8,1.4,0,0,0,0,1
2026-03-03,S01,P005,Herbal Shampoo 250ml,13.0,198.0,0.1,1,34.0,0.0,21.0,25.0,4,Personal Care,Haircare,Botanica,220.0,140.0,730,Express,Mumbai,3500,1200,30.6,0.1,0,0,0,0,1
2026-03-04,S01,P005,Herbal Shampoo 250ml,7.0,220.0,0.0,1,21.0,0.0,14.0,25.0,4,Personal Care,Haircare,Botanica,220.0,140.0,730,Express,Mumbai,3500,1200,31.0,0.0,0,0,0,0,1
2026-03-05,S01,P005,Herbal Shampoo 250ml,9.0,220.0,0.0,0,14.0,0.0,5.0,25.0,4,Personal Care,Haircare,Botanica,220.0,140.0,730,Express,Mumbai,3500,1200,31.4,0.3,0,0,0,0,1
2026-03-06,S01,P005,Herbal Shampoo 250ml,5.0,220.0,0.0,0,5.0,0.0,0.0,25.0,4,Personal Care,Haircare,Botanica,220.0,140.0,730,Express,Mumbai,3500,1200,30.3,0.1,0,0,0,0,1
2026-03-07,S01,P005,Herbal Shampoo 250ml,12.0,220.0,0.0,0,67.0,67.0,55.0,25.0,4,Personal Care,Haircare,Botanica,220.0,140.0,730,Express,Mumbai,3500,1200,29.5,0.1,0,0,1,0,1
2026-03-08,S01,P005,Herbal Shampoo 250ml,19.0,220.0,0.0,0,55.0,0.0,36.0,25.0,4,Personal Care,Haircare,Botanica,220.0,140.0,730,Express,Mumbai,3500,1200,31.5,0.3,0,1,1,0,1
2026-03-09,S01,P005,Herbal Shampoo 250ml,11.0,220.0,0.0,0,36.0,0.0,25.0,25.0,4,Personal Care,Haircare,Botanica,220.0,140.0,730,Express,Mumbai,3500,1200,28.4,0.6,0,0,0,0,1
2026-03-10,S01,P005,Herbal Shampoo 250ml,9.0,220.0,0.0,0,25.0,0.0,16.0,25.0,4,Personal Care,Haircare,Botanica,220.0,140.0,730,Express,Mumbai,3500,1200,34.0,0.7,0,0,0,0,1
2026-03-11,S01,P005,Herbal Shampoo 250ml,9.0,220.0,0.0,0,16.0,0.0,7.0,25.0,4,Personal Care,Haircare,Botanica,220.0,140.0,730,Express,Mumbai,3500,1200,30.5,0.2,0,0,0,1,1
2026-03-12,S01,P005,Herbal Shampoo 250ml,7.0,220.0,0.0,0,7.0,0.0,0.0,25.0,4,Personal Care,Haircare,Botanica,220.0,140.0,730,Express,Mumbai,3500,1200,28.0,0.1,0,0,0,0,1
2026-03-13,S01,P005,Herbal Shampoo 250ml,12.0,220.0,0.0,0,67.0,67.0,55.0,25.0,4,Personal Care,Haircare,Botanica,220.0,140.0,730,Express,Mumbai,3500,1200,28.5,0.6,0,0,0,0,1
2026-03-14,S01,P005,Herbal Shampoo 250ml,12.0,220.0,0.0,0,55.0,0.0,43.0,25.0,4,Personal Care,Haircare,Botanica,220.0,140.0,730,Express,Mumbai,3500,1200,29.9,0.7,0,0,1,0,1
2026-03-15,S01,P005,Herbal Shampoo 250ml,15.0,220.0,0.0,1,43.0,0.0,28.0,25.0,4,Personal Care,Haircare,Botanica,220.0,140.0,730,Express,Mumbai,3500,1200,30.7,0.3,0,0,1,1,1
2026-03-16,S01,P005,Herbal Shampoo 250ml,8.0,220.0,0.0,0,28.0,0.0,20.0,25.0,4,Personal Care,Haircare,Botanica,220.0,140.0,730,Express,Mumbai,3500,1200,32.4,0.3,0,0,0,0,1
2026-03-17,S01,P005,Herbal Shampoo 250ml,12.0,220.0,0.0,0,20.0,0.0,8.0,25.0,4,Personal Care,Haircare,Botanica,220.0,140.0,730,Express,Mumbai,3500,1200,32.7,0.1,0,0,0,0,1
2026-03-18,S01,P005,Herbal Shampoo 250ml,8.0,198.0,0.1,1,8.0,0.0,0.0,25.0,4,Personal Care,Haircare,Botanica,220.0,140.0,730,Express,Mumbai,3500,1200,27.0,0.7,0,0,0,0,1
2026-03-19,S01,P005,Herbal Shampoo 250ml,0.0,220.0,0.0,0,0.0,0.0,0.0,25.0,4,Personal Care,Haircare,Botanica,220.0,140.0,730,Express,Mumbai,3500,1200,29.9,0.2,0,0,0,0,1
2026-03-20,S01,P005,Herbal Shampoo 250ml,8.0,220.0,0.0,0,67.0,67.0,59.0,25.0,4,Personal Care,Haircare,Botanica,220.0,140.0,730,Express,Mumbai,3500,1200,29.9,0.1,0,0,0,0,1
2026-03-21,S01,P005,Herbal Shampoo 250ml,14.0,220.0,0.0,0,59.0,0.0,45.0,25.0,4,Personal Care,Haircare,Botanica,220.0,140.0,730,Express,Mumbai,3500,1200,28.0,0.2,0,0,1,0,1
2026-03-22,S01,P005,Herbal Shampoo 250ml,16.0,187.0,0.15,1,45.0,0.0,29.0,25.0,4,Personal Care,Haircare,Botanica,220.0,140.0,730,Express,Mumbai,3500,1200,29.2,0.2,0,0,1,0,1
2026-03-23,S01,P005,Herbal Shampoo 250ml,10.0,220.0,0.0,0,29.0,0.0,19.0,25.0,4,Personal Care,Haircare,Botanica,220.0,140.0,730,Express,Mumbai,3500,1200,28.1,0.5,0,0,0,0,1
2026-03-24,S01,P005,Herbal Shampoo 250ml,13.0,176.0,0.2,1,19.0,0.0,6.0,25.0,4,Personal Care,Haircare,Botanica,220.0,140.0,730,Express,Mumbai,3500,1200,31.8,0.1,0,0,0,0,1
2026-03-25,S01,P005,Herbal Shampoo 250ml,6.0,220.0,0.0,0,6.0,0.0,0.0,25.0,4,Personal Care,Haircare,Botanica,220.0,140.0,730,Express,Mumbai,3500,1200,26.5,0.5,0,1,0,0,1
2026-03-26,S01,P005,Herbal Shampoo 250ml,0.0,220.0,0.0,0,0.0,0.0,0.0,25.0,4,Personal Care,Haircare,Botanica,220.0,140.0,730,Express,Mumbai,3500,1200,27.9,0.2,0,0,0,0,1
2026-03-27,S01,P005,Herbal Shampoo 250ml,11.0,220.0,0.0,0,67.0,67.0,56.0,25.0,4,Personal Care,Haircare,Botanica,220.0,140.0,730,Express,Mumbai,3500,1200,29.0,0.3,0,0,0,0,1
2026-03-28,S01,P005,Herbal Shampoo 250ml,12.0,220.0,0.0,0,56.0,0.0,44.0,25.0,4,Personal Care,Haircare,Botanica,220.0,140.0,730,Express,Mumbai,3500,1200,31.1,0.7,0,0,1,0,1
2026-03-29,S01,P005,Herbal Shampoo 250ml,15.0,220.0,0.0,0,44.0,0.0,29.0,25.0,4,Personal Care,Haircare,Botanica,220.0,140.0,730,Express,Mumbai,3500,1200,26.8,1.0,0,0,1,0,1
2026-03-30,S01,P005,Herbal Shampoo 250ml,8.0,220.0,0.0,0,29.0,0.0,21.0,25.0,4,Personal Care,Haircare,Botanica,220.0,140.0,730,Express,Mumbai,3500,1200,28.3,0.4,0,0,0,0,1
2026-03-31,S01,P005,Herbal Shampoo 250ml,10.0,220.0,0.0,1,21.0,0.0,11.0,25.0,4,Personal Care,Haircare,Botanica,220.0,140.0,730,Express,Mumbai,3500,1200,30.4,0.8,0,0,0,0,1
2026-04-01,S01,P005,Herbal Shampoo 250ml,9.0,220.0,0.0,0,11.0,0.0,2.0,25.0,4,Personal Care,Haircare,Botanica,220.0,140.0,730,Express,Mumbai,3500,1200,31.3,0.0,0,0,0,0,1
2026-04-02,S01,P005,Herbal Shampoo 250ml,2.0,220.0,0.0,0,2.0,0.0,0.0,25.0,4,Personal Care,Haircare,Botanica,220.0,140.0,730,Express,Mumbai,3500,1200,28.4,0.1,0,0,0,0,1
2026-04-03,S01,P005,Herbal Shampoo 250ml,10.0,220.0,0.0,0,67.0,67.0,57.0,25.0,4,Personal Care,Haircare,Botanica,220.0,140.0,730,Express,Mumbai,3500,1200,27.7,0.7,0,0,0,0,1
2026-04-04,S01,P005,Herbal Shampoo 250ml,12.0,220.0,0.0,0,57.0,0.0,45.0,25.0,4,Personal Care,Haircare,Botanica,220.0,140.0,730,Express,Mumbai,3500,1200,27.3,1.9,0,0,1,0,1
2026-04-05,S01,P005,Herbal Shampoo 250ml,12.0,220.0,0.0,0,45.0,0.0,33.0,25.0,4,Personal Care,Haircare,Botanica,220.0,140.0,730,Express,Mumbai,3500,1200,32.0,0.7,0,0,1,0,1
2026-04-06,S01,P005,Herbal Shampoo 250ml,9.0,220.0,0.0,0,33.0,0.0,24.0,25.0,4,Personal Care,Haircare,Botanica,220.0,140.0,730,Express,Mumbai,3500,1200,28.0,0.6,0,0,0,0,1
2026-04-07,S01,P005,Herbal Shampoo 250ml,8.0,220.0,0.0,0,24.0,0.0,16.0,25.0,4,Personal Care,Haircare,Botanica,220.0,140.0,730,Express,Mumbai,3500,1200,30.0,0.2,0,0,0,0,1
2026-04-08,S01,P005,Herbal Shampoo 250ml,10.0,220.0,0.0,0,16.0,0.0,6.0,25.0,4,Personal Care,Haircare,Botanica,220.0,140.0,730,Express,Mumbai,3500,1200,28.3,0.3,0,0,0,0,1
2026-04-09,S01,P005,Herbal Shampoo 250ml,6.0,220.0,0.0,0,6.0,0.0,0.0,25.0,4,Personal Care,Haircare,Botanica,220.0,140.0,730,Express,Mumbai,3500,1200,30.1,0.2,0,0,0,0,1
2026-04-10,S01,P005,Herbal Shampoo 250ml,10.0,220.0,0.0,0,67.0,67.0,57.0,25.0,4,Personal Care,Haircare,Botanica,220.0,140.0,730,Express,Mumbai,3500,1200,29.2,1.6,0,0,0,0,1
2026-04-11,S01,P005,Herbal Shampoo 250ml,12.0,220.0,0.0,0,57.0,0.0,45.0,25.0,4,Personal Care,Haircare,Botanica,220.0,140.0,730,Express,Mumbai,3500,1200,29.8,0.1,0,0,1,0,1
2026-04-12,S01,P005,Herbal Shampoo 250ml,13.0,220.0,0.0,0,45.0,0.0,32.0,25.0,4,Personal Care,Haircare,Botanica,220.0,140.0,730,Express,Mumbai,3500,1200,30.4,0.2,0,0,1,0,1
2026-04-13,S01,P005,Herbal Shampoo 250ml,10.0,220.0,0.0,0,32.0,0.0,22.0,25.0,4,Personal Care,Haircare,Botanica,220.0,140.0,730,Express,Mumbai,3500,1200,28.7,0.6,0,0,0,0,1
2026-04-14,S01,P005,Herbal Shampoo 250ml,7.0,220.0,0.0,0,22.0,0.0,15.0,25.0,4,Personal Care,Haircare,Botanica,220.0,140.0,730,Express,Mumbai,3500,1200,29.8,0.5,1,0,0,0,1
2026-04-15,S01,P005,Herbal Shampoo 250ml,10.0,198.0,0.1,1,15.0,0.0,5.0,25.0,4,Personal Care,Haircare,Botanica,220.0,140.0,730,Express,Mumbai,3500,1200,31.8,1.0,0,0,0,0,1
2026-04-16,S01,P005,Herbal Shampoo 250ml,5.0,220.0,0.0,0,5.0,0.0,0.0,25.0,4,Personal Care,Haircare,Botanica,220.0,140.0,730,Express,Mumbai,3500,1200,27.6,1.4,0,0,0,0,1
2026-04-17,S01,P005,Herbal Shampoo 250ml,10.0,220.0,0.0,0,67.0,67.0,57.0,25.0,4,Personal Care,Haircare,Botanica,220.0,140.0,730,Express,Mumbai,3500,1200,31.0,2.2,0,0,0,0,1
2026-04-18,S01,P005,Herbal Shampoo 250ml,15.0,220.0,0.0,0,57.0,0.0,42.0,25.0,4,Personal Care,Haircare,Botanica,220.0,140.0,730,Express,Mumbai,3500,1200,32.2,0.5,0,0,1,0,1
2026-04-19,S01,P005,Herbal Shampoo 250ml,14.0,220.0,0.0,0,42.0,0.0,28.0,25.0,4,Personal Care,Haircare,Botanica,220.0,140.0,730,Express,Mumbai,3500,1200,30.7,0.5,0,0,1,0,1
2026-04-20,S01,P005,Herbal Shampoo 250ml,7.0,220.0,0.0,0,28.0,0.0,21.0,25.0,4,Personal Care,Haircare,Botanica,220.0,140.0,730,Express,Mumbai,3500,1200,29.1,0.8,0,0,0,0,1
2026-04-21,S01,P005,Herbal Shampoo 250ml,10.0,220.0,0.0,0,21.0,0.0,11.0,25.0,4,Personal Care,Haircare,Botanica,220.0,140.0,730,Express,Mumbai,3500,1200,29.2,0.3,0,0,0,0,1
2026-04-22,S01,P005,Herbal Shampoo 250ml,9.0,220.0,0.0,0,11.0,0.0,2.0,25.0,4,Personal Care,Haircare,Botanica,220.0,140.0,730,Express,Mumbai,3500,1200,28.6,0.1,0,0,0,0,1
2026-04-23,S01,P005,Herbal Shampoo 250ml,2.0,220.0,0.0,0,2.0,0.0,0.0,25.0,4,Personal Care,Haircare,Botanica,220.0,140.0,730,Express,Mumbai,3500,1200,28.4,0.2,0,0,0,0,1
2026-04-24,S01,P005,Herbal Shampoo 250ml,15.0,176.0,0.2,1,67.0,67.0,52.0,25.0,4,Personal Care,Haircare,Botanica,220.0,140.0,730,Express,Mumbai,3500,1200,31.3,1.0,0,0,0,0,1
2026-04-25,S01,P005,Herbal Shampoo 250ml,13.0,220.0,0.0,0,52.0,0.0,39.0,25.0,4,Personal Care,Haircare,Botanica,220.0,140.0,730,Express,Mumbai,3500,1200,30.2,0.2,0,0,1,0,1
2026-04-26,S01,P005,Herbal Shampoo 250ml,14.0,220.0,0.0,0,39.0,0.0,25.0,25.0,4,Personal Care,Haircare,Botanica,220.0,140.0,730,Express,Mumbai,3500,1200,23.8,1.1,0,0,1,0,1
2026-04-27,S01,P005,Herbal Shampoo 250ml,9.0,220.0,0.0,0,25.0,0.0,16.0,25.0,4,Personal Care,Haircare,Botanica,220.0,140.0,730,Express,Mumbai,3500,1200,28.9,0.5,0,0,0,0,1
2026-04-28,S01,P005,Herbal Shampoo 250ml,9.0,220.0,0.0,0,16.0,0.0,7.0,25.0,4,Personal Care,Haircare,Botanica,220.0,140.0,730,Express,Mumbai,3500,1200,32.0,0.1,0,0,0,0,1
2026-04-29,S01,P005,Herbal Shampoo 250ml,7.0,220.0,0.0,0,7.0,0.0,0.0,25.0,4,Personal Care,Haircare,Botanica,220.0,140.0,730,Express,Mumbai,3500,1200,26.7,0.1,0,0,0,0,1
2026-04-30,S01,P005,Herbal Shampoo 250ml,8.0,220.0,0.0,0,67.0,67.0,59.0,25.0,4,Personal Care,Haircare,Botanica,220.0,140.0,730,Express,Mumbai,3500,1200,30.8,2.7,0,0,0,0,1
2026-05-01,S01,P005,Herbal Shampoo 250ml,15.0,220.0,0.0,0,59.0,0.0,44.0,25.0,4,Personal Care,Haircare,Botanica,220.0,140.0,730,Express,Mumbai,3500,1200,28.1,0.1,1,1,0,0,1
2026-05-02,S01,P005,Herbal Shampoo 250ml,17.0,198.0,0.1,1,44.0,0.0,27.0,25.0,4,Personal Care,Haircare,Botanica,220.0,140.0,730,Express,Mumbai,3500,1200,29.9,0.1,0,0,1,0,1
2026-05-03,S01,P005,Herbal Shampoo 250ml,14.0,220.0,0.0,0,27.0,0.0,13.0,25.0,4,Personal Care,Haircare,Botanica,220.0,140.0,730,Express,Mumbai,3500,1200,27.0,0.6,0,0,1,0,1
2026-05-04,S01,P005,Herbal Shampoo 250ml,9.0,220.0,0.0,0,13.0,0.0,4.0,25.0,4,Personal Care,Haircare,Botanica,220.0,140.0,730,Express,Mumbai,3500,1200,29.0,0.6,0,0,0,0,1
2026-05-05,S01,P005,Herbal Shampoo 250ml,4.0,220.0,0.0,0,4.0,0.0,0.0,25.0,4,Personal Care,Haircare,Botanica,220.0,140.0,730,Express,Mumbai,3500,1200,30.2,0.2,0,0,0,0,1
2026-05-06,S01,P005,Herbal Shampoo 250ml,0.0,220.0,0.0,0,0.0,0.0,0.0,25.0,4,Personal Care,Haircare,Botanica,220.0,140.0,730,Express,Mumbai,3500,1200,31.9,0.6,0,0,0,0,1
2026-05-07,S01,P005,Herbal Shampoo 250ml,11.0,220.0,0.0,0,67.0,67.0,56.0,25.0,4,Personal Care,Haircare,Botanica,220.0,140.0,730,Express,Mumbai,3500,1200,29.9,0.0,0,0,0,0,1
2026-05-08,S01,P005,Herbal Shampoo 250ml,11.0,220.0,0.0,0,56.0,0.0,45.0,25.0,4,Personal Care,Haircare,Botanica,220.0,140.0,730,Express,Mumbai,3500,1200,27.3,0.4,0,0,0,1,1
2026-05-09,S01,P005,Herbal Shampoo 250ml,14.0,220.0,0.0,0,45.0,0.0,31.0,25.0,4,Personal Care,Haircare,Botanica,220.0,140.0,730,Express,Mumbai,3500,1200,27.9,1.0,0,0,1,0,1
2026-05-10,S01,P005,Herbal Shampoo 250ml,17.0,198.0,0.1,1,31.0,0.0,14.0,25.0,4,Personal Care,Haircare,Botanica,220.0,140.0,730,Express,Mumbai,3500,1200,27.5,1.5,0,0,1,0,1
2026-05-11,S01,P005,Herbal Shampoo 250ml,11.0,187.0,0.15,1,14.0,0.0,3.0,25.0,4,Personal Care,Haircare,Botanica,220.0,140.0,730,Express,Mumbai,3500,1200,26.1,0.1,0,0,0,0,1
2026-05-12,S01,P005,Herbal Shampoo 250ml,3.0,220.0,0.0,0,3.0,0.0,0.0,25.0,4,Personal Care,Haircare,Botanica,220.0,140.0,730,Express,Mumbai,3500,1200,26.3,1.9,0,0,0,0,1
2026-05-13,S01,P005,Herbal Shampoo 250ml,0.0,220.0,0.0,0,0.0,0.0,0.0,25.0,4,Personal Care,Haircare,Botanica,220.0,140.0,730,Express,Mumbai,3500,1200,30.5,0.2,0,0,0,0,1
2026-05-14,S01,P005,Herbal Shampoo 250ml,8.0,220.0,0.0,0,67.0,67.0,59.0,25.0,4,Personal Care,Haircare,Botanica,220.0,140.0,730,Express,Mumbai,3500,1200,30.2,0.9,0,0,0,0,1
2026-05-15,S01,P005,Herbal Shampoo 250ml,8.0,220.0,0.0,0,59.0,0.0,51.0,25.0,4,Personal Care,Haircare,Botanica,220.0,140.0,730,Express,Mumbai,3500,1200,25.9,0.0,0,0,0,0,1
2026-05-16,S01,P005,Herbal Shampoo 250ml,14.0,187.0,0.15,1,51.0,0.0,37.0,25.0,4,Personal Care,Haircare,Botanica,220.0,140.0,730,Express,Mumbai,3500,1200,27.6,0.7,0,0,1,1,1
2026-05-17,S01,P005,Herbal Shampoo 250ml,12.0,220.0,0.0,0,37.0,0.0,25.0,25.0,4,Personal Care,Haircare,Botanica,220.0,140.0,730,Express,Mumbai,3500,1200,27.7,0.7,0,0,1,0,1
2026-05-18,S01,P005,Herbal Shampoo 250ml,9.0,220.0,0.0,0,25.0,0.0,16.0,25.0,4,Personal Care,Haircare,Botanica,220.0,140.0,730,Express,Mumbai,3500,1200,26.3,0.2,0,0,0,0,1
2026-05-19,S01,P005,Herbal Shampoo 250ml,10.0,220.0,0.0,0,16.0,0.0,6.0,25.0,4,Personal Care,Haircare,Botanica,220.0,140.0,730,Express,Mumbai,3500,1200,25.0,0.6,0,0,0,0,1
2026-05-20,S01,P005,Herbal Shampoo 250ml,6.0,220.0,0.0,0,6.0,0.0,0.0,25.0,4,Personal Care,Haircare,Botanica,220.0,140.0,730,Express,Mumbai,3500,1200,30.2,0.7,0,0,0,0,1
2026-05-21,S01,P005,Herbal Shampoo 250ml,10.0,220.0,0.0,0,67.0,67.0,57.0,25.0,4,Personal Care,Haircare,Botanica,220.0,140.0,730,Express,Mumbai,3500,1200,25.5,0.2,0,0,0,0,1
2026-05-22,S01,P005,Herbal Shampoo 250ml,10.0,220.0,0.0,0,57.0,0.0,47.0,25.0,4,Personal Care,Haircare,Botanica,220.0,140.0,730,Express,Mumbai,3500,1200,26.9,0.0,0,0,0,1,1
2026-05-23,S01,P005,Herbal Shampoo 250ml,13.0,220.0,0.0,0,47.0,0.0,34.0,25.0,4,Personal Care,Haircare,Botanica,220.0,140.0,730,Express,Mumbai,3500,1200,26.2,2.0,0,0,1,0,1
2026-05-24,S01,P005,Herbal Shampoo 250ml,11.0,220.0,0.0,1,34.0,0.0,23.0,25.0,4,Personal Care,Haircare,Botanica,220.0,140.0,730,Express,Mumbai,3500,1200,29.3,0.1,0,0,1,0,1
2026-05-25,S01,P005,Herbal Shampoo 250ml,10.0,220.0,0.0,0,23.0,0.0,13.0,25.0,4,Personal Care,Haircare,Botanica,220.0,140.0,730,Express,Mumbai,3500,1200,28.3,0.6,0,0,0,0,1
2026-05-26,S01,P005,Herbal Shampoo 250ml,10.0,220.0,0.0,0,13.0,0.0,3.0,25.0,4,Personal Care,Haircare,Botanica,220.0,140.0,730,Express,Mumbai,3500,1200,30.5,1.3,0,0,0,0,1
2026-05-27,S01,P005,Herbal Shampoo 250ml,3.0,220.0,0.0,0,3.0,0.0,0.0,25.0,4,Personal Care,Haircare,Botanica,220.0,140.0,730,Express,Mumbai,3500,1200,27.6,0.1,0,0,0,0,1
2026-05-28,S01,P005,Herbal Shampoo 250ml,12.0,220.0,0.0,0,67.0,67.0,55.0,25.0,4,Personal Care,Haircare,Botanica,220.0,140.0,730,Express,Mumbai,3500,1200,28.0,1.4,0,0,0,0,1
2026-05-29,S01,P005,Herbal Shampoo 250ml,11.0,220.0,0.0,0,55.0,0.0,44.0,25.0,4,Personal Care,Haircare,Botanica,220.0,140.0,730,Express,Mumbai,3500,1200,28.0,0.1,0,0,0,0,1
2026-05-30,S01,P005,Herbal Shampoo 250ml,9.0,220.0,0.0,0,44.0,0.0,35.0,25.0,4,Personal Care,Haircare,Botanica,220.0,140.0,730,Express,Mumbai,3500,1200,26.9,0.3,0,0,1,0,1
2026-05-31,S01,P005,Herbal Shampoo 250ml,12.0,220.0,0.0,0,35.0,0.0,23.0,25.0,4,Personal Care,Haircare,Botanica,220.0,140.0,730,Express,Mumbai,3500,1200,26.4,1.0,0,0,1,0,1
2026-06-01,S01,P005,Herbal Shampoo 250ml,10.0,220.0,0.0,0,23.0,0.0,13.0,25.0,4,Personal Care,Haircare,Botanica,220.0,140.0,730,Express,Mumbai,3500,1200,23.2,3.9,0,0,0,0,1
2026-06-02,S01,P005,Herbal Shampoo 250ml,9.0,220.0,0.0,0,13.0,0.0,4.0,25.0,4,Personal Care,Haircare,Botanica,220.0,140.0,730,Express,Mumbai,3500,1200,23.0,8.4,0,0,0,0,1
2026-06-03,S01,P005,Herbal Shampoo 250ml,4.0,220.0,0.0,0,4.0,0.0,0.0,25.0,4,Personal Care,Haircare,Botanica,220.0,140.0,730,Express,Mumbai,3500,1200,29.5,6.3,0,0,0,0,1
2026-06-04,S01,P005,Herbal Shampoo 250ml,9.0,220.0,0.0,0,67.0,67.0,58.0,25.0,4,Personal Care,Haircare,Botanica,220.0,140.0,730,Express,Mumbai,3500,1200,24.8,10.5,0,0,0,0,1
2026-06-05,S01,P005,Herbal Shampoo 250ml,14.0,176.0,0.2,1,58.0,0.0,44.0,25.0,4,Personal Care,Haircare,Botanica,220.0,140.0,730,Express,Mumbai,3500,1200,22.9,11.0,0,0,0,0,1
2026-06-06,S01,P005,Herbal Shampoo 250ml,19.0,187.0,0.15,1,44.0,0.0,25.0,25.0,4,Personal Care,Haircare,Botanica,220.0,140.0,730,Express,Mumbai,3500,1200,26.6,10.6,0,0,1,0,1
2026-06-07,S01,P005,Herbal Shampoo 250ml,12.0,220.0,0.0,0,25.0,0.0,13.0,25.0,4,Personal Care,Haircare,Botanica,220.0,140.0,730,Express,Mumbai,3500,1200,26.1,0.5,0,0,1,0,1
2026-06-08,S01,P005,Herbal Shampoo 250ml,8.0,220.0,0.0,0,13.0,0.0,5.0,25.0,4,Personal Care,Haircare,Botanica,220.0,140.0,730,Express,Mumbai,3500,1200,26.6,8.8,0,0,0,0,1
2026-06-09,S01,P005,Herbal Shampoo 250ml,5.0,220.0,0.0,0,5.0,0.0,0.0,25.0,4,Personal Care,Haircare,Botanica,220.0,140.0,730,Express,Mumbai,3500,1200,21.4,2.8,0,0,0,0,1
2026-06-10,S01,P005,Herbal Shampoo 250ml,10.0,220.0,0.0,0,67.0,67.0,57.0,25.0,4,Personal Care,Haircare,Botanica,220.0,140.0,730,Express,Mumbai,3500,1200,25.9,21.3,0,0,0,0,1
2026-06-11,S01,P005,Herbal Shampoo 250ml,7.0,220.0,0.0,0,57.0,0.0,50.0,25.0,4,Personal Care,Haircare,Botanica,220.0,140.0,730,Express,Mumbai,3500,1200,25.9,0.2,0,0,0,0,1
2026-06-12,S01,P005,Herbal Shampoo 250ml,8.0,220.0,0.0,0,50.0,0.0,42.0,25.0,4,Personal Care,Haircare,Botanica,220.0,140.0,730,Express,Mumbai,3500,1200,27.3,3.1,0,0,0,0,1
2026-06-13,S01,P005,Herbal Shampoo 250ml,14.0,220.0,0.0,0,42.0,0.0,28.0,25.0,4,Personal Care,Haircare,Botanica,220.0,140.0,730,Express,Mumbai,3500,1200,22.2,0.6,0,0,1,0,1
2026-06-14,S01,P005,Herbal Shampoo 250ml,12.0,220.0,0.0,0,28.0,0.0,16.0,25.0,4,Personal Care,Haircare,Botanica,220.0,140.0,730,Express,Mumbai,3500,1200,24.2,0.6,0,0,1,0,1
2026-06-15,S01,P005,Herbal Shampoo 250ml,16.0,220.0,0.0,0,16.0,0.0,0.0,25.0,4,Personal Care,Haircare,Botanica,220.0,140.0,730,Express,Mumbai,3500,1200,26.7,1.8,0,1,0,0,1
2026-06-16,S01,P005,Herbal Shampoo 250ml,0.0,220.0,0.0,0,0.0,0.0,0.0,25.0,4,Personal Care,Haircare,Botanica,220.0,140.0,730,Express,Mumbai,3500,1200,27.2,5.5,0,0,0,0,1
2026-06-17,S01,P005,Herbal Shampoo 250ml,0.0,198.0,0.1,1,0.0,0.0,0.0,25.0,4,Personal Care,Haircare,Botanica,220.0,140.0,730,Express,Mumbai,3500,1200,21.2,2.5,0,0,0,0,1
2026-06-18,S01,P005,Herbal Shampoo 250ml,11.0,220.0,0.0,0,67.0,67.0,56.0,25.0,4,Personal Care,Haircare,Botanica,220.0,140.0,730,Express,Mumbai,3500,1200,25.2,6.6,0,0,0,0,1
2026-06-19,S01,P005,Herbal Shampoo 250ml,14.0,176.0,0.2,1,56.0,0.0,42.0,25.0,4,Personal Care,Haircare,Botanica,220.0,140.0,730,Express,Mumbai,3500,1200,20.0,5.2,0,0,0,0,1
2026-06-20,S01,P005,Herbal Shampoo 250ml,15.0,220.0,0.0,0,42.0,0.0,27.0,25.0,4,Personal Care,Haircare,Botanica,220.0,140.0,730,Express,Mumbai,3500,1200,20.4,1.1,0,0,1,0,1
2026-06-21,S01,P005,Herbal Shampoo 250ml,12.0,220.0,0.0,0,27.0,0.0,15.0,25.0,4,Personal Care,Haircare,Botanica,220.0,140.0,730,Express,Mumbai,3500,1200,24.4,0.4,0,0,1,0,1
2026-06-22,S01,P005,Herbal Shampoo 250ml,9.0,220.0,0.0,0,15.0,0.0,6.0,25.0,4,Personal Care,Haircare,Botanica,220.0,140.0,730,Express,Mumbai,3500,1200,24.9,6.7,0,0,0,0,1
2026-06-23,S01,P005,Herbal Shampoo 250ml,6.0,220.0,0.0,0,6.0,0.0,0.0,25.0,4,Personal Care,Haircare,Botanica,220.0,140.0,730,Express,Mumbai,3500,1200,22.3,3.6,0,0,0,0,1
2026-06-24,S01,P005,Herbal Shampoo 250ml,0.0,220.0,0.0,0,0.0,0.0,0.0,25.0,4,Personal Care,Haircare,Botanica,220.0,140.0,730,Express,Mumbai,3500,1200,23.9,6.7,0,0,0,0,1
2026-06-25,S01,P005,Herbal Shampoo 250ml,10.0,220.0,0.0,0,67.0,67.0,57.0,25.0,4,Personal Care,Haircare,Botanica,220.0,140.0,730,Express,Mumbai,3500,1200,21.0,0.5,0,0,0,0,1
2026-06-26,S01,P005,Herbal Shampoo 250ml,9.0,220.0,0.0,0,57.0,0.0,48.0,25.0,4,Personal Care,Haircare,Botanica,220.0,140.0,730,Express,Mumbai,3500,1200,23.0,8.3,0,0,0,0,1
2026-06-27,S01,P005,Herbal Shampoo 250ml,12.0,220.0,0.0,0,48.0,0.0,36.0,25.0,4,Personal Care,Haircare,Botanica,220.0,140.0,730,Express,Mumbai,3500,1200,23.7,6.2,0,0,1,0,1
2026-06-28,S01,P005,Herbal Shampoo 250ml,14.0,220.0,0.0,0,36.0,0.0,22.0,25.0,4,Personal Care,Haircare,Botanica,220.0,140.0,730,Express,Mumbai,3500,1200,20.8,2.0,0,0,1,0,1
2026-06-29,S01,P005,Herbal Shampoo 250ml,11.0,176.0,0.2,1,22.0,0.0,11.0,25.0,4,Personal Care,Haircare,Botanica,220.0,140.0,730,Express,Mumbai,3500,1200,21.3,1.6,0,0,0,1,1
2026-01-01,S02,P001,Fresh Organic Milk 1L,64.0,60.0,0.0,0,150.0,0.0,86.0,50.0,2,Dairy,Milk,NutriDairy,60.0,45.0,4,Supermarket,Delhi,15000,4500,21.1,0.0,1,0,0,0,1
2026-01-02,S02,P001,Fresh Organic Milk 1L,57.0,60.0,0.0,0,86.0,0.0,29.0,50.0,2,Dairy,Milk,NutriDairy,60.0,45.0,4,Supermarket,Delhi,15000,4500,18.9,0.4,0,0,0,0,1
2026-01-03,S02,P001,Fresh Organic Milk 1L,29.0,60.0,0.0,0,29.0,0.0,0.0,50.0,2,Dairy,Milk,NutriDairy,60.0,45.0,4,Supermarket,Delhi,15000,4500,22.4,0.2,0,0,1,0,1
2026-01-04,S02,P001,Fresh Organic Milk 1L,78.0,60.0,0.0,1,420.0,420.0,342.0,50.0,2,Dairy,Milk,NutriDairy,60.0,45.0,4,Supermarket,Delhi,15000,4500,18.4,1.3,0,0,1,1,1
2026-01-05,S02,P001,Fresh Organic Milk 1L,57.0,60.0,0.0,0,342.0,0.0,285.0,50.0,2,Dairy,Milk,NutriDairy,60.0,45.0,4,Supermarket,Delhi,15000,4500,22.3,0.6,0,0,0,0,1
2026-01-06,S02,P001,Fresh Organic Milk 1L,47.0,60.0,0.0,0,285.0,0.0,238.0,50.0,2,Dairy,Milk,NutriDairy,60.0,45.0,4,Supermarket,Delhi,15000,4500,22.1,0.3,0,0,0,0,1
2026-01-07,S02,P001,Fresh Organic Milk 1L,59.0,60.0,0.0,0,238.0,0.0,179.0,50.0,2,Dairy,Milk,NutriDairy,60.0,45.0,4,Supermarket,Delhi,15000,4500,25.3,0.1,0,0,0,0,1
2026-01-08,S02,P001,Fresh Organic Milk 1L,60.0,60.0,0.0,0,179.0,0.0,119.0,50.0,2,Dairy,Milk,NutriDairy,60.0,45.0,4,Supermarket,Delhi,15000,4500,23.4,0.3,0,0,0,0,1
2026-01-09,S02,P001,Fresh Organic Milk 1L,51.0,60.0,0.0,0,119.0,0.0,68.0,50.0,2,Dairy,Milk,NutriDairy,60.0,45.0,4,Supermarket,Delhi,15000,4500,19.4,0.6,0,0,0,0,1
2026-01-10,S02,P001,Fresh Organic Milk 1L,68.0,60.0,0.0,0,68.0,0.0,0.0,50.0,2,Dairy,Milk,NutriDairy,60.0,45.0,4,Supermarket,Delhi,15000,4500,22.5,0.2,0,0,1,0,1
2026-01-11,S02,P001,Fresh Organic Milk 1L,0.0,60.0,0.0,0,0.0,0.0,0.0,50.0,2,Dairy,Milk,NutriDairy,60.0,45.0,4,Supermarket,Delhi,15000,4500,26.1,0.2,0,0,1,0,1
2026-01-12,S02,P001,Fresh Organic Milk 1L,50.0,60.0,0.0,0,420.0,420.0,370.0,50.0,2,Dairy,Milk,NutriDairy,60.0,45.0,4,Supermarket,Delhi,15000,4500,22.6,2.5,0,0,0,0,1
2026-01-13,S02,P001,Fresh Organic Milk 1L,61.0,60.0,0.0,0,370.0,0.0,309.0,50.0,2,Dairy,Milk,NutriDairy,60.0,45.0,4,Supermarket,Delhi,15000,4500,20.1,0.4,0,0,0,0,1
2026-01-14,S02,P001,Fresh Organic Milk 1L,55.0,60.0,0.0,0,309.0,0.0,254.0,50.0,2,Dairy,Milk,NutriDairy,60.0,45.0,4,Supermarket,Delhi,15000,4500,22.1,0.2,0,0,0,0,1
2026-01-15,S02,P001,Fresh Organic Milk 1L,59.0,60.0,0.0,0,254.0,0.0,195.0,50.0,2,Dairy,Milk,NutriDairy,60.0,45.0,4,Supermarket,Delhi,15000,4500,22.1,0.1,0,0,0,0,1
2026-01-16,S02,P001,Fresh Organic Milk 1L,57.0,60.0,0.0,0,195.0,0.0,138.0,50.0,2,Dairy,Milk,NutriDairy,60.0,45.0,4,Supermarket,Delhi,15000,4500,23.8,0.1,0,0,0,0,1
2026-01-17,S02,P001,Fresh Organic Milk 1L,83.0,60.0,0.0,0,138.0,0.0,55.0,50.0,2,Dairy,Milk,NutriDairy,60.0,45.0,4,Supermarket,Delhi,15000,4500,25.0,0.7,0,0,1,0,1
2026-01-18,S02,P001,Fresh Organic Milk 1L,55.0,54.0,0.1,1,55.0,0.0,0.0,50.0,2,Dairy,Milk,NutriDairy,60.0,45.0,4,Supermarket,Delhi,15000,4500,26.6,0.2,0,0,1,0,1
2026-01-19,S02,P001,Fresh Organic Milk 1L,0.0,60.0,0.0,0,0.0,0.0,0.0,50.0,2,Dairy,Milk,NutriDairy,60.0,45.0,4,Supermarket,Delhi,15000,4500,26.5,0.5,0,0,0,0,1
2026-01-20,S02,P001,Fresh Organic Milk 1L,54.0,60.0,0.0,0,420.0,420.0,366.0,50.0,2,Dairy,Milk,NutriDairy,60.0,45.0,4,Supermarket,Delhi,15000,4500,23.9,0.1,0,0,0,0,1
2026-01-21,S02,P001,Fresh Organic Milk 1L,68.0,60.0,0.0,0,366.0,0.0,298.0,50.0,2,Dairy,Milk,NutriDairy,60.0,45.0,4,Supermarket,Delhi,15000,4500,22.5,0.1,0,0,0,0,1
2026-01-22,S02,P001,Fresh Organic Milk 1L,50.0,60.0,0.0,0,298.0,0.0,248.0,50.0,2,Dairy,Milk,NutriDairy,60.0,45.0,4,Supermarket,Delhi,15000,4500,26.1,0.0,0,0,0,0,1
2026-01-23,S02,P001,Fresh Organic Milk 1L,58.0,60.0,0.0,0,248.0,0.0,190.0,50.0,2,Dairy,Milk,NutriDairy,60.0,45.0,4,Supermarket,Delhi,15000,4500,24.3,0.1,0,0,0,0,1
2026-01-24,S02,P001,Fresh Organic Milk 1L,81.0,60.0,0.0,0,190.0,0.0,109.0,50.0,2,Dairy,Milk,NutriDairy,60.0,45.0,4,Supermarket,Delhi,15000,4500,24.5,0.0,0,0,1,0,1
2026-01-25,S02,P001,Fresh Organic Milk 1L,82.0,60.0,0.0,0,109.0,0.0,27.0,50.0,2,Dairy,Milk,NutriDairy,60.0,45.0,4,Supermarket,Delhi,15000,4500,27.1,0.2,0,0,1,0,1
2026-01-26,S02,P001,Fresh Organic Milk 1L,27.0,60.0,0.0,0,27.0,0.0,0.0,50.0,2,Dairy,Milk,NutriDairy,60.0,45.0,4,Supermarket,Delhi,15000,4500,25.8,0.2,1,1,0,0,1
2026-01-27,S02,P001,Fresh Organic Milk 1L,53.0,60.0,0.0,0,420.0,420.0,367.0,50.0,2,Dairy,Milk,NutriDairy,60.0,45.0,4,Supermarket,Delhi,15000,4500,28.1,0.7,0,0,0,0,1
2026-01-28,S02,P001,Fresh Organic Milk 1L,66.0,60.0,0.0,0,367.0,0.0,301.0,50.0,2,Dairy,Milk,NutriDairy,60.0,45.0,4,Supermarket,Delhi,15000,4500,27.0,0.0,0,0,0,0,1
2026-01-29,S02,P001,Fresh Organic Milk 1L,66.0,60.0,0.0,0,301.0,0.0,235.0,50.0,2,Dairy,Milk,NutriDairy,60.0,45.0,4,Supermarket,Delhi,15000,4500,28.5,1.9,0,0,0,0,1
2026-01-30,S02,P001,Fresh Organic Milk 1L,59.0,60.0,0.0,0,235.0,0.0,176.0,50.0,2,Dairy,Milk,NutriDairy,60.0,45.0,4,Supermarket,Delhi,15000,4500,28.1,0.1,0,0,0,0,1
2026-01-31,S02,P001,Fresh Organic Milk 1L,73.0,60.0,0.0,0,176.0,0.0,103.0,50.0,2,Dairy,Milk,NutriDairy,60.0,45.0,4,Supermarket,Delhi,15000,4500,28.4,0.3,0,0,1,0,1
2026-02-01,S02,P001,Fresh Organic Milk 1L,88.0,60.0,0.0,0,103.0,0.0,15.0,50.0,2,Dairy,Milk,NutriDairy,60.0,45.0,4,Supermarket,Delhi,15000,4500,24.5,0.0,0,0,1,0,1
2026-02-02,S02,P001,Fresh Organic Milk 1L,15.0,51.0,0.15,1,15.0,0.0,0.0,50.0,2,Dairy,Milk,NutriDairy,60.0,45.0,4,Supermarket,Delhi,15000,4500,25.4,0.3,0,0,0,0,1
2026-02-03,S02,P001,Fresh Organic Milk 1L,56.0,60.0,0.0,0,420.0,420.0,364.0,50.0,2,Dairy,Milk,NutriDairy,60.0,45.0,4,Supermarket,Delhi,15000,4500,28.6,0.0,0,0,0,0,1
2026-02-04,S02,P001,Fresh Organic Milk 1L,60.0,60.0,0.0,0,364.0,0.0,304.0,50.0,2,Dairy,Milk,NutriDairy,60.0,45.0,4,Supermarket,Delhi,15000,4500,26.8,0.1,0,0,0,0,1
2026-02-05,S02,P001,Fresh Organic Milk 1L,68.0,60.0,0.0,0,304.0,0.0,236.0,50.0,2,Dairy,Milk,NutriDairy,60.0,45.0,4,Supermarket,Delhi,15000,4500,25.0,0.4,0,0,0,0,1
2026-02-06,S02,P001,Fresh Organic Milk 1L,44.0,60.0,0.0,0,236.0,0.0,192.0,50.0,2,Dairy,Milk,NutriDairy,60.0,45.0,4,Supermarket,Delhi,15000,4500,27.9,0.6,0,0,0,0,1
2026-02-07,S02,P001,Fresh Organic Milk 1L,63.0,60.0,0.0,0,192.0,0.0,129.0,50.0,2,Dairy,Milk,NutriDairy,60.0,45.0,4,Supermarket,Delhi,15000,4500,26.4,0.7,0,0,1,0,1
2026-02-08,S02,P001,Fresh Organic Milk 1L,85.0,60.0,0.0,0,129.0,0.0,44.0,50.0,2,Dairy,Milk,NutriDairy,60.0,45.0,4,Supermarket,Delhi,15000,4500,28.2,0.1,0,0,1,0,1
2026-02-09,S02,P001,Fresh Organic Milk 1L,44.0,60.0,0.0,0,44.0,0.0,0.0,50.0,2,Dairy,Milk,NutriDairy,60.0,45.0,4,Supermarket,Delhi,15000,4500,26.0,0.3,0,0,0,0,1
2026-02-10,S02,P001,Fresh Organic Milk 1L,71.0,60.0,0.0,0,420.0,420.0,349.0,50.0,2,Dairy,Milk,NutriDairy,60.0,45.0,4,Supermarket,Delhi,15000,4500,29.6,0.1,0,0,0,0,1
2026-02-11,S02,P001,Fresh Organic Milk 1L,57.0,60.0,0.0,0,349.0,0.0,292.0,50.0,2,Dairy,Milk,NutriDairy,60.0,45.0,4,Supermarket,Delhi,15000,4500,29.6,0.0,0,0,0,0,1
2026-02-12,S02,P001,Fresh Organic Milk 1L,55.0,60.0,0.0,0,292.0,0.0,237.0,50.0,2,Dairy,Milk,NutriDairy,60.0,45.0,4,Supermarket,Delhi,15000,4500,27.3,0.1,0,0,0,0,1
2026-02-13,S02,P001,Fresh Organic Milk 1L,60.0,60.0,0.0,0,237.0,0.0,177.0,50.0,2,Dairy,Milk,NutriDairy,60.0,45.0,4,Supermarket,Delhi,15000,4500,25.4,1.6,0,0,0,0,1
2026-02-14,S02,P001,Fresh Organic Milk 1L,80.0,60.0,0.0,0,177.0,0.0,97.0,50.0,2,Dairy,Milk,NutriDairy,60.0,45.0,4,Supermarket,Delhi,15000,4500,28.9,0.3,0,0,1,0,1
2026-02-15,S02,P001,Fresh Organic Milk 1L,72.0,60.0,0.0,0,97.0,0.0,25.0,50.0,2,Dairy,Milk,NutriDairy,60.0,45.0,4,Supermarket,Delhi,15000,4500,28.2,0.4,0,0,1,0,1
2026-02-16,S02,P001,Fresh Organic Milk 1L,25.0,60.0,0.0,0,25.0,0.0,0.0,50.0,2,Dairy,Milk,NutriDairy,60.0,45.0,4,Supermarket,Delhi,15000,4500,27.9,1.2,0,0,0,0,1
2026-02-17,S02,P001,Fresh Organic Milk 1L,61.0,60.0,0.0,0,420.0,420.0,359.0,50.0,2,Dairy,Milk,NutriDairy,60.0,45.0,4,Supermarket,Delhi,15000,4500,29.8,0.2,0,0,0,0,1
2026-02-18,S02,P001,Fresh Organic Milk 1L,72.0,60.0,0.0,0,359.0,0.0,287.0,50.0,2,Dairy,Milk,NutriDairy,60.0,45.0,4,Supermarket,Delhi,15000,4500,29.4,0.9,0,0,0,0,1
2026-02-19,S02,P001,Fresh Organic Milk 1L,95.0,48.0,0.2,1,287.0,0.0,192.0,50.0,2,Dairy,Milk,NutriDairy,60.0,45.0,4,Supermarket,Delhi,15000,4500,26.4,0.0,0,0,0,0,1
2026-02-20,S02,P001,Fresh Organic Milk 1L,63.0,60.0,0.0,0,192.0,0.0,129.0,50.0,2,Dairy,Milk,NutriDairy,60.0,45.0,4,Supermarket,Delhi,15000,4500,27.8,0.4,0,0,0,0,1
2026-02-21,S02,P001,Fresh Organic Milk 1L,86.0,60.0,0.0,0,129.0,0.0,43.0,50.0,2,Dairy,Milk,NutriDairy,60.0,45.0,4,Supermarket,Delhi,15000,4500,28.3,0.0,0,0,1,1,1
2026-02-22,S02,P001,Fresh Organic Milk 1L,43.0,60.0,0.0,0,43.0,0.0,0.0,50.0,2,Dairy,Milk,NutriDairy,60.0,45.0,4,Supermarket,Delhi,15000,4500,30.5,2.7,0,0,1,0,1
2026-02-23,S02,P001,Fresh Organic Milk 1L,66.0,60.0,0.0,0,420.0,420.0,354.0,50.0,2,Dairy,Milk,NutriDairy,60.0,45.0,4,Supermarket,Delhi,15000,4500,23.6,0.1,0,0,0,0,1
2026-02-24,S02,P001,Fresh Organic Milk 1L,60.0,60.0,0.0,0,354.0,0.0,294.0,50.0,2,Dairy,Milk,NutriDairy,60.0,45.0,4,Supermarket,Delhi,15000,4500,33.5,0.1,0,0,0,0,1
2026-02-25,S02,P001,Fresh Organic Milk 1L,60.0,60.0,0.0,0,294.0,0.0,234.0,50.0,2,Dairy,Milk,NutriDairy,60.0,45.0,4,Supermarket,Delhi,15000,4500,29.1,0.5,0,0,0,0,1
2026-02-26,S02,P001,Fresh Organic Milk 1L,52.0,60.0,0.0,0,234.0,0.0,182.0,50.0,2,Dairy,Milk,NutriDairy,60.0,45.0,4,Supermarket,Delhi,15000,4500,27.9,0.2,0,0,0,0,1
2026-02-27,S02,P001,Fresh Organic Milk 1L,59.0,60.0,0.0,0,182.0,0.0,123.0,50.0,2,Dairy,Milk,NutriDairy,60.0,45.0,4,Supermarket,Delhi,15000,4500,31.6,0.4,0,0,0,0,1
2026-02-28,S02,P001,Fresh Organic Milk 1L,74.0,60.0,0.0,0,123.0,0.0,49.0,50.0,2,Dairy,Milk,NutriDairy,60.0,45.0,4,Supermarket,Delhi,15000,4500,27.3,0.4,0,0,1,0,1
2026-03-01,S02,P001,Fresh Organic Milk 1L,49.0,60.0,0.0,0,49.0,0.0,0.0,50.0,2,Dairy,Milk,NutriDairy,60.0,45.0,4,Supermarket,Delhi,15000,4500,29.2,0.3,0,0,1,1,1
2026-03-02,S02,P001,Fresh Organic Milk 1L,61.0,60.0,0.0,0,420.0,420.0,359.0,50.0,2,Dairy,Milk,NutriDairy,60.0,45.0,4,Supermarket,Delhi,15000,4500,31.1,0.4,0,0,0,0,1
2026-03-03,S02,P001,Fresh Organic Milk 1L,54.0,60.0,0.0,0,359.0,0.0,305.0,50.0,2,Dairy,Milk,NutriDairy,60.0,45.0,4,Supermarket,Delhi,15000,4500,28.8,0.3,0,0,0,0,1
2026-03-04,S02,P001,Fresh Organic Milk 1L,51.0,60.0,0.0,0,305.0,0.0,254.0,50.0,2,Dairy,Milk,NutriDairy,60.0,45.0,4,Supermarket,Delhi,15000,4500,27.6,1.1,0,0,0,0,1
2026-03-05,S02,P001,Fresh Organic Milk 1L,46.0,60.0,0.0,0,254.0,0.0,208.0,50.0,2,Dairy,Milk,NutriDairy,60.0,45.0,4,Supermarket,Delhi,15000,4500,29.7,0.6,0,0,0,0,1
2026-03-06,S02,P001,Fresh Organic Milk 1L,51.0,60.0,0.0,0,208.0,0.0,157.0,50.0,2,Dairy,Milk,NutriDairy,60.0,45.0,4,Supermarket,Delhi,15000,4500,26.1,0.2,0,0,0,0,1
2026-03-07,S02,P001,Fresh Organic Milk 1L,72.0,60.0,0.0,0,157.0,0.0,85.0,50.0,2,Dairy,Milk,NutriDairy,60.0,45.0,4,Supermarket,Delhi,15000,4500,28.1,1.8,0,0,1,0,1
2026-03-08,S02,P001,Fresh Organic Milk 1L,85.0,60.0,0.0,0,85.0,0.0,0.0,50.0,2,Dairy,Milk,NutriDairy,60.0,45.0,4,Supermarket,Delhi,15000,4500,29.9,0.1,0,1,1,0,1
2026-03-09,S02,P001,Fresh Organic Milk 1L,0.0,54.0,0.1,1,0.0,0.0,0.0,50.0,2,Dairy,Milk,NutriDairy,60.0,45.0,4,Supermarket,Delhi,15000,4500,27.8,0.6,0,0,0,0,1
2026-03-10,S02,P001,Fresh Organic Milk 1L,49.0,60.0,0.0,0,420.0,420.0,371.0,50.0,2,Dairy,Milk,NutriDairy,60.0,45.0,4,Supermarket,Delhi,15000,4500,28.0,0.6,0,0,0,0,1
2026-03-11,S02,P001,Fresh Organic Milk 1L,59.0,60.0,0.0,1,371.0,0.0,312.0,50.0,2,Dairy,Milk,NutriDairy,60.0,45.0,4,Supermarket,Delhi,15000,4500,30.3,0.6,0,0,0,0,1
2026-03-12,S02,P001,Fresh Organic Milk 1L,62.0,51.0,0.15,1,312.0,0.0,250.0,50.0,2,Dairy,Milk,NutriDairy,60.0,45.0,4,Supermarket,Delhi,15000,4500,31.9,0.4,0,0,0,0,1
2026-03-13,S02,P001,Fresh Organic Milk 1L,54.0,60.0,0.0,1,250.0,0.0,196.0,50.0,2,Dairy,Milk,NutriDairy,60.0,45.0,4,Supermarket,Delhi,15000,4500,31.4,0.6,0,0,0,0,1
2026-03-14,S02,P001,Fresh Organic Milk 1L,80.0,60.0,0.0,0,196.0,0.0,116.0,50.0,2,Dairy,Milk,NutriDairy,60.0,45.0,4,Supermarket,Delhi,15000,4500,30.2,1.5,0,0,1,0,1
2026-03-15,S02,P001,Fresh Organic Milk 1L,76.0,60.0,0.0,0,116.0,0.0,40.0,50.0,2,Dairy,Milk,NutriDairy,60.0,45.0,4,Supermarket,Delhi,15000,4500,29.3,0.2,0,0,1,0,1
2026-03-16,S02,P001,Fresh Organic Milk 1L,40.0,60.0,0.0,0,40.0,0.0,0.0,50.0,2,Dairy,Milk,NutriDairy,60.0,45.0,4,Supermarket,Delhi,15000,4500,29.9,0.2,0,0,0,0,1
2026-03-17,S02,P001,Fresh Organic Milk 1L,58.0,60.0,0.0,0,420.0,420.0,362.0,50.0,2,Dairy,Milk,NutriDairy,60.0,45.0,4,Supermarket,Delhi,15000,4500,30.0,0.0,0,0,0,0,1
2026-03-18,S02,P001,Fresh Organic Milk 1L,65.0,60.0,0.0,0,362.0,0.0,297.0,50.0,2,Dairy,Milk,NutriDairy,60.0,45.0,4,Supermarket,Delhi,15000,4500,31.9,0.2,0,0,0,0,1
2026-03-19,S02,P001,Fresh Organic Milk 1L,57.0,60.0,0.0,0,297.0,0.0,240.0,50.0,2,Dairy,Milk,NutriDairy,60.0,45.0,4,Supermarket,Delhi,15000,4500,33.2,0.6,0,0,0,0,1
2026-03-20,S02,P001,Fresh Organic Milk 1L,72.0,60.0,0.0,0,240.0,0.0,168.0,50.0,2,Dairy,Milk,NutriDairy,60.0,45.0,4,Supermarket,Delhi,15000,4500,32.0,1.2,0,0,0,0,1
2026-03-21,S02,P001,Fresh Organic Milk 1L,86.0,60.0,0.0,0,168.0,0.0,82.0,50.0,2,Dairy,Milk,NutriDairy,60.0,45.0,4,Supermarket,Delhi,15000,4500,26.5,0.3,0,0,1,0,1
2026-03-22,S02,P001,Fresh Organic Milk 1L,82.0,60.0,0.0,0,82.0,0.0,0.0,50.0,2,Dairy,Milk,NutriDairy,60.0,45.0,4,Supermarket,Delhi,15000,4500,30.2,0.5,0,0,1,0,1
2026-03-23,S02,P001,Fresh Organic Milk 1L,0.0,60.0,0.0,0,0.0,0.0,0.0,50.0,2,Dairy,Milk,NutriDairy,60.0,45.0,4,Supermarket,Delhi,15000,4500,29.8,0.2,0,0,0,0,1
2026-03-24,S02,P001,Fresh Organic Milk 1L,54.0,60.0,0.0,1,420.0,420.0,366.0,50.0,2,Dairy,Milk,NutriDairy,60.0,45.0,4,Supermarket,Delhi,15000,4500,27.6,0.3,0,0,0,0,1
2026-03-25,S02,P001,Fresh Organic Milk 1L,86.0,60.0,0.0,0,366.0,0.0,280.0,50.0,2,Dairy,Milk,NutriDairy,60.0,45.0,4,Supermarket,Delhi,15000,4500,28.9,0.5,0,1,0,0,1
2026-03-26,S02,P001,Fresh Organic Milk 1L,75.0,60.0,0.0,0,280.0,0.0,205.0,50.0,2,Dairy,Milk,NutriDairy,60.0,45.0,4,Supermarket,Delhi,15000,4500,28.0,0.0,0,0,0,0,1
2026-03-27,S02,P001,Fresh Organic Milk 1L,56.0,60.0,0.0,0,205.0,0.0,149.0,50.0,2,Dairy,Milk,NutriDairy,60.0,45.0,4,Supermarket,Delhi,15000,4500,31.6,0.1,0,0,0,0,1
2026-03-28,S02,P001,Fresh Organic Milk 1L,92.0,60.0,0.0,0,149.0,0.0,57.0,50.0,2,Dairy,Milk,NutriDairy,60.0,45.0,4,Supermarket,Delhi,15000,4500,30.0,0.2,0,0,1,0,1
2026-03-29,S02,P001,Fresh Organic Milk 1L,57.0,60.0,0.0,0,57.0,0.0,0.0,50.0,2,Dairy,Milk,NutriDairy,60.0,45.0,4,Supermarket,Delhi,15000,4500,30.4,0.3,0,0,1,0,1
2026-03-30,S02,P001,Fresh Organic Milk 1L,0.0,48.0,0.2,1,0.0,0.0,0.0,50.0,2,Dairy,Milk,NutriDairy,60.0,45.0,4,Supermarket,Delhi,15000,4500,30.8,0.3,0,0,0,0,1
2026-03-31,S02,P001,Fresh Organic Milk 1L,56.0,60.0,0.0,0,420.0,420.0,364.0,50.0,2,Dairy,Milk,NutriDairy,60.0,45.0,4,Supermarket,Delhi,15000,4500,29.2,0.2,0,0,0,0,1
2026-04-01,S02,P001,Fresh Organic Milk 1L,66.0,60.0,0.0,0,364.0,0.0,298.0,50.0,2,Dairy,Milk,NutriDairy,60.0,45.0,4,Supermarket,Delhi,15000,4500,31.0,0.1,0,0,0,0,1
2026-04-02,S02,P001,Fresh Organic Milk 1L,69.0,60.0,0.0,0,298.0,0.0,229.0,50.0,2,Dairy,Milk,NutriDairy,60.0,45.0,4,Supermarket,Delhi,15000,4500,27.2,3.0,0,0,0,0,1
2026-04-03,S02,P001,Fresh Organic Milk 1L,67.0,60.0,0.0,0,229.0,0.0,162.0,50.0,2,Dairy,Milk,NutriDairy,60.0,45.0,4,Supermarket,Delhi,15000,4500,32.2,0.9,0,0,0,0,1
2026-04-04,S02,P001,Fresh Organic Milk 1L,94.0,60.0,0.0,0,162.0,0.0,68.0,50.0,2,Dairy,Milk,NutriDairy,60.0,45.0,4,Supermarket,Delhi,15000,4500,32.7,0.1,0,0,1,0,1
2026-04-05,S02,P001,Fresh Organic Milk 1L,68.0,60.0,0.0,0,68.0,0.0,0.0,50.0,2,Dairy,Milk,NutriDairy,60.0,45.0,4,Supermarket,Delhi,15000,4500,29.7,0.0,0,0,1,0,1
2026-04-06,S02,P001,Fresh Organic Milk 1L,0.0,60.0,0.0,0,0.0,0.0,0.0,50.0,2,Dairy,Milk,NutriDairy,60.0,45.0,4,Supermarket,Delhi,15000,4500,29.2,0.0,0,0,0,0,1
2026-04-07,S02,P001,Fresh Organic Milk 1L,64.0,60.0,0.0,0,420.0,420.0,356.0,50.0,2,Dairy,Milk,NutriDairy,60.0,45.0,4,Supermarket,Delhi,15000,4500,30.4,0.2,0,0,0,0,1
2026-04-08,S02,P001,Fresh Organic Milk 1L,62.0,60.0,0.0,0,356.0,0.0,294.0,50.0,2,Dairy,Milk,NutriDairy,60.0,45.0,4,Supermarket,Delhi,15000,4500,29.8,0.3,0,0,0,0,1
2026-04-09,S02,P001,Fresh Organic Milk 1L,67.0,60.0,0.0,0,294.0,0.0,227.0,50.0,2,Dairy,Milk,NutriDairy,60.0,45.0,4,Supermarket,Delhi,15000,4500,32.4,0.2,0,0,0,0,1
2026-04-10,S02,P001,Fresh Organic Milk 1L,61.0,60.0,0.0,0,227.0,0.0,166.0,50.0,2,Dairy,Milk,NutriDairy,60.0,45.0,4,Supermarket,Delhi,15000,4500,29.3,0.5,0,0,0,0,1
2026-04-11,S02,P001,Fresh Organic Milk 1L,59.0,60.0,0.0,0,166.0,0.0,107.0,50.0,2,Dairy,Milk,NutriDairy,60.0,45.0,4,Supermarket,Delhi,15000,4500,26.3,0.0,0,0,1,0,1
2026-04-12,S02,P001,Fresh Organic Milk 1L,66.0,60.0,0.0,0,107.0,0.0,41.0,50.0,2,Dairy,Milk,NutriDairy,60.0,45.0,4,Supermarket,Delhi,15000,4500,28.9,0.9,0,0,1,0,1
2026-04-13,S02,P001,Fresh Organic Milk 1L,41.0,60.0,0.0,0,41.0,0.0,0.0,50.0,2,Dairy,Milk,NutriDairy,60.0,45.0,4,Supermarket,Delhi,15000,4500,27.1,0.1,0,0,0,0,1
2026-04-14,S02,P001,Fresh Organic Milk 1L,68.0,60.0,0.0,0,420.0,420.0,352.0,50.0,2,Dairy,Milk,NutriDairy,60.0,45.0,4,Supermarket,Delhi,15000,4500,29.4,0.2,1,0,0,0,1
2026-04-15,S02,P001,Fresh Organic Milk 1L,71.0,60.0,0.0,0,352.0,0.0,281.0,50.0,2,Dairy,Milk,NutriDairy,60.0,45.0,4,Supermarket,Delhi,15000,4500,30.7,0.1,0,0,0,0,1
2026-04-16,S02,P001,Fresh Organic Milk 1L,75.0,48.0,0.2,1,281.0,0.0,206.0,50.0,2,Dairy,Milk,NutriDairy,60.0,45.0,4,Supermarket,Delhi,15000,4500,30.0,0.9,0,0,0,0,1
2026-04-17,S02,P001,Fresh Organic Milk 1L,62.0,60.0,0.0,0,206.0,0.0,144.0,50.0,2,Dairy,Milk,NutriDairy,60.0,45.0,4,Supermarket,Delhi,15000,4500,26.1,2.6,0,0,0,0,1
2026-04-18,S02,P001,Fresh Organic Milk 1L,76.0,60.0,0.0,0,144.0,0.0,68.0,50.0,2,Dairy,Milk,NutriDairy,60.0,45.0,4,Supermarket,Delhi,15000,4500,31.1,0.6,0,0,1,0,1
2026-04-19,S02,P001,Fresh Organic Milk 1L,68.0,60.0,0.0,0,68.0,0.0,0.0,50.0,2,Dairy,Milk,NutriDairy,60.0,45.0,4,Supermarket,Delhi,15000,4500,27.4,0.6,0,0,1,0,1
2026-04-20,S02,P001,Fresh Organic Milk 1L,0.0,60.0,0.0,0,0.0,0.0,0.0,50.0,2,Dairy,Milk,NutriDairy,60.0,45.0,4,Supermarket,Delhi,15000,4500,28.2,0.4,0,0,0,0,1
2026-04-21,S02,P001,Fresh Organic Milk 1L,79.0,54.0,0.1,1,420.0,420.0,341.0,50.0,2,Dairy,Milk,NutriDairy,60.0,45.0,4,Supermarket,Delhi,15000,4500,26.3,0.8,0,0,0,0,1
2026-04-22,S02,P001,Fresh Organic Milk 1L,65.0,60.0,0.0,0,341.0,0.0,276.0,50.0,2,Dairy,Milk,NutriDairy,60.0,45.0,4,Supermarket,Delhi,15000,4500,28.6,0.5,0,0,0,0,1
2026-04-23,S02,P001,Fresh Organic Milk 1L,57.0,60.0,0.0,0,276.0,0.0,219.0,50.0,2,Dairy,Milk,NutriDairy,60.0,45.0,4,Supermarket,Delhi,15000,4500,29.6,0.1,0,0,0,0,1
2026-04-24,S02,P001,Fresh Organic Milk 1L,49.0,60.0,0.0,0,219.0,0.0,170.0,50.0,2,Dairy,Milk,NutriDairy,60.0,45.0,4,Supermarket,Delhi,15000,4500,29.3,1.2,0,0,0,0,1
2026-04-25,S02,P001,Fresh Organic Milk 1L,97.0,60.0,0.0,1,170.0,0.0,73.0,50.0,2,Dairy,Milk,NutriDairy,60.0,45.0,4,Supermarket,Delhi,15000,4500,29.3,1.2,0,0,1,0,1
2026-04-26,S02,P001,Fresh Organic Milk 1L,73.0,60.0,0.0,0,73.0,0.0,0.0,50.0,2,Dairy,Milk,NutriDairy,60.0,45.0,4,Supermarket,Delhi,15000,4500,29.6,0.2,0,0,1,0,1
2026-04-27,S02,P001,Fresh Organic Milk 1L,0.0,60.0,0.0,0,0.0,0.0,0.0,50.0,2,Dairy,Milk,NutriDairy,60.0,45.0,4,Supermarket,Delhi,15000,4500,25.9,1.1,0,0,0,0,1
2026-04-28,S02,P001,Fresh Organic Milk 1L,51.0,60.0,0.0,0,420.0,420.0,369.0,50.0,2,Dairy,Milk,NutriDairy,60.0,45.0,4,Supermarket,Delhi,15000,4500,30.1,0.1,0,0,0,0,1
2026-04-29,S02,P001,Fresh Organic Milk 1L,59.0,54.0,0.1,1,369.0,0.0,310.0,50.0,2,Dairy,Milk,NutriDairy,60.0,45.0,4,Supermarket,Delhi,15000,4500,29.3,0.3,0,0,0,0,1
2026-04-30,S02,P001,Fresh Organic Milk 1L,73.0,51.0,0.15,1,310.0,0.0,237.0,50.0,2,Dairy,Milk,NutriDairy,60.0,45.0,4,Supermarket,Delhi,15000,4500,31.8,0.1,0,0,0,0,1
2026-05-01,S02,P001,Fresh Organic Milk 1L,110.0,60.0,0.0,0,237.0,0.0,127.0,50.0,2,Dairy,Milk,NutriDairy,60.0,45.0,4,Supermarket,Delhi,15000,4500,29.3,0.0,1,1,0,0,1
2026-05-02,S02,P001,Fresh Organic Milk 1L,72.0,60.0,0.0,0,127.0,0.0,55.0,50.0,2,Dairy,Milk,NutriDairy,60.0,45.0,4,Supermarket,Delhi,15000,4500,28.3,0.1,0,0,1,0,1
2026-05-03,S02,P001,Fresh Organic Milk 1L,55.0,51.0,0.15,1,55.0,0.0,0.0,50.0,2,Dairy,Milk,NutriDairy,60.0,45.0,4,Supermarket,Delhi,15000,4500,28.3,0.4,0,0,1,0,1
2026-05-04,S02,P001,Fresh Organic Milk 1L,0.0,60.0,0.0,0,0.0,0.0,0.0,50.0,2,Dairy,Milk,NutriDairy,60.0,45.0,4,Supermarket,Delhi,15000,4500,29.8,0.6,0,0,0,0,1
2026-05-05,S02,P001,Fresh Organic Milk 1L,83.0,51.0,0.15,1,420.0,420.0,337.0,50.0,2,Dairy,Milk,NutriDairy,60.0,45.0,4,Supermarket,Delhi,15000,4500,26.5,0.8,0,0,0,0,1
2026-05-06,S02,P001,Fresh Organic Milk 1L,69.0,60.0,0.0,0,337.0,0.0,268.0,50.0,2,Dairy,Milk,NutriDairy,60.0,45.0,4,Supermarket,Delhi,15000,4500,28.2,0.3,0,0,0,0,1
2026-05-07,S02,P001,Fresh Organic Milk 1L,61.0,60.0,0.0,0,268.0,0.0,207.0,50.0,2,Dairy,Milk,NutriDairy,60.0,45.0,4,Supermarket,Delhi,15000,4500,26.8,0.3,0,0,0,0,1
2026-05-08,S02,P001,Fresh Organic Milk 1L,50.0,60.0,0.0,0,207.0,0.0,157.0,50.0,2,Dairy,Milk,NutriDairy,60.0,45.0,4,Supermarket,Delhi,15000,4500,29.7,0.3,0,0,0,0,1
2026-05-09,S02,P001,Fresh Organic Milk 1L,70.0,60.0,0.0,0,157.0,0.0,87.0,50.0,2,Dairy,Milk,NutriDairy,60.0,45.0,4,Supermarket,Delhi,15000,4500,25.7,0.8,0,0,1,0,1
2026-05-10,S02,P001,Fresh Organic Milk 1L,80.0,60.0,0.0,0,87.0,0.0,7.0,50.0,2,Dairy,Milk,NutriDairy,60.0,45.0,4,Supermarket,Delhi,15000,4500,26.5,1.1,0,0,1,0,1
2026-05-11,S02,P001,Fresh Organic Milk 1L,7.0,60.0,0.0,0,7.0,0.0,0.0,50.0,2,Dairy,Milk,NutriDairy,60.0,45.0,4,Supermarket,Delhi,15000,4500,27.9,0.0,0,0,0,0,1
2026-05-12,S02,P001,Fresh Organic Milk 1L,64.0,54.0,0.1,1,420.0,420.0,356.0,50.0,2,Dairy,Milk,NutriDairy,60.0,45.0,4,Supermarket,Delhi,15000,4500,31.6,0.1,0,0,0,0,1
2026-05-13,S02,P001,Fresh Organic Milk 1L,58.0,60.0,0.0,0,356.0,0.0,298.0,50.0,2,Dairy,Milk,NutriDairy,60.0,45.0,4,Supermarket,Delhi,15000,4500,26.8,0.2,0,0,0,0,1
2026-05-14,S02,P001,Fresh Organic Milk 1L,55.0,60.0,0.0,0,298.0,0.0,243.0,50.0,2,Dairy,Milk,NutriDairy,60.0,45.0,4,Supermarket,Delhi,15000,4500,27.4,2.0,0,0,0,0,1
2026-05-15,S02,P001,Fresh Organic Milk 1L,90.0,48.0,0.2,1,243.0,0.0,153.0,50.0,2,Dairy,Milk,NutriDairy,60.0,45.0,4,Supermarket,Delhi,15000,4500,26.7,0.0,0,0,0,0,1
2026-05-16,S02,P001,Fresh Organic Milk 1L,88.0,60.0,0.0,0,153.0,0.0,65.0,50.0,2,Dairy,Milk,NutriDairy,60.0,45.0,4,Supermarket,Delhi,15000,4500,26.4,0.2,0,0,1,0,1
2026-05-17,S02,P001,Fresh Organic Milk 1L,65.0,60.0,0.0,0,65.0,0.0,0.0,50.0,2,Dairy,Milk,NutriDairy,60.0,45.0,4,Supermarket,Delhi,15000,4500,28.0,0.2,0,0,1,0,1
2026-05-18,S02,P001,Fresh Organic Milk 1L,0.0,60.0,0.0,1,0.0,0.0,0.0,50.0,2,Dairy,Milk,NutriDairy,60.0,45.0,4,Supermarket,Delhi,15000,4500,28.0,0.2,0,0,0,0,1
2026-05-19,S02,P001,Fresh Organic Milk 1L,58.0,60.0,0.0,0,420.0,420.0,362.0,50.0,2,Dairy,Milk,NutriDairy,60.0,45.0,4,Supermarket,Delhi,15000,4500,30.2,0.5,0,0,0,0,1
2026-05-20,S02,P001,Fresh Organic Milk 1L,94.0,48.0,0.2,1,362.0,0.0,268.0,50.0,2,Dairy,Milk,NutriDairy,60.0,45.0,4,Supermarket,Delhi,15000,4500,30.6,0.3,0,0,0,0,1
2026-05-21,S02,P001,Fresh Organic Milk 1L,66.0,60.0,0.0,0,268.0,0.0,202.0,50.0,2,Dairy,Milk,NutriDairy,60.0,45.0,4,Supermarket,Delhi,15000,4500,24.6,0.3,0,0,0,1,1
2026-05-22,S02,P001,Fresh Organic Milk 1L,62.0,60.0,0.0,0,202.0,0.0,140.0,50.0,2,Dairy,Milk,NutriDairy,60.0,45.0,4,Supermarket,Delhi,15000,4500,28.9,1.6,0,0,0,0,1
2026-05-23,S02,P001,Fresh Organic Milk 1L,94.0,60.0,0.0,0,140.0,0.0,46.0,50.0,2,Dairy,Milk,NutriDairy,60.0,45.0,4,Supermarket,Delhi,15000,4500,24.6,0.0,0,0,1,0,1
2026-05-24,S02,P001,Fresh Organic Milk 1L,46.0,60.0,0.0,0,46.0,0.0,0.0,50.0,2,Dairy,Milk,NutriDairy,60.0,45.0,4,Supermarket,Delhi,15000,4500,25.0,0.4,0,0,1,0,1
2026-05-25,S02,P001,Fresh Organic Milk 1L,63.0,60.0,0.0,0,420.0,420.0,357.0,50.0,2,Dairy,Milk,NutriDairy,60.0,45.0,4,Supermarket,Delhi,15000,4500,25.6,1.1,0,0,0,0,1
2026-05-26,S02,P001,Fresh Organic Milk 1L,57.0,60.0,0.0,0,357.0,0.0,300.0,50.0,2,Dairy,Milk,NutriDairy,60.0,45.0,4,Supermarket,Delhi,15000,4500,24.4,0.2,0,0,0,0,1
2026-05-27,S02,P001,Fresh Organic Milk 1L,90.0,51.0,0.15,1,300.0,0.0,210.0,50.0,2,Dairy,Milk,NutriDairy,60.0,45.0,4,Supermarket,Delhi,15000,4500,30.3,0.7,0,0,0,0,1
2026-05-28,S02,P001,Fresh Organic Milk 1L,60.0,60.0,0.0,0,210.0,0.0,150.0,50.0,2,Dairy,Milk,NutriDairy,60.0,45.0,4,Supermarket,Delhi,15000,4500,23.6,0.5,0,0,0,0,1
2026-05-29,S02,P001,Fresh Organic Milk 1L,40.0,60.0,0.0,0,150.0,0.0,110.0,50.0,2,Dairy,Milk,NutriDairy,60.0,45.0,4,Supermarket,Delhi,15000,4500,22.3,0.4,0,0,0,0,1
2026-05-30,S02,P001,Fresh Organic Milk 1L,77.0,60.0,0.0,0,110.0,0.0,33.0,50.0,2,Dairy,Milk,NutriDairy,60.0,45.0,4,Supermarket,Delhi,15000,4500,29.7,0.4,0,0,1,0,1
2026-05-31,S02,P001,Fresh Organic Milk 1L,33.0,60.0,0.0,0,33.0,0.0,0.0,50.0,2,Dairy,Milk,NutriDairy,60.0,45.0,4,Supermarket,Delhi,15000,4500,22.9,1.2,0,0,1,0,1
2026-06-01,S02,P001,Fresh Organic Milk 1L,81.0,51.0,0.15,1,420.0,420.0,339.0,50.0,2,Dairy,Milk,NutriDairy,60.0,45.0,4,Supermarket,Delhi,15000,4500,30.4,3.9,0,0,0,0,1
2026-06-02,S02,P001,Fresh Organic Milk 1L,65.0,60.0,0.0,0,339.0,0.0,274.0,50.0,2,Dairy,Milk,NutriDairy,60.0,45.0,4,Supermarket,Delhi,15000,4500,25.7,1.0,0,0,0,0,1
2026-06-03,S02,P001,Fresh Organic Milk 1L,59.0,60.0,0.0,0,274.0,0.0,215.0,50.0,2,Dairy,Milk,NutriDairy,60.0,45.0,4,Supermarket,Delhi,15000,4500,28.1,13.6,0,0,0,0,1
2026-06-04,S02,P001,Fresh Organic Milk 1L,59.0,60.0,0.0,0,215.0,0.0,156.0,50.0,2,Dairy,Milk,NutriDairy,60.0,45.0,4,Supermarket,Delhi,15000,4500,25.0,9.7,0,0,0,0,1
2026-06-05,S02,P001,Fresh Organic Milk 1L,72.0,60.0,0.0,0,156.0,0.0,84.0,50.0,2,Dairy,Milk,NutriDairy,60.0,45.0,4,Supermarket,Delhi,15000,4500,24.4,1.8,0,0,0,0,1
2026-06-06,S02,P001,Fresh Organic Milk 1L,63.0,60.0,0.0,1,84.0,0.0,21.0,50.0,2,Dairy,Milk,NutriDairy,60.0,45.0,4,Supermarket,Delhi,15000,4500,25.0,18.0,0,0,1,0,1
2026-06-07,S02,P001,Fresh Organic Milk 1L,21.0,60.0,0.0,0,21.0,0.0,0.0,50.0,2,Dairy,Milk,NutriDairy,60.0,45.0,4,Supermarket,Delhi,15000,4500,24.8,1.4,0,0,1,0,1
2026-06-08,S02,P001,Fresh Organic Milk 1L,68.0,60.0,0.0,0,420.0,420.0,352.0,50.0,2,Dairy,Milk,NutriDairy,60.0,45.0,4,Supermarket,Delhi,15000,4500,26.9,1.2,0,0,0,0,1
2026-06-09,S02,P001,Fresh Organic Milk 1L,57.0,60.0,0.0,0,352.0,0.0,295.0,50.0,2,Dairy,Milk,NutriDairy,60.0,45.0,4,Supermarket,Delhi,15000,4500,22.1,0.1,0,0,0,0,1
2026-06-10,S02,P001,Fresh Organic Milk 1L,51.0,60.0,0.0,0,295.0,0.0,244.0,50.0,2,Dairy,Milk,NutriDairy,60.0,45.0,4,Supermarket,Delhi,15000,4500,22.4,0.0,0,0,0,0,1
2026-06-11,S02,P001,Fresh Organic Milk 1L,59.0,60.0,0.0,0,244.0,0.0,185.0,50.0,2,Dairy,Milk,NutriDairy,60.0,45.0,4,Supermarket,Delhi,15000,4500,24.4,7.8,0,0,0,0,1
2026-06-12,S02,P001,Fresh Organic Milk 1L,67.0,60.0,0.0,0,185.0,0.0,118.0,50.0,2,Dairy,Milk,NutriDairy,60.0,45.0,4,Supermarket,Delhi,15000,4500,21.6,2.3,0,0,0,1,1
2026-06-13,S02,P001,Fresh Organic Milk 1L,80.0,60.0,0.0,0,118.0,0.0,38.0,50.0,2,Dairy,Milk,NutriDairy,60.0,45.0,4,Supermarket,Delhi,15000,4500,25.7,2.6,0,0,1,0,1
2026-06-14,S02,P001,Fresh Organic Milk 1L,38.0,60.0,0.0,0,38.0,0.0,0.0,50.0,2,Dairy,Milk,NutriDairy,60.0,45.0,4,Supermarket,Delhi,15000,4500,25.4,1.1,0,0,1,0,1
2026-06-15,S02,P001,Fresh Organic Milk 1L,130.0,48.0,0.2,1,420.0,420.0,290.0,50.0,2,Dairy,Milk,NutriDairy,60.0,45.0,4,Supermarket,Delhi,15000,4500,24.4,0.3,0,1,0,0,1
2026-06-16,S02,P001,Fresh Organic Milk 1L,49.0,60.0,0.0,0,290.0,0.0,241.0,50.0,2,Dairy,Milk,NutriDairy,60.0,45.0,4,Supermarket,Delhi,15000,4500,22.8,20.3,0,0,0,0,1
2026-06-17,S02,P001,Fresh Organic Milk 1L,52.0,60.0,0.0,1,241.0,0.0,189.0,50.0,2,Dairy,Milk,NutriDairy,60.0,45.0,4,Supermarket,Delhi,15000,4500,25.7,0.1,0,0,0,0,1
2026-06-18,S02,P001,Fresh Organic Milk 1L,58.0,60.0,0.0,0,189.0,0.0,131.0,50.0,2,Dairy,Milk,NutriDairy,60.0,45.0,4,Supermarket,Delhi,15000,4500,23.9,3.1,0,0,0,0,1
2026-06-19,S02,P001,Fresh Organic Milk 1L,74.0,60.0,0.0,0,131.0,0.0,57.0,50.0,2,Dairy,Milk,NutriDairy,60.0,45.0,4,Supermarket,Delhi,15000,4500,23.8,7.2,0,0,0,0,1
2026-06-20,S02,P001,Fresh Organic Milk 1L,57.0,60.0,0.0,0,57.0,0.0,0.0,50.0,2,Dairy,Milk,NutriDairy,60.0,45.0,4,Supermarket,Delhi,15000,4500,21.5,10.3,0,0,1,0,1
2026-06-21,S02,P001,Fresh Organic Milk 1L,0.0,60.0,0.0,0,0.0,0.0,0.0,50.0,2,Dairy,Milk,NutriDairy,60.0,45.0,4,Supermarket,Delhi,15000,4500,23.5,0.4,0,0,1,0,1
2026-06-22,S02,P001,Fresh Organic Milk 1L,64.0,60.0,0.0,0,420.0,420.0,356.0,50.0,2,Dairy,Milk,NutriDairy,60.0,45.0,4,Supermarket,Delhi,15000,4500,24.3,19.3,0,0,0,0,1
2026-06-23,S02,P001,Fresh Organic Milk 1L,63.0,60.0,0.0,0,356.0,0.0,293.0,50.0,2,Dairy,Milk,NutriDairy,60.0,45.0,4,Supermarket,Delhi,15000,4500,22.1,4.0,0,0,0,0,1
2026-06-24,S02,P001,Fresh Organic Milk 1L,79.0,48.0,0.2,1,293.0,0.0,214.0,50.0,2,Dairy,Milk,NutriDairy,60.0,45.0,4,Supermarket,Delhi,15000,4500,25.2,9.7,0,0,0,0,1
2026-06-25,S02,P001,Fresh Organic Milk 1L,64.0,54.0,0.1,1,214.0,0.0,150.0,50.0,2,Dairy,Milk,NutriDairy,60.0,45.0,4,Supermarket,Delhi,15000,4500,22.7,0.5,0,0,0,0,1
2026-06-26,S02,P001,Fresh Organic Milk 1L,56.0,60.0,0.0,0,150.0,0.0,94.0,50.0,2,Dairy,Milk,NutriDairy,60.0,45.0,4,Supermarket,Delhi,15000,4500,25.1,1.3,0,0,0,0,1
2026-06-27,S02,P001,Fresh Organic Milk 1L,85.0,60.0,0.0,0,94.0,0.0,9.0,50.0,2,Dairy,Milk,NutriDairy,60.0,45.0,4,Supermarket,Delhi,15000,4500,24.0,0.7,0,0,1,0,1
2026-06-28,S02,P001,Fresh Organic Milk 1L,9.0,60.0,0.0,0,9.0,0.0,0.0,50.0,2,Dairy,Milk,NutriDairy,60.0,45.0,4,Supermarket,Delhi,15000,4500,22.1,0.9,0,0,1,0,1
2026-06-29,S02,P001,Fresh Organic Milk 1L,53.0,60.0,0.0,0,420.0,420.0,367.0,50.0,2,Dairy,Milk,NutriDairy,60.0,45.0,4,Supermarket,Delhi,15000,4500,22.4,8.4,0,0,0,0,1
2026-01-01,S02,P002,Artisanal White Bread 400g,48.0,45.0,0.0,0,120.0,0.0,72.0,40.0,2,Bakery,Bread,DailyBake,45.0,30.0,5,Supermarket,Delhi,15000,4500,22.2,0.3,1,0,0,0,1
2026-01-02,S02,P002,Artisanal White Bread 400g,28.0,45.0,0.0,0,72.0,0.0,44.0,40.0,2,Bakery,Bread,DailyBake,45.0,30.0,5,Supermarket,Delhi,15000,4500,20.1,0.9,0,0,0,0,1
2026-01-03,S02,P002,Artisanal White Bread 400g,44.0,45.0,0.0,0,44.0,0.0,0.0,40.0,2,Bakery,Bread,DailyBake,45.0,30.0,5,Supermarket,Delhi,15000,4500,22.2,0.4,0,0,1,0,1
2026-01-04,S02,P002,Artisanal White Bread 400g,0.0,45.0,0.0,0,0.0,0.0,0.0,40.0,2,Bakery,Bread,DailyBake,45.0,30.0,5,Supermarket,Delhi,15000,4500,18.4,0.1,0,0,1,0,1
2026-01-05,S02,P002,Artisanal White Bread 400g,42.0,45.0,0.0,0,315.0,315.0,273.0,40.0,2,Bakery,Bread,DailyBake,45.0,30.0,5,Supermarket,Delhi,15000,4500,20.9,0.3,0,0,0,0,1
2026-01-06,S02,P002,Artisanal White Bread 400g,34.0,45.0,0.0,0,273.0,0.0,239.0,40.0,2,Bakery,Bread,DailyBake,45.0,30.0,5,Supermarket,Delhi,15000,4500,23.8,0.4,0,0,0,1,1
2026-01-07,S02,P002,Artisanal White Bread 400g,47.0,45.0,0.0,0,239.0,0.0,192.0,40.0,2,Bakery,Bread,DailyBake,45.0,30.0,5,Supermarket,Delhi,15000,4500,22.8,0.1,0,0,0,0,1
2026-01-08,S02,P002,Artisanal White Bread 400g,62.0,38.25,0.15,1,192.0,0.0,130.0,40.0,2,Bakery,Bread,DailyBake,45.0,30.0,5,Supermarket,Delhi,15000,4500,21.6,0.6,0,0,0,0,1
2026-01-09,S02,P002,Artisanal White Bread 400g,40.0,45.0,0.0,0,130.0,0.0,90.0,40.0,2,Bakery,Bread,DailyBake,45.0,30.0,5,Supermarket,Delhi,15000,4500,25.2,1.5,0,0,0,0,1
2026-01-10,S02,P002,Artisanal White Bread 400g,60.0,45.0,0.0,0,90.0,0.0,30.0,40.0,2,Bakery,Bread,DailyBake,45.0,30.0,5,Supermarket,Delhi,15000,4500,26.0,0.6,0,0,1,0,1
2026-01-11,S02,P002,Artisanal White Bread 400g,30.0,45.0,0.0,0,30.0,0.0,0.0,40.0,2,Bakery,Bread,DailyBake,45.0,30.0,5,Supermarket,Delhi,15000,4500,20.9,0.2,0,0,1,0,1
2026-01-12,S02,P002,Artisanal White Bread 400g,43.0,45.0,0.0,0,315.0,315.0,272.0,40.0,2,Bakery,Bread,DailyBake,45.0,30.0,5,Supermarket,Delhi,15000,4500,22.7,0.1,0,0,0,0,1
2026-01-13,S02,P002,Artisanal White Bread 400g,45.0,45.0,0.0,0,272.0,0.0,227.0,40.0,2,Bakery,Bread,DailyBake,45.0,30.0,5,Supermarket,Delhi,15000,4500,23.6,0.1,0,0,0,0,1
2026-01-14,S02,P002,Artisanal White Bread 400g,45.0,45.0,0.0,0,227.0,0.0,182.0,40.0,2,Bakery,Bread,DailyBake,45.0,30.0,5,Supermarket,Delhi,15000,4500,22.8,0.7,0,0,0,0,1
2026-01-15,S02,P002,Artisanal White Bread 400g,40.0,45.0,0.0,0,182.0,0.0,142.0,40.0,2,Bakery,Bread,DailyBake,45.0,30.0,5,Supermarket,Delhi,15000,4500,23.5,0.9,0,0,0,0,1
2026-01-16,S02,P002,Artisanal White Bread 400g,47.0,45.0,0.0,0,142.0,0.0,95.0,40.0,2,Bakery,Bread,DailyBake,45.0,30.0,5,Supermarket,Delhi,15000,4500,23.0,0.4,0,0,0,0,1
2026-01-17,S02,P002,Artisanal White Bread 400g,63.0,45.0,0.0,0,95.0,0.0,32.0,40.0,2,Bakery,Bread,DailyBake,45.0,30.0,5,Supermarket,Delhi,15000,4500,23.9,0.2,0,0,1,0,1
2026-01-18,S02,P002,Artisanal White Bread 400g,32.0,45.0,0.0,0,32.0,0.0,0.0,40.0,2,Bakery,Bread,DailyBake,45.0,30.0,5,Supermarket,Delhi,15000,4500,23.1,0.9,0,0,1,0,1
2026-01-19,S02,P002,Artisanal White Bread 400g,50.0,40.5,0.1,1,315.0,315.0,265.0,40.0,2,Bakery,Bread,DailyBake,45.0,30.0,5,Supermarket,Delhi,15000,4500,25.2,0.1,0,0,0,0,1
2026-01-20,S02,P002,Artisanal White Bread 400g,57.0,40.5,0.1,1,265.0,0.0,208.0,40.0,2,Bakery,Bread,DailyBake,45.0,30.0,5,Supermarket,Delhi,15000,4500,24.9,0.4,0,0,0,0,1
2026-01-21,S02,P002,Artisanal White Bread 400g,48.0,45.0,0.0,0,208.0,0.0,160.0,40.0,2,Bakery,Bread,DailyBake,45.0,30.0,5,Supermarket,Delhi,15000,4500,22.8,0.7,0,0,0,0,1
2026-01-22,S02,P002,Artisanal White Bread 400g,45.0,45.0,0.0,0,160.0,0.0,115.0,40.0,2,Bakery,Bread,DailyBake,45.0,30.0,5,Supermarket,Delhi,15000,4500,26.6,0.0,0,0,0,0,1
2026-01-23,S02,P002,Artisanal White Bread 400g,41.0,45.0,0.0,0,115.0,0.0,74.0,40.0,2,Bakery,Bread,DailyBake,45.0,30.0,5,Supermarket,Delhi,15000,4500,24.9,0.1,0,0,0,0,1
2026-01-24,S02,P002,Artisanal White Bread 400g,47.0,45.0,0.0,0,74.0,0.0,27.0,40.0,2,Bakery,Bread,DailyBake,45.0,30.0,5,Supermarket,Delhi,15000,4500,24.5,0.2,0,0,1,0,1
2026-01-25,S02,P002,Artisanal White Bread 400g,27.0,45.0,0.0,0,27.0,0.0,0.0,40.0,2,Bakery,Bread,DailyBake,45.0,30.0,5,Supermarket,Delhi,15000,4500,25.7,0.2,0,0,1,0,1
2026-01-26,S02,P002,Artisanal White Bread 400g,72.0,45.0,0.0,0,315.0,315.0,243.0,40.0,2,Bakery,Bread,DailyBake,45.0,30.0,5,Supermarket,Delhi,15000,4500,23.5,0.2,1,1,0,0,1
2026-01-27,S02,P002,Artisanal White Bread 400g,59.0,36.0,0.2,1,243.0,0.0,184.0,40.0,2,Bakery,Bread,DailyBake,45.0,30.0,5,Supermarket,Delhi,15000,4500,24.2,0.1,0,0,0,1,1
2026-01-28,S02,P002,Artisanal White Bread 400g,48.0,45.0,0.0,0,184.0,0.0,136.0,40.0,2,Bakery,Bread,DailyBake,45.0,30.0,5,Supermarket,Delhi,15000,4500,24.0,0.1,0,0,0,0,1
2026-01-29,S02,P002,Artisanal White Bread 400g,43.0,45.0,0.0,0,136.0,0.0,93.0,40.0,2,Bakery,Bread,DailyBake,45.0,30.0,5,Supermarket,Delhi,15000,4500,26.2,0.3,0,0,0,0,1
2026-01-30,S02,P002,Artisanal White Bread 400g,45.0,40.5,0.1,1,93.0,0.0,48.0,40.0,2,Bakery,Bread,DailyBake,45.0,30.0,5,Supermarket,Delhi,15000,4500,24.3,0.3,0,0,0,0,1
2026-01-31,S02,P002,Artisanal White Bread 400g,48.0,40.5,0.1,1,48.0,0.0,0.0,40.0,2,Bakery,Bread,DailyBake,45.0,30.0,5,Supermarket,Delhi,15000,4500,23.9,1.3,0,0,1,0,1
2026-02-01,S02,P002,Artisanal White Bread 400g,0.0,45.0,0.0,0,0.0,0.0,0.0,40.0,2,Bakery,Bread,DailyBake,45.0,30.0,5,Supermarket,Delhi,15000,4500,23.4,0.1,0,0,1,0,1
2026-02-02,S02,P002,Artisanal White Bread 400g,39.0,45.0,0.0,0,315.0,315.0,276.0,40.0,2,Bakery,Bread,DailyBake,45.0,30.0,5,Supermarket,Delhi,15000,4500,25.3,0.1,0,0,0,0,1
2026-02-03,S02,P002,Artisanal White Bread 400g,35.0,45.0,0.0,0,276.0,0.0,241.0,40.0,2,Bakery,Bread,DailyBake,45.0,30.0,5,Supermarket,Delhi,15000,4500,29.1,1.2,0,0,0,0,1
2026-02-04,S02,P002,Artisanal White Bread 400g,43.0,45.0,0.0,0,241.0,0.0,198.0,40.0,2,Bakery,Bread,DailyBake,45.0,30.0,5,Supermarket,Delhi,15000,4500,28.7,0.5,0,0,0,0,1
2026-02-05,S02,P002,Artisanal White Bread 400g,40.0,45.0,0.0,0,198.0,0.0,158.0,40.0,2,Bakery,Bread,DailyBake,45.0,30.0,5,Supermarket,Delhi,15000,4500,26.8,0.7,0,0,0,0,1
2026-02-06,S02,P002,Artisanal White Bread 400g,54.0,38.25,0.15,1,158.0,0.0,104.0,40.0,2,Bakery,Bread,DailyBake,45.0,30.0,5,Supermarket,Delhi,15000,4500,27.7,0.6,0,0,0,0,1
2026-02-07,S02,P002,Artisanal White Bread 400g,52.0,45.0,0.0,0,104.0,0.0,52.0,40.0,2,Bakery,Bread,DailyBake,45.0,30.0,5,Supermarket,Delhi,15000,4500,24.9,0.1,0,0,1,0,1
2026-02-08,S02,P002,Artisanal White Bread 400g,52.0,45.0,0.0,0,52.0,0.0,0.0,40.0,2,Bakery,Bread,DailyBake,45.0,30.0,5,Supermarket,Delhi,15000,4500,27.5,2.3,0,0,1,1,1
2026-02-09,S02,P002,Artisanal White Bread 400g,0.0,45.0,0.0,0,0.0,0.0,0.0,40.0,2,Bakery,Bread,DailyBake,45.0,30.0,5,Supermarket,Delhi,15000,4500,24.3,0.3,0,0,0,0,1
2026-02-10,S02,P002,Artisanal White Bread 400g,50.0,45.0,0.0,0,315.0,315.0,265.0,40.0,2,Bakery,Bread,DailyBake,45.0,30.0,5,Supermarket,Delhi,15000,4500,26.4,1.1,0,0,0,0,1
2026-02-11,S02,P002,Artisanal White Bread 400g,56.0,45.0,0.0,0,265.0,0.0,209.0,40.0,2,Bakery,Bread,DailyBake,45.0,30.0,5,Supermarket,Delhi,15000,4500,26.1,0.9,0,0,0,0,1
2026-02-12,S02,P002,Artisanal White Bread 400g,54.0,45.0,0.0,0,209.0,0.0,155.0,40.0,2,Bakery,Bread,DailyBake,45.0,30.0,5,Supermarket,Delhi,15000,4500,30.2,0.9,0,0,0,0,1
2026-02-13,S02,P002,Artisanal White Bread 400g,45.0,45.0,0.0,0,155.0,0.0,110.0,40.0,2,Bakery,Bread,DailyBake,45.0,30.0,5,Supermarket,Delhi,15000,4500,26.0,0.2,0,0,0,0,1
2026-02-14,S02,P002,Artisanal White Bread 400g,54.0,45.0,0.0,0,110.0,0.0,56.0,40.0,2,Bakery,Bread,DailyBake,45.0,30.0,5,Supermarket,Delhi,15000,4500,27.8,0.0,0,0,1,0,1
2026-02-15,S02,P002,Artisanal White Bread 400g,52.0,45.0,0.0,0,56.0,0.0,4.0,40.0,2,Bakery,Bread,DailyBake,45.0,30.0,5,Supermarket,Delhi,15000,4500,29.7,0.6,0,0,1,0,1
2026-02-16,S02,P002,Artisanal White Bread 400g,4.0,45.0,0.0,0,4.0,0.0,0.0,40.0,2,Bakery,Bread,DailyBake,45.0,30.0,5,Supermarket,Delhi,15000,4500,25.7,0.4,0,0,0,1,1
2026-02-17,S02,P002,Artisanal White Bread 400g,36.0,45.0,0.0,0,315.0,315.0,279.0,40.0,2,Bakery,Bread,DailyBake,45.0,30.0,5,Supermarket,Delhi,15000,4500,30.3,0.9,0,0,0,1,1
2026-02-18,S02,P002,Artisanal White Bread 400g,51.0,45.0,0.0,0,279.0,0.0,228.0,40.0,2,Bakery,Bread,DailyBake,45.0,30.0,5,Supermarket,Delhi,15000,4500,26.1,0.2,0,0,0,0,1
2026-02-19,S02,P002,Artisanal White Bread 400g,44.0,45.0,0.0,0,228.0,0.0,184.0,40.0,2,Bakery,Bread,DailyBake,45.0,30.0,5,Supermarket,Delhi,15000,4500,26.9,0.6,0,0,0,0,1
2026-02-20,S02,P002,Artisanal White Bread 400g,41.0,45.0,0.0,0,184.0,0.0,143.0,40.0,2,Bakery,Bread,DailyBake,45.0,30.0,5,Supermarket,Delhi,15000,4500,27.9,0.3,0,0,0,0,1
2026-02-21,S02,P002,Artisanal White Bread 400g,64.0,45.0,0.0,0,143.0,0.0,79.0,40.0,2,Bakery,Bread,DailyBake,45.0,30.0,5,Supermarket,Delhi,15000,4500,29.8,0.1,0,0,1,0,1
2026-02-22,S02,P002,Artisanal White Bread 400g,49.0,45.0,0.0,1,79.0,0.0,30.0,40.0,2,Bakery,Bread,DailyBake,45.0,30.0,5,Supermarket,Delhi,15000,4500,27.2,0.0,0,0,1,0,1
2026-02-23,S02,P002,Artisanal White Bread 400g,30.0,45.0,0.0,0,30.0,0.0,0.0,40.0,2,Bakery,Bread,DailyBake,45.0,30.0,5,Supermarket,Delhi,15000,4500,24.8,0.1,0,0,0,0,1
2026-02-24,S02,P002,Artisanal White Bread 400g,52.0,45.0,0.0,0,315.0,315.0,263.0,40.0,2,Bakery,Bread,DailyBake,45.0,30.0,5,Supermarket,Delhi,15000,4500,27.9,0.0,0,0,0,0,1
2026-02-25,S02,P002,Artisanal White Bread 400g,49.0,45.0,0.0,0,263.0,0.0,214.0,40.0,2,Bakery,Bread,DailyBake,45.0,30.0,5,Supermarket,Delhi,15000,4500,31.8,0.0,0,0,0,0,1
2026-02-26,S02,P002,Artisanal White Bread 400g,46.0,45.0,0.0,0,214.0,0.0,168.0,40.0,2,Bakery,Bread,DailyBake,45.0,30.0,5,Supermarket,Delhi,15000,4500,30.2,1.7,0,0,0,1,1
2026-02-27,S02,P002,Artisanal White Bread 400g,47.0,45.0,0.0,0,168.0,0.0,121.0,40.0,2,Bakery,Bread,DailyBake,45.0,30.0,5,Supermarket,Delhi,15000,4500,29.0,0.0,0,0,0,0,1
2026-02-28,S02,P002,Artisanal White Bread 400g,49.0,45.0,0.0,0,121.0,0.0,72.0,40.0,2,Bakery,Bread,DailyBake,45.0,30.0,5,Supermarket,Delhi,15000,4500,23.9,0.4,0,0,1,0,1
2026-03-01,S02,P002,Artisanal White Bread 400g,61.0,45.0,0.0,0,72.0,0.0,11.0,40.0,2,Bakery,Bread,DailyBake,45.0,30.0,5,Supermarket,Delhi,15000,4500,31.4,0.5,0,0,1,0,1
2026-03-02,S02,P002,Artisanal White Bread 400g,11.0,38.25,0.15,1,11.0,0.0,0.0,40.0,2,Bakery,Bread,DailyBake,45.0,30.0,5,Supermarket,Delhi,15000,4500,29.4,0.4,0,0,0,0,1
2026-03-03,S02,P002,Artisanal White Bread 400g,54.0,45.0,0.0,0,315.0,315.0,261.0,40.0,2,Bakery,Bread,DailyBake,45.0,30.0,5,Supermarket,Delhi,15000,4500,29.1,2.4,0,0,0,0,1
2026-03-04,S02,P002,Artisanal White Bread 400g,40.0,45.0,0.0,0,261.0,0.0,221.0,40.0,2,Bakery,Bread,DailyBake,45.0,30.0,5,Supermarket,Delhi,15000,4500,32.8,0.6,0,0,0,0,1
2026-03-05,S02,P002,Artisanal White Bread 400g,35.0,45.0,0.0,0,221.0,0.0,186.0,40.0,2,Bakery,Bread,DailyBake,45.0,30.0,5,Supermarket,Delhi,15000,4500,33.1,0.9,0,0,0,0,1
2026-03-06,S02,P002,Artisanal White Bread 400g,34.0,45.0,0.0,0,186.0,0.0,152.0,40.0,2,Bakery,Bread,DailyBake,45.0,30.0,5,Supermarket,Delhi,15000,4500,32.7,0.8,0,0,0,0,1
2026-03-07,S02,P002,Artisanal White Bread 400g,76.0,45.0,0.0,0,152.0,0.0,76.0,40.0,2,Bakery,Bread,DailyBake,45.0,30.0,5,Supermarket,Delhi,15000,4500,29.9,0.0,0,0,1,0,1
2026-03-08,S02,P002,Artisanal White Bread 400g,76.0,45.0,0.0,0,76.0,0.0,0.0,40.0,2,Bakery,Bread,DailyBake,45.0,30.0,5,Supermarket,Delhi,15000,4500,27.7,0.1,0,1,1,0,1
2026-03-09,S02,P002,Artisanal White Bread 400g,0.0,45.0,0.0,0,0.0,0.0,0.0,40.0,2,Bakery,Bread,DailyBake,45.0,30.0,5,Supermarket,Delhi,15000,4500,30.8,0.7,0,0,0,0,1
2026-03-10,S02,P002,Artisanal White Bread 400g,43.0,45.0,0.0,0,315.0,315.0,272.0,40.0,2,Bakery,Bread,DailyBake,45.0,30.0,5,Supermarket,Delhi,15000,4500,30.5,0.1,0,0,0,0,1
2026-03-11,S02,P002,Artisanal White Bread 400g,42.0,45.0,0.0,0,272.0,0.0,230.0,40.0,2,Bakery,Bread,DailyBake,45.0,30.0,5,Supermarket,Delhi,15000,4500,30.1,0.2,0,0,0,0,1
2026-03-12,S02,P002,Artisanal White Bread 400g,41.0,45.0,0.0,0,230.0,0.0,189.0,40.0,2,Bakery,Bread,DailyBake,45.0,30.0,5,Supermarket,Delhi,15000,4500,30.7,0.1,0,0,0,0,1
2026-03-13,S02,P002,Artisanal White Bread 400g,51.0,45.0,0.0,0,189.0,0.0,138.0,40.0,2,Bakery,Bread,DailyBake,45.0,30.0,5,Supermarket,Delhi,15000,4500,32.7,0.2,0,0,0,0,1
2026-03-14,S02,P002,Artisanal White Bread 400g,68.0,45.0,0.0,0,138.0,0.0,70.0,40.0,2,Bakery,Bread,DailyBake,45.0,30.0,5,Supermarket,Delhi,15000,4500,31.7,0.1,0,0,1,0,1
2026-03-15,S02,P002,Artisanal White Bread 400g,70.0,45.0,0.0,0,70.0,0.0,0.0,40.0,2,Bakery,Bread,DailyBake,45.0,30.0,5,Supermarket,Delhi,15000,4500,27.4,0.2,0,0,1,0,1
2026-03-16,S02,P002,Artisanal White Bread 400g,0.0,45.0,0.0,0,0.0,0.0,0.0,40.0,2,Bakery,Bread,DailyBake,45.0,30.0,5,Supermarket,Delhi,15000,4500,34.8,0.0,0,0,0,1,1
2026-03-17,S02,P002,Artisanal White Bread 400g,47.0,45.0,0.0,0,315.0,315.0,268.0,40.0,2,Bakery,Bread,DailyBake,45.0,30.0,5,Supermarket,Delhi,15000,4500,31.1,1.5,0,0,0,0,1
2026-03-18,S02,P002,Artisanal White Bread 400g,50.0,45.0,0.0,0,268.0,0.0,218.0,40.0,2,Bakery,Bread,DailyBake,45.0,30.0,5,Supermarket,Delhi,15000,4500,29.0,0.2,0,0,0,0,1
2026-03-19,S02,P002,Artisanal White Bread 400g,37.0,45.0,0.0,0,218.0,0.0,181.0,40.0,2,Bakery,Bread,DailyBake,45.0,30.0,5,Supermarket,Delhi,15000,4500,29.3,0.8,0,0,0,0,1
2026-03-20,S02,P002,Artisanal White Bread 400g,52.0,45.0,0.0,0,181.0,0.0,129.0,40.0,2,Bakery,Bread,DailyBake,45.0,30.0,5,Supermarket,Delhi,15000,4500,31.1,0.4,0,0,0,0,1
2026-03-21,S02,P002,Artisanal White Bread 400g,70.0,45.0,0.0,0,129.0,0.0,59.0,40.0,2,Bakery,Bread,DailyBake,45.0,30.0,5,Supermarket,Delhi,15000,4500,27.0,0.3,0,0,1,0,1
2026-03-22,S02,P002,Artisanal White Bread 400g,48.0,45.0,0.0,0,59.0,0.0,11.0,40.0,2,Bakery,Bread,DailyBake,45.0,30.0,5,Supermarket,Delhi,15000,4500,29.8,0.9,0,0,1,0,1
2026-03-23,S02,P002,Artisanal White Bread 400g,11.0,45.0,0.0,0,11.0,0.0,0.0,40.0,2,Bakery,Bread,DailyBake,45.0,30.0,5,Supermarket,Delhi,15000,4500,30.2,0.1,0,0,0,0,1
2026-03-24,S02,P002,Artisanal White Bread 400g,50.0,45.0,0.0,0,315.0,315.0,265.0,40.0,2,Bakery,Bread,DailyBake,45.0,30.0,5,Supermarket,Delhi,15000,4500,29.5,0.1,0,0,0,0,1
2026-03-25,S02,P002,Artisanal White Bread 400g,92.0,38.25,0.15,1,265.0,0.0,173.0,40.0,2,Bakery,Bread,DailyBake,45.0,30.0,5,Supermarket,Delhi,15000,4500,30.3,0.9,0,1,0,0,1
2026-03-26,S02,P002,Artisanal White Bread 400g,46.0,45.0,0.0,0,173.0,0.0,127.0,40.0,2,Bakery,Bread,DailyBake,45.0,30.0,5,Supermarket,Delhi,15000,4500,30.3,1.0,0,0,0,0,1
2026-03-27,S02,P002,Artisanal White Bread 400g,47.0,45.0,0.0,0,127.0,0.0,80.0,40.0,2,Bakery,Bread,DailyBake,45.0,30.0,5,Supermarket,Delhi,15000,4500,31.0,0.8,0,0,0,0,1
2026-03-28,S02,P002,Artisanal White Bread 400g,66.0,45.0,0.0,0,80.0,0.0,14.0,40.0,2,Bakery,Bread,DailyBake,45.0,30.0,5,Supermarket,Delhi,15000,4500,30.9,2.0,0,0,1,0,1
2026-03-29,S02,P002,Artisanal White Bread 400g,14.0,45.0,0.0,1,14.0,0.0,0.0,40.0,2,Bakery,Bread,DailyBake,45.0,30.0,5,Supermarket,Delhi,15000,4500,31.3,0.1,0,0,1,0,1
2026-03-30,S02,P002,Artisanal White Bread 400g,46.0,45.0,0.0,0,315.0,315.0,269.0,40.0,2,Bakery,Bread,DailyBake,45.0,30.0,5,Supermarket,Delhi,15000,4500,29.3,0.2,0,0,0,0,1
2026-03-31,S02,P002,Artisanal White Bread 400g,41.0,45.0,0.0,0,269.0,0.0,228.0,40.0,2,Bakery,Bread,DailyBake,45.0,30.0,5,Supermarket,Delhi,15000,4500,29.3,0.1,0,0,0,0,1
2026-04-01,S02,P002,Artisanal White Bread 400g,45.0,45.0,0.0,0,228.0,0.0,183.0,40.0,2,Bakery,Bread,DailyBake,45.0,30.0,5,Supermarket,Delhi,15000,4500,28.6,0.6,0,0,0,0,1
2026-04-02,S02,P002,Artisanal White Bread 400g,49.0,45.0,0.0,0,183.0,0.0,134.0,40.0,2,Bakery,Bread,DailyBake,45.0,30.0,5,Supermarket,Delhi,15000,4500,26.1,0.4,0,0,0,0,1
2026-04-03,S02,P002,Artisanal White Bread 400g,49.0,45.0,0.0,0,134.0,0.0,85.0,40.0,2,Bakery,Bread,DailyBake,45.0,30.0,5,Supermarket,Delhi,15000,4500,27.7,0.7,0,0,0,0,1
2026-04-04,S02,P002,Artisanal White Bread 400g,76.0,38.25,0.15,1,85.0,0.0,9.0,40.0,2,Bakery,Bread,DailyBake,45.0,30.0,5,Supermarket,Delhi,15000,4500,26.2,0.1,0,0,1,0,1
2026-04-05,S02,P002,Artisanal White Bread 400g,9.0,45.0,0.0,0,9.0,0.0,0.0,40.0,2,Bakery,Bread,DailyBake,45.0,30.0,5,Supermarket,Delhi,15000,4500,28.0,0.4,0,0,1,0,1
2026-04-06,S02,P002,Artisanal White Bread 400g,55.0,45.0,0.0,0,315.0,315.0,260.0,40.0,2,Bakery,Bread,DailyBake,45.0,30.0,5,Supermarket,Delhi,15000,4500,31.1,0.2,0,0,0,0,1
2026-04-07,S02,P002,Artisanal White Bread 400g,46.0,45.0,0.0,0,260.0,0.0,214.0,40.0,2,Bakery,Bread,DailyBake,45.0,30.0,5,Supermarket,Delhi,15000,4500,30.9,0.2,0,0,0,0,1
2026-04-08,S02,P002,Artisanal White Bread 400g,46.0,45.0,0.0,0,214.0,0.0,168.0,40.0,2,Bakery,Bread,DailyBake,45.0,30.0,5,Supermarket,Delhi,15000,4500,29.2,0.6,0,0,0,0,1
2026-04-09,S02,P002,Artisanal White Bread 400g,53.0,45.0,0.0,0,168.0,0.0,115.0,40.0,2,Bakery,Bread,DailyBake,45.0,30.0,5,Supermarket,Delhi,15000,4500,29.5,0.2,0,0,0,0,1
2026-04-10,S02,P002,Artisanal White Bread 400g,50.0,45.0,0.0,0,115.0,0.0,65.0,40.0,2,Bakery,Bread,DailyBake,45.0,30.0,5,Supermarket,Delhi,15000,4500,28.2,0.1,0,0,0,0,1
2026-04-11,S02,P002,Artisanal White Bread 400g,65.0,45.0,0.0,0,65.0,0.0,0.0,40.0,2,Bakery,Bread,DailyBake,45.0,30.0,5,Supermarket,Delhi,15000,4500,31.9,0.5,0,0,1,0,1
2026-04-12,S02,P002,Artisanal White Bread 400g,0.0,45.0,0.0,0,0.0,0.0,0.0,40.0,2,Bakery,Bread,DailyBake,45.0,30.0,5,Supermarket,Delhi,15000,4500,27.8,0.1,0,0,1,0,1
2026-04-13,S02,P002,Artisanal White Bread 400g,43.0,45.0,0.0,0,315.0,315.0,272.0,40.0,2,Bakery,Bread,DailyBake,45.0,30.0,5,Supermarket,Delhi,15000,4500,31.4,0.7,0,0,0,0,1
2026-04-14,S02,P002,Artisanal White Bread 400g,42.0,45.0,0.0,0,272.0,0.0,230.0,40.0,2,Bakery,Bread,DailyBake,45.0,30.0,5,Supermarket,Delhi,15000,4500,30.4,0.1,1,0,0,1,1
2026-04-15,S02,P002,Artisanal White Bread 400g,47.0,45.0,0.0,0,230.0,0.0,183.0,40.0,2,Bakery,Bread,DailyBake,45.0,30.0,5,Supermarket,Delhi,15000,4500,28.6,0.3,0,0,0,0,1
2026-04-16,S02,P002,Artisanal White Bread 400g,47.0,45.0,0.0,0,183.0,0.0,136.0,40.0,2,Bakery,Bread,DailyBake,45.0,30.0,5,Supermarket,Delhi,15000,4500,28.9,0.8,0,0,0,0,1
2026-04-17,S02,P002,Artisanal White Bread 400g,54.0,45.0,0.0,0,136.0,0.0,82.0,40.0,2,Bakery,Bread,DailyBake,45.0,30.0,5,Supermarket,Delhi,15000,4500,28.2,0.1,0,0,0,0,1
2026-04-18,S02,P002,Artisanal White Bread 400g,70.0,45.0,0.0,0,82.0,0.0,12.0,40.0,2,Bakery,Bread,DailyBake,45.0,30.0,5,Supermarket,Delhi,15000,4500,26.9,1.2,0,0,1,0,1
2026-04-19,S02,P002,Artisanal White Bread 400g,12.0,45.0,0.0,0,12.0,0.0,0.0,40.0,2,Bakery,Bread,DailyBake,45.0,30.0,5,Supermarket,Delhi,15000,4500,32.8,0.8,0,0,1,0,1
2026-04-20,S02,P002,Artisanal White Bread 400g,37.0,45.0,0.0,0,315.0,315.0,278.0,40.0,2,Bakery,Bread,DailyBake,45.0,30.0,5,Supermarket,Delhi,15000,4500,28.4,1.1,0,0,0,0,1
2026-04-21,S02,P002,Artisanal White Bread 400g,49.0,45.0,0.0,0,278.0,0.0,229.0,40.0,2,Bakery,Bread,DailyBake,45.0,30.0,5,Supermarket,Delhi,15000,4500,28.7,0.1,0,0,0,0,1
2026-04-22,S02,P002,Artisanal White Bread 400g,39.0,45.0,0.0,0,229.0,0.0,190.0,40.0,2,Bakery,Bread,DailyBake,45.0,30.0,5,Supermarket,Delhi,15000,4500,27.9,0.1,0,0,0,0,1
2026-04-23,S02,P002,Artisanal White Bread 400g,41.0,45.0,0.0,0,190.0,0.0,149.0,40.0,2,Bakery,Bread,DailyBake,45.0,30.0,5,Supermarket,Delhi,15000,4500,25.5,0.7,0,0,0,0,1
2026-04-24,S02,P002,Artisanal White Bread 400g,41.0,45.0,0.0,1,149.0,0.0,108.0,40.0,2,Bakery,Bread,DailyBake,45.0,30.0,5,Supermarket,Delhi,15000,4500,31.8,0.1,0,0,0,0,1
2026-04-25,S02,P002,Artisanal White Bread 400g,70.0,45.0,0.0,0,108.0,0.0,38.0,40.0,2,Bakery,Bread,DailyBake,45.0,30.0,5,Supermarket,Delhi,15000,4500,29.9,0.5,0,0,1,0,1
2026-04-26,S02,P002,Artisanal White Bread 400g,38.0,45.0,0.0,0,38.0,0.0,0.0,40.0,2,Bakery,Bread,DailyBake,45.0,30.0,5,Supermarket,Delhi,15000,4500,30.0,0.0,0,0,1,0,1
2026-04-27,S02,P002,Artisanal White Bread 400g,41.0,45.0,0.0,0,315.0,315.0,274.0,40.0,2,Bakery,Bread,DailyBake,45.0,30.0,5,Supermarket,Delhi,15000,4500,26.0,0.6,0,0,0,0,1
2026-04-28,S02,P002,Artisanal White Bread 400g,52.0,45.0,0.0,0,274.0,0.0,222.0,40.0,2,Bakery,Bread,DailyBake,45.0,30.0,5,Supermarket,Delhi,15000,4500,28.4,0.2,0,0,0,0,1
2026-04-29,S02,P002,Artisanal White Bread 400g,52.0,45.0,0.0,0,222.0,0.0,170.0,40.0,2,Bakery,Bread,DailyBake,45.0,30.0,5,Supermarket,Delhi,15000,4500,27.4,0.5,0,0,0,0,1
2026-04-30,S02,P002,Artisanal White Bread 400g,37.0,45.0,0.0,0,170.0,0.0,133.0,40.0,2,Bakery,Bread,DailyBake,45.0,30.0,5,Supermarket,Delhi,15000,4500,28.1,1.0,0,0,0,0,1
2026-05-01,S02,P002,Artisanal White Bread 400g,66.0,45.0,0.0,0,133.0,0.0,67.0,40.0,2,Bakery,Bread,DailyBake,45.0,30.0,5,Supermarket,Delhi,15000,4500,27.4,0.2,1,1,0,0,1
2026-05-02,S02,P002,Artisanal White Bread 400g,58.0,45.0,0.0,0,67.0,0.0,9.0,40.0,2,Bakery,Bread,DailyBake,45.0,30.0,5,Supermarket,Delhi,15000,4500,28.0,0.0,0,0,1,0,1
2026-05-03,S02,P002,Artisanal White Bread 400g,9.0,45.0,0.0,0,9.0,0.0,0.0,40.0,2,Bakery,Bread,DailyBake,45.0,30.0,5,Supermarket,Delhi,15000,4500,28.4,0.4,0,0,1,0,1
2026-05-04,S02,P002,Artisanal White Bread 400g,47.0,45.0,0.0,0,315.0,315.0,268.0,40.0,2,Bakery,Bread,DailyBake,45.0,30.0,5,Supermarket,Delhi,15000,4500,31.6,0.0,0,0,0,0,1
2026-05-05,S02,P002,Artisanal White Bread 400g,45.0,45.0,0.0,0,268.0,0.0,223.0,40.0,2,Bakery,Bread,DailyBake,45.0,30.0,5,Supermarket,Delhi,15000,4500,28.4,0.0,0,0,0,0,1
2026-05-06,S02,P002,Artisanal White Bread 400g,50.0,45.0,0.0,0,223.0,0.0,173.0,40.0,2,Bakery,Bread,DailyBake,45.0,30.0,5,Supermarket,Delhi,15000,4500,31.1,0.1,0,0,0,0,1
2026-05-07,S02,P002,Artisanal White Bread 400g,42.0,45.0,0.0,0,173.0,0.0,131.0,40.0,2,Bakery,Bread,DailyBake,45.0,30.0,5,Supermarket,Delhi,15000,4500,29.4,0.8,0,0,0,0,1
2026-05-08,S02,P002,Artisanal White Bread 400g,47.0,45.0,0.0,0,131.0,0.0,84.0,40.0,2,Bakery,Bread,DailyBake,45.0,30.0,5,Supermarket,Delhi,15000,4500,29.6,0.3,0,0,0,0,1
2026-05-09,S02,P002,Artisanal White Bread 400g,63.0,45.0,0.0,0,84.0,0.0,21.0,40.0,2,Bakery,Bread,DailyBake,45.0,30.0,5,Supermarket,Delhi,15000,4500,27.2,0.4,0,0,1,0,1
2026-05-10,S02,P002,Artisanal White Bread 400g,21.0,45.0,0.0,0,21.0,0.0,0.0,40.0,2,Bakery,Bread,DailyBake,45.0,30.0,5,Supermarket,Delhi,15000,4500,26.8,0.5,0,0,1,0,1
2026-05-11,S02,P002,Artisanal White Bread 400g,47.0,45.0,0.0,0,315.0,315.0,268.0,40.0,2,Bakery,Bread,DailyBake,45.0,30.0,5,Supermarket,Delhi,15000,4500,28.3,0.4,0,0,0,0,1
2026-05-12,S02,P002,Artisanal White Bread 400g,40.0,45.0,0.0,0,268.0,0.0,228.0,40.0,2,Bakery,Bread,DailyBake,45.0,30.0,5,Supermarket,Delhi,15000,4500,26.3,0.4,0,0,0,0,1
2026-05-13,S02,P002,Artisanal White Bread 400g,60.0,38.25,0.15,1,228.0,0.0,168.0,40.0,2,Bakery,Bread,DailyBake,45.0,30.0,5,Supermarket,Delhi,15000,4500,30.5,0.1,0,0,0,1,1
2026-05-14,S02,P002,Artisanal White Bread 400g,42.0,45.0,0.0,0,168.0,0.0,126.0,40.0,2,Bakery,Bread,DailyBake,45.0,30.0,5,Supermarket,Delhi,15000,4500,27.6,0.3,0,0,0,0,1
2026-05-15,S02,P002,Artisanal White Bread 400g,47.0,45.0,0.0,0,126.0,0.0,79.0,40.0,2,Bakery,Bread,DailyBake,45.0,30.0,5,Supermarket,Delhi,15000,4500,29.1,1.4,0,0,0,0,1
2026-05-16,S02,P002,Artisanal White Bread 400g,62.0,45.0,0.0,0,79.0,0.0,17.0,40.0,2,Bakery,Bread,DailyBake,45.0,30.0,5,Supermarket,Delhi,15000,4500,30.3,0.2,0,0,1,0,1
2026-05-17,S02,P002,Artisanal White Bread 400g,17.0,45.0,0.0,0,17.0,0.0,0.0,40.0,2,Bakery,Bread,DailyBake,45.0,30.0,5,Supermarket,Delhi,15000,4500,24.0,1.6,0,0,1,0,1
2026-05-18,S02,P002,Artisanal White Bread 400g,45.0,45.0,0.0,0,315.0,315.0,270.0,40.0,2,Bakery,Bread,DailyBake,45.0,30.0,5,Supermarket,Delhi,15000,4500,26.2,0.1,0,0,0,0,1
2026-05-19,S02,P002,Artisanal White Bread 400g,43.0,45.0,0.0,0,270.0,0.0,227.0,40.0,2,Bakery,Bread,DailyBake,45.0,30.0,5,Supermarket,Delhi,15000,4500,30.2,0.7,0,0,0,0,1
2026-05-20,S02,P002,Artisanal White Bread 400g,56.0,36.0,0.2,1,227.0,0.0,171.0,40.0,2,Bakery,Bread,DailyBake,45.0,30.0,5,Supermarket,Delhi,15000,4500,29.5,0.0,0,0,0,0,1
2026-05-21,S02,P002,Artisanal White Bread 400g,45.0,45.0,0.0,0,171.0,0.0,126.0,40.0,2,Bakery,Bread,DailyBake,45.0,30.0,5,Supermarket,Delhi,15000,4500,25.9,0.4,0,0,0,0,1
2026-05-22,S02,P002,Artisanal White Bread 400g,48.0,45.0,0.0,0,126.0,0.0,78.0,40.0,2,Bakery,Bread,DailyBake,45.0,30.0,5,Supermarket,Delhi,15000,4500,28.2,1.3,0,0,0,0,1
2026-05-23,S02,P002,Artisanal White Bread 400g,61.0,45.0,0.0,0,78.0,0.0,17.0,40.0,2,Bakery,Bread,DailyBake,45.0,30.0,5,Supermarket,Delhi,15000,4500,24.9,1.6,0,0,1,0,1
2026-05-24,S02,P002,Artisanal White Bread 400g,17.0,45.0,0.0,0,17.0,0.0,0.0,40.0,2,Bakery,Bread,DailyBake,45.0,30.0,5,Supermarket,Delhi,15000,4500,23.8,1.4,0,0,1,0,1
2026-05-25,S02,P002,Artisanal White Bread 400g,41.0,45.0,0.0,0,315.0,315.0,274.0,40.0,2,Bakery,Bread,DailyBake,45.0,30.0,5,Supermarket,Delhi,15000,4500,27.4,0.2,0,0,0,0,1
2026-05-26,S02,P002,Artisanal White Bread 400g,50.0,45.0,0.0,0,274.0,0.0,224.0,40.0,2,Bakery,Bread,DailyBake,45.0,30.0,5,Supermarket,Delhi,15000,4500,28.6,0.4,0,0,0,0,1
2026-05-27,S02,P002,Artisanal White Bread 400g,34.0,45.0,0.0,0,224.0,0.0,190.0,40.0,2,Bakery,Bread,DailyBake,45.0,30.0,5,Supermarket,Delhi,15000,4500,26.7,0.3,0,0,0,0,1
2026-05-28,S02,P002,Artisanal White Bread 400g,40.0,45.0,0.0,1,190.0,0.0,150.0,40.0,2,Bakery,Bread,DailyBake,45.0,30.0,5,Supermarket,Delhi,15000,4500,29.6,0.5,0,0,0,0,1
2026-05-29,S02,P002,Artisanal White Bread 400g,52.0,40.5,0.1,1,150.0,0.0,98.0,40.0,2,Bakery,Bread,DailyBake,45.0,30.0,5,Supermarket,Delhi,15000,4500,27.3,0.5,0,0,0,0,1
2026-05-30,S02,P002,Artisanal White Bread 400g,66.0,45.0,0.0,0,98.0,0.0,32.0,40.0,2,Bakery,Bread,DailyBake,45.0,30.0,5,Supermarket,Delhi,15000,4500,25.1,0.1,0,0,1,0,1
2026-05-31,S02,P002,Artisanal White Bread 400g,32.0,45.0,0.0,0,32.0,0.0,0.0,40.0,2,Bakery,Bread,DailyBake,45.0,30.0,5,Supermarket,Delhi,15000,4500,24.5,0.2,0,0,1,0,1
2026-06-01,S02,P002,Artisanal White Bread 400g,39.0,45.0,0.0,0,315.0,315.0,276.0,40.0,2,Bakery,Bread,DailyBake,45.0,30.0,5,Supermarket,Delhi,15000,4500,23.5,1.7,0,0,0,0,1
2026-06-02,S02,P002,Artisanal White Bread 400g,52.0,40.5,0.1,1,276.0,0.0,224.0,40.0,2,Bakery,Bread,DailyBake,45.0,30.0,5,Supermarket,Delhi,15000,4500,29.7,0.2,0,0,0,0,1
2026-06-03,S02,P002,Artisanal White Bread 400g,45.0,45.0,0.0,0,224.0,0.0,179.0,40.0,2,Bakery,Bread,DailyBake,45.0,30.0,5,Supermarket,Delhi,15000,4500,27.1,13.4,0,0,0,0,1
2026-06-04,S02,P002,Artisanal White Bread 400g,39.0,45.0,0.0,0,179.0,0.0,140.0,40.0,2,Bakery,Bread,DailyBake,45.0,30.0,5,Supermarket,Delhi,15000,4500,25.7,3.1,0,0,0,0,1
2026-06-05,S02,P002,Artisanal White Bread 400g,32.0,45.0,0.0,0,140.0,0.0,108.0,40.0,2,Bakery,Bread,DailyBake,45.0,30.0,5,Supermarket,Delhi,15000,4500,25.2,11.3,0,0,0,0,1
2026-06-06,S02,P002,Artisanal White Bread 400g,48.0,45.0,0.0,0,108.0,0.0,60.0,40.0,2,Bakery,Bread,DailyBake,45.0,30.0,5,Supermarket,Delhi,15000,4500,23.9,1.3,0,0,1,1,1
2026-06-07,S02,P002,Artisanal White Bread 400g,60.0,45.0,0.0,0,60.0,0.0,0.0,40.0,2,Bakery,Bread,DailyBake,45.0,30.0,5,Supermarket,Delhi,15000,4500,22.6,0.3,0,0,1,1,1
2026-06-08,S02,P002,Artisanal White Bread 400g,0.0,45.0,0.0,0,0.0,0.0,0.0,40.0,2,Bakery,Bread,DailyBake,45.0,30.0,5,Supermarket,Delhi,15000,4500,25.0,2.7,0,0,0,0,1
2026-06-09,S02,P002,Artisanal White Bread 400g,40.0,45.0,0.0,0,315.0,315.0,275.0,40.0,2,Bakery,Bread,DailyBake,45.0,30.0,5,Supermarket,Delhi,15000,4500,23.6,0.9,0,0,0,0,1
2026-06-10,S02,P002,Artisanal White Bread 400g,55.0,45.0,0.0,1,275.0,0.0,220.0,40.0,2,Bakery,Bread,DailyBake,45.0,30.0,5,Supermarket,Delhi,15000,4500,22.2,13.6,0,0,0,0,1
2026-06-11,S02,P002,Artisanal White Bread 400g,51.0,45.0,0.0,0,220.0,0.0,169.0,40.0,2,Bakery,Bread,DailyBake,45.0,30.0,5,Supermarket,Delhi,15000,4500,25.0,5.3,0,0,0,0,1
2026-06-12,S02,P002,Artisanal White Bread 400g,47.0,45.0,0.0,0,169.0,0.0,122.0,40.0,2,Bakery,Bread,DailyBake,45.0,30.0,5,Supermarket,Delhi,15000,4500,26.0,5.3,0,0,0,0,1
2026-06-13,S02,P002,Artisanal White Bread 400g,56.0,45.0,0.0,0,122.0,0.0,66.0,40.0,2,Bakery,Bread,DailyBake,45.0,30.0,5,Supermarket,Delhi,15000,4500,24.3,0.3,0,0,1,0,1
2026-06-14,S02,P002,Artisanal White Bread 400g,66.0,45.0,0.0,0,66.0,0.0,0.0,40.0,2,Bakery,Bread,DailyBake,45.0,30.0,5,Supermarket,Delhi,15000,4500,22.8,4.5,0,0,1,0,1
2026-06-15,S02,P002,Artisanal White Bread 400g,0.0,40.5,0.1,1,0.0,0.0,0.0,40.0,2,Bakery,Bread,DailyBake,45.0,30.0,5,Supermarket,Delhi,15000,4500,23.9,10.7,0,1,0,1,1
2026-06-16,S02,P002,Artisanal White Bread 400g,38.0,45.0,0.0,0,315.0,315.0,277.0,40.0,2,Bakery,Bread,DailyBake,45.0,30.0,5,Supermarket,Delhi,15000,4500,18.9,0.0,0,0,0,0,1
2026-06-17,S02,P002,Artisanal White Bread 400g,47.0,45.0,0.0,0,277.0,0.0,230.0,40.0,2,Bakery,Bread,DailyBake,45.0,30.0,5,Supermarket,Delhi,15000,4500,27.9,6.1,0,0,0,0,1
2026-06-18,S02,P002,Artisanal White Bread 400g,44.0,45.0,0.0,0,230.0,0.0,186.0,40.0,2,Bakery,Bread,DailyBake,45.0,30.0,5,Supermarket,Delhi,15000,4500,24.9,5.1,0,0,0,0,1
2026-06-19,S02,P002,Artisanal White Bread 400g,51.0,45.0,0.0,0,186.0,0.0,135.0,40.0,2,Bakery,Bread,DailyBake,45.0,30.0,5,Supermarket,Delhi,15000,4500,22.9,5.4,0,0,0,0,1
2026-06-20,S02,P002,Artisanal White Bread 400g,62.0,45.0,0.0,0,135.0,0.0,73.0,40.0,2,Bakery,Bread,DailyBake,45.0,30.0,5,Supermarket,Delhi,15000,4500,22.3,2.7,0,0,1,0,1
2026-06-21,S02,P002,Artisanal White Bread 400g,73.0,40.5,0.1,1,73.0,0.0,0.0,40.0,2,Bakery,Bread,DailyBake,45.0,30.0,5,Supermarket,Delhi,15000,4500,24.8,7.4,0,0,1,0,1
2026-06-22,S02,P002,Artisanal White Bread 400g,0.0,45.0,0.0,0,0.0,0.0,0.0,40.0,2,Bakery,Bread,DailyBake,45.0,30.0,5,Supermarket,Delhi,15000,4500,21.5,2.0,0,0,0,0,1
2026-06-23,S02,P002,Artisanal White Bread 400g,43.0,45.0,0.0,0,315.0,315.0,272.0,40.0,2,Bakery,Bread,DailyBake,45.0,30.0,5,Supermarket,Delhi,15000,4500,25.2,8.1,0,0,0,0,1
2026-06-24,S02,P002,Artisanal White Bread 400g,33.0,45.0,0.0,0,272.0,0.0,239.0,40.0,2,Bakery,Bread,DailyBake,45.0,30.0,5,Supermarket,Delhi,15000,4500,20.9,6.1,0,0,0,0,1
2026-06-25,S02,P002,Artisanal White Bread 400g,54.0,45.0,0.0,0,239.0,0.0,185.0,40.0,2,Bakery,Bread,DailyBake,45.0,30.0,5,Supermarket,Delhi,15000,4500,20.7,2.3,0,0,0,0,1
2026-06-26,S02,P002,Artisanal White Bread 400g,43.0,45.0,0.0,0,185.0,0.0,142.0,40.0,2,Bakery,Bread,DailyBake,45.0,30.0,5,Supermarket,Delhi,15000,4500,24.8,0.5,0,0,0,0,1
2026-06-27,S02,P002,Artisanal White Bread 400g,67.0,45.0,0.0,1,142.0,0.0,75.0,40.0,2,Bakery,Bread,DailyBake,45.0,30.0,5,Supermarket,Delhi,15000,4500,25.7,0.1,0,0,1,0,1
2026-06-28,S02,P002,Artisanal White Bread 400g,55.0,45.0,0.0,0,75.0,0.0,20.0,40.0,2,Bakery,Bread,DailyBake,45.0,30.0,5,Supermarket,Delhi,15000,4500,25.1,4.0,0,0,1,0,1
2026-06-29,S02,P002,Artisanal White Bread 400g,20.0,40.5,0.1,1,20.0,0.0,0.0,40.0,2,Bakery,Bread,DailyBake,45.0,30.0,5,Supermarket,Delhi,15000,4500,23.3,3.4,0,0,0,0,1
2026-01-01,S02,P003,Sparkling Soda 500ml,90.0,35.0,0.0,0,210.0,0.0,120.0,70.0,3,Beverages,Cold Drinks,FizzPop,35.0,20.0,180,Supermarket,Delhi,15000,4500,20.9,0.5,1,0,0,0,1
2026-01-02,S02,P003,Sparkling Soda 500ml,79.0,31.5,0.1,1,120.0,0.0,41.0,70.0,3,Beverages,Cold Drinks,FizzPop,35.0,20.0,180,Supermarket,Delhi,15000,4500,23.5,0.4,0,0,0,0,1
2026-01-03,S02,P003,Sparkling Soda 500ml,41.0,35.0,0.0,0,41.0,0.0,0.0,70.0,3,Beverages,Cold Drinks,FizzPop,35.0,20.0,180,Supermarket,Delhi,15000,4500,25.3,0.0,0,0,1,0,1
2026-01-04,S02,P003,Sparkling Soda 500ml,0.0,35.0,0.0,0,0.0,0.0,0.0,70.0,3,Beverages,Cold Drinks,FizzPop,35.0,20.0,180,Supermarket,Delhi,15000,4500,22.7,1.3,0,0,1,0,1
2026-01-05,S02,P003,Sparkling Soda 500ml,80.0,35.0,0.0,0,577.0,577.0,497.0,70.0,3,Beverages,Cold Drinks,FizzPop,35.0,20.0,180,Supermarket,Delhi,15000,4500,23.1,0.1,0,0,0,0,1
2026-01-06,S02,P003,Sparkling Soda 500ml,89.0,35.0,0.0,0,497.0,0.0,408.0,70.0,3,Beverages,Cold Drinks,FizzPop,35.0,20.0,180,Supermarket,Delhi,15000,4500,22.9,0.6,0,0,0,0,1
2026-01-07,S02,P003,Sparkling Soda 500ml,83.0,35.0,0.0,0,408.0,0.0,325.0,70.0,3,Beverages,Cold Drinks,FizzPop,35.0,20.0,180,Supermarket,Delhi,15000,4500,22.1,0.3,0,0,0,0,1
2026-01-08,S02,P003,Sparkling Soda 500ml,74.0,31.5,0.1,1,325.0,0.0,251.0,70.0,3,Beverages,Cold Drinks,FizzPop,35.0,20.0,180,Supermarket,Delhi,15000,4500,21.1,0.5,0,0,0,0,1
2026-01-09,S02,P003,Sparkling Soda 500ml,93.0,35.0,0.0,0,251.0,0.0,158.0,70.0,3,Beverages,Cold Drinks,FizzPop,35.0,20.0,180,Supermarket,Delhi,15000,4500,23.6,0.0,0,0,0,0,1
2026-01-10,S02,P003,Sparkling Soda 500ml,107.0,35.0,0.0,0,158.0,0.0,51.0,70.0,3,Beverages,Cold Drinks,FizzPop,35.0,20.0,180,Supermarket,Delhi,15000,4500,19.7,0.0,0,0,1,0,1
2026-01-11,S02,P003,Sparkling Soda 500ml,51.0,35.0,0.0,0,51.0,0.0,0.0,70.0,3,Beverages,Cold Drinks,FizzPop,35.0,20.0,180,Supermarket,Delhi,15000,4500,23.5,0.7,0,0,1,0,1
2026-01-12,S02,P003,Sparkling Soda 500ml,0.0,35.0,0.0,0,0.0,0.0,0.0,70.0,3,Beverages,Cold Drinks,FizzPop,35.0,20.0,180,Supermarket,Delhi,15000,4500,21.4,0.9,0,0,0,1,1
2026-01-13,S02,P003,Sparkling Soda 500ml,73.0,35.0,0.0,0,577.0,577.0,504.0,70.0,3,Beverages,Cold Drinks,FizzPop,35.0,20.0,180,Supermarket,Delhi,15000,4500,22.6,0.3,0,0,0,0,1
2026-01-14,S02,P003,Sparkling Soda 500ml,81.0,35.0,0.0,0,504.0,0.0,423.0,70.0,3,Beverages,Cold Drinks,FizzPop,35.0,20.0,180,Supermarket,Delhi,15000,4500,23.4,0.6,0,0,0,0,1
2026-01-15,S02,P003,Sparkling Soda 500ml,71.0,35.0,0.0,0,423.0,0.0,352.0,70.0,3,Beverages,Cold Drinks,FizzPop,35.0,20.0,180,Supermarket,Delhi,15000,4500,21.8,0.0,0,0,0,0,1
2026-01-16,S02,P003,Sparkling Soda 500ml,98.0,35.0,0.0,0,352.0,0.0,254.0,70.0,3,Beverages,Cold Drinks,FizzPop,35.0,20.0,180,Supermarket,Delhi,15000,4500,24.1,0.8,0,0,0,0,1
2026-01-17,S02,P003,Sparkling Soda 500ml,110.0,35.0,0.0,0,254.0,0.0,144.0,70.0,3,Beverages,Cold Drinks,FizzPop,35.0,20.0,180,Supermarket,Delhi,15000,4500,21.7,0.7,0,0,1,0,1
2026-01-18,S02,P003,Sparkling Soda 500ml,114.0,35.0,0.0,0,144.0,0.0,30.0,70.0,3,Beverages,Cold Drinks,FizzPop,35.0,20.0,180,Supermarket,Delhi,15000,4500,27.6,0.0,0,0,1,0,1
2026-01-19,S02,P003,Sparkling Soda 500ml,30.0,35.0,0.0,0,30.0,0.0,0.0,70.0,3,Beverages,Cold Drinks,FizzPop,35.0,20.0,180,Supermarket,Delhi,15000,4500,25.9,0.3,0,0,0,0,1
2026-01-20,S02,P003,Sparkling Soda 500ml,0.0,35.0,0.0,0,0.0,0.0,0.0,70.0,3,Beverages,Cold Drinks,FizzPop,35.0,20.0,180,Supermarket,Delhi,15000,4500,27.6,1.1,0,0,0,1,1
2026-01-21,S02,P003,Sparkling Soda 500ml,70.0,35.0,0.0,0,577.0,577.0,507.0,70.0,3,Beverages,Cold Drinks,FizzPop,35.0,20.0,180,Supermarket,Delhi,15000,4500,26.9,0.1,0,0,0,0,1
2026-01-22,S02,P003,Sparkling Soda 500ml,109.0,35.0,0.0,0,507.0,0.0,398.0,70.0,3,Beverages,Cold Drinks,FizzPop,35.0,20.0,180,Supermarket,Delhi,15000,4500,25.5,0.2,0,0,0,0,1
2026-01-23,S02,P003,Sparkling Soda 500ml,84.0,35.0,0.0,0,398.0,0.0,314.0,70.0,3,Beverages,Cold Drinks,FizzPop,35.0,20.0,180,Supermarket,Delhi,15000,4500,24.6,1.0,0,0,0,0,1
2026-01-24,S02,P003,Sparkling Soda 500ml,156.0,35.0,0.0,0,314.0,0.0,158.0,70.0,3,Beverages,Cold Drinks,FizzPop,35.0,20.0,180,Supermarket,Delhi,15000,4500,28.3,0.1,0,0,1,0,1
2026-01-25,S02,P003,Sparkling Soda 500ml,104.0,35.0,0.0,1,158.0,0.0,54.0,70.0,3,Beverages,Cold Drinks,FizzPop,35.0,20.0,180,Supermarket,Delhi,15000,4500,27.5,0.2,0,0,1,0,1
2026-01-26,S02,P003,Sparkling Soda 500ml,54.0,35.0,0.0,0,54.0,0.0,0.0,70.0,3,Beverages,Cold Drinks,FizzPop,35.0,20.0,180,Supermarket,Delhi,15000,4500,24.1,0.3,1,1,0,0,1
2026-01-27,S02,P003,Sparkling Soda 500ml,0.0,35.0,0.0,0,0.0,0.0,0.0,70.0,3,Beverages,Cold Drinks,FizzPop,35.0,20.0,180,Supermarket,Delhi,15000,4500,27.0,0.1,0,0,0,0,1
2026-01-28,S02,P003,Sparkling Soda 500ml,59.0,35.0,0.0,0,577.0,577.0,518.0,70.0,3,Beverages,Cold Drinks,FizzPop,35.0,20.0,180,Supermarket,Delhi,15000,4500,25.8,0.5,0,0,0,0,1
2026-01-29,S02,P003,Sparkling Soda 500ml,83.0,35.0,0.0,0,518.0,0.0,435.0,70.0,3,Beverages,Cold Drinks,FizzPop,35.0,20.0,180,Supermarket,Delhi,15000,4500,23.2,0.8,0,0,0,0,1
2026-01-30,S02,P003,Sparkling Soda 500ml,88.0,35.0,0.0,0,435.0,0.0,347.0,70.0,3,Beverages,Cold Drinks,FizzPop,35.0,20.0,180,Supermarket,Delhi,15000,4500,25.7,0.1,0,0,0,0,1
2026-01-31,S02,P003,Sparkling Soda 500ml,91.0,35.0,0.0,0,347.0,0.0,256.0,70.0,3,Beverages,Cold Drinks,FizzPop,35.0,20.0,180,Supermarket,Delhi,15000,4500,24.9,0.2,0,0,1,0,1
2026-02-01,S02,P003,Sparkling Soda 500ml,138.0,28.0,0.2,1,256.0,0.0,118.0,70.0,3,Beverages,Cold Drinks,FizzPop,35.0,20.0,180,Supermarket,Delhi,15000,4500,25.1,0.4,0,0,1,0,1
2026-02-02,S02,P003,Sparkling Soda 500ml,80.0,35.0,0.0,0,118.0,0.0,38.0,70.0,3,Beverages,Cold Drinks,FizzPop,35.0,20.0,180,Supermarket,Delhi,15000,4500,26.4,1.8,0,0,0,0,1
2026-02-03,S02,P003,Sparkling Soda 500ml,38.0,35.0,0.0,0,38.0,0.0,0.0,70.0,3,Beverages,Cold Drinks,FizzPop,35.0,20.0,180,Supermarket,Delhi,15000,4500,26.7,0.4,0,0,0,0,1
2026-02-04,S02,P003,Sparkling Soda 500ml,0.0,31.5,0.1,1,0.0,0.0,0.0,70.0,3,Beverages,Cold Drinks,FizzPop,35.0,20.0,180,Supermarket,Delhi,15000,4500,27.7,0.2,0,0,0,0,1
2026-02-05,S02,P003,Sparkling Soda 500ml,101.0,35.0,0.0,0,577.0,577.0,476.0,70.0,3,Beverages,Cold Drinks,FizzPop,35.0,20.0,180,Supermarket,Delhi,15000,4500,25.1,0.9,0,0,0,0,1
2026-02-06,S02,P003,Sparkling Soda 500ml,85.0,35.0,0.0,0,476.0,0.0,391.0,70.0,3,Beverages,Cold Drinks,FizzPop,35.0,20.0,180,Supermarket,Delhi,15000,4500,23.2,0.0,0,0,0,0,1
2026-02-07,S02,P003,Sparkling Soda 500ml,106.0,35.0,0.0,0,391.0,0.0,285.0,70.0,3,Beverages,Cold Drinks,FizzPop,35.0,20.0,180,Supermarket,Delhi,15000,4500,27.7,1.0,0,0,1,0,1
2026-02-08,S02,P003,Sparkling Soda 500ml,152.0,29.75,0.15,1,285.0,0.0,133.0,70.0,3,Beverages,Cold Drinks,FizzPop,35.0,20.0,180,Supermarket,Delhi,15000,4500,26.4,0.4,0,0,1,0,1
2026-02-09,S02,P003,Sparkling Soda 500ml,92.0,35.0,0.0,0,133.0,0.0,41.0,70.0,3,Beverages,Cold Drinks,FizzPop,35.0,20.0,180,Supermarket,Delhi,15000,4500,29.1,0.3,0,0,0,0,1
2026-02-10,S02,P003,Sparkling Soda 500ml,41.0,28.0,0.2,1,41.0,0.0,0.0,70.0,3,Beverages,Cold Drinks,FizzPop,35.0,20.0,180,Supermarket,Delhi,15000,4500,23.2,1.1,0,0,0,0,1
2026-02-11,S02,P003,Sparkling Soda 500ml,0.0,35.0,0.0,0,0.0,0.0,0.0,70.0,3,Beverages,Cold Drinks,FizzPop,35.0,20.0,180,Supermarket,Delhi,15000,4500,27.2,1.0,0,0,0,0,1
2026-02-12,S02,P003,Sparkling Soda 500ml,147.0,29.75,0.15,1,577.0,577.0,430.0,70.0,3,Beverages,Cold Drinks,FizzPop,35.0,20.0,180,Supermarket,Delhi,15000,4500,28.6,0.4,0,0,0,0,1
2026-02-13,S02,P003,Sparkling Soda 500ml,100.0,35.0,0.0,0,430.0,0.0,330.0,70.0,3,Beverages,Cold Drinks,FizzPop,35.0,20.0,180,Supermarket,Delhi,15000,4500,30.1,1.0,0,0,0,0,1
2026-02-14,S02,P003,Sparkling Soda 500ml,120.0,35.0,0.0,0,330.0,0.0,210.0,70.0,3,Beverages,Cold Drinks,FizzPop,35.0,20.0,180,Supermarket,Delhi,15000,4500,23.6,1.6,0,0,1,0,1
2026-02-15,S02,P003,Sparkling Soda 500ml,162.0,35.0,0.0,0,210.0,0.0,48.0,70.0,3,Beverages,Cold Drinks,FizzPop,35.0,20.0,180,Supermarket,Delhi,15000,4500,29.9,1.1,0,0,1,0,1
2026-02-16,S02,P003,Sparkling Soda 500ml,48.0,35.0,0.0,0,48.0,0.0,0.0,70.0,3,Beverages,Cold Drinks,FizzPop,35.0,20.0,180,Supermarket,Delhi,15000,4500,24.9,0.2,0,0,0,0,1
2026-02-17,S02,P003,Sparkling Soda 500ml,0.0,35.0,0.0,0,0.0,0.0,0.0,70.0,3,Beverages,Cold Drinks,FizzPop,35.0,20.0,180,Supermarket,Delhi,15000,4500,29.6,0.3,0,0,0,0,1
2026-02-18,S02,P003,Sparkling Soda 500ml,129.0,28.0,0.2,1,577.0,577.0,448.0,70.0,3,Beverages,Cold Drinks,FizzPop,35.0,20.0,180,Supermarket,Delhi,15000,4500,31.0,0.2,0,0,0,0,1
2026-02-19,S02,P003,Sparkling Soda 500ml,95.0,35.0,0.0,0,448.0,0.0,353.0,70.0,3,Beverages,Cold Drinks,FizzPop,35.0,20.0,180,Supermarket,Delhi,15000,4500,28.3,0.3,0,0,0,0,1
2026-02-20,S02,P003,Sparkling Soda 500ml,140.0,29.75,0.15,1,353.0,0.0,213.0,70.0,3,Beverages,Cold Drinks,FizzPop,35.0,20.0,180,Supermarket,Delhi,15000,4500,25.0,0.6,0,0,0,0,1
2026-02-21,S02,P003,Sparkling Soda 500ml,121.0,35.0,0.0,0,213.0,0.0,92.0,70.0,3,Beverages,Cold Drinks,FizzPop,35.0,20.0,180,Supermarket,Delhi,15000,4500,25.9,0.1,0,0,1,0,1
2026-02-22,S02,P003,Sparkling Soda 500ml,92.0,35.0,0.0,0,92.0,0.0,0.0,70.0,3,Beverages,Cold Drinks,FizzPop,35.0,20.0,180,Supermarket,Delhi,15000,4500,28.4,0.9,0,0,1,0,1
2026-02-23,S02,P003,Sparkling Soda 500ml,0.0,35.0,0.0,0,0.0,0.0,0.0,70.0,3,Beverages,Cold Drinks,FizzPop,35.0,20.0,180,Supermarket,Delhi,15000,4500,31.5,0.8,0,0,0,0,1
2026-02-24,S02,P003,Sparkling Soda 500ml,0.0,35.0,0.0,0,0.0,0.0,0.0,70.0,3,Beverages,Cold Drinks,FizzPop,35.0,20.0,180,Supermarket,Delhi,15000,4500,26.6,0.6,0,0,0,0,1
2026-02-25,S02,P003,Sparkling Soda 500ml,84.0,35.0,0.0,0,577.0,577.0,493.0,70.0,3,Beverages,Cold Drinks,FizzPop,35.0,20.0,180,Supermarket,Delhi,15000,4500,30.3,0.2,0,0,0,0,1
2026-02-26,S02,P003,Sparkling Soda 500ml,124.0,29.75,0.15,1,493.0,0.0,369.0,70.0,3,Beverages,Cold Drinks,FizzPop,35.0,20.0,180,Supermarket,Delhi,15000,4500,28.9,0.4,0,0,0,0,1
2026-02-27,S02,P003,Sparkling Soda 500ml,108.0,29.75,0.15,1,369.0,0.0,261.0,70.0,3,Beverages,Cold Drinks,FizzPop,35.0,20.0,180,Supermarket,Delhi,15000,4500,27.2,0.5,0,0,0,0,1
2026-02-28,S02,P003,Sparkling Soda 500ml,102.0,35.0,0.0,0,261.0,0.0,159.0,70.0,3,Beverages,Cold Drinks,FizzPop,35.0,20.0,180,Supermarket,Delhi,15000,4500,26.2,0.6,0,0,1,0,1
2026-03-01,S02,P003,Sparkling Soda 500ml,141.0,35.0,0.0,0,159.0,0.0,18.0,70.0,3,Beverages,Cold Drinks,FizzPop,35.0,20.0,180,Supermarket,Delhi,15000,4500,30.0,0.4,0,0,1,0,1
2026-03-02,S02,P003,Sparkling Soda 500ml,18.0,35.0,0.0,0,18.0,0.0,0.0,70.0,3,Beverages,Cold Drinks,FizzPop,35.0,20.0,180,Supermarket,Delhi,15000,4500,31.5,0.0,0,0,0,0,1
2026-03-03,S02,P003,Sparkling Soda 500ml,0.0,31.5,0.1,1,0.0,0.0,0.0,70.0,3,Beverages,Cold Drinks,FizzPop,35.0,20.0,180,Supermarket,Delhi,15000,4500,32.3,0.8,0,0,0,0,1
2026-03-04,S02,P003,Sparkling Soda 500ml,120.0,35.0,0.0,0,577.0,577.0,457.0,70.0,3,Beverages,Cold Drinks,FizzPop,35.0,20.0,180,Supermarket,Delhi,15000,4500,30.4,0.3,0,0,0,0,1
2026-03-05,S02,P003,Sparkling Soda 500ml,85.0,35.0,0.0,0,457.0,0.0,372.0,70.0,3,Beverages,Cold Drinks,FizzPop,35.0,20.0,180,Supermarket,Delhi,15000,4500,29.9,0.3,0,0,0,0,1
2026-03-06,S02,P003,Sparkling Soda 500ml,115.0,35.0,0.0,0,372.0,0.0,257.0,70.0,3,Beverages,Cold Drinks,FizzPop,35.0,20.0,180,Supermarket,Delhi,15000,4500,29.1,0.4,0,0,0,0,1
2026-03-07,S02,P003,Sparkling Soda 500ml,126.0,35.0,0.0,0,257.0,0.0,131.0,70.0,3,Beverages,Cold Drinks,FizzPop,35.0,20.0,180,Supermarket,Delhi,15000,4500,29.7,0.1,0,0,1,0,1
2026-03-08,S02,P003,Sparkling Soda 500ml,131.0,29.75,0.15,1,131.0,0.0,0.0,70.0,3,Beverages,Cold Drinks,FizzPop,35.0,20.0,180,Supermarket,Delhi,15000,4500,27.5,0.2,0,1,1,0,1
2026-03-09,S02,P003,Sparkling Soda 500ml,0.0,35.0,0.0,0,0.0,0.0,0.0,70.0,3,Beverages,Cold Drinks,FizzPop,35.0,20.0,180,Supermarket,Delhi,15000,4500,30.0,0.1,0,0,0,0,1
2026-03-10,S02,P003,Sparkling Soda 500ml,0.0,35.0,0.0,0,0.0,0.0,0.0,70.0,3,Beverages,Cold Drinks,FizzPop,35.0,20.0,180,Supermarket,Delhi,15000,4500,30.2,0.4,0,0,0,0,1
2026-03-11,S02,P003,Sparkling Soda 500ml,117.0,35.0,0.0,0,577.0,577.0,460.0,70.0,3,Beverages,Cold Drinks,FizzPop,35.0,20.0,180,Supermarket,Delhi,15000,4500,28.9,0.7,0,0,0,1,1
2026-03-12,S02,P003,Sparkling Soda 500ml,106.0,35.0,0.0,0,460.0,0.0,354.0,70.0,3,Beverages,Cold Drinks,FizzPop,35.0,20.0,180,Supermarket,Delhi,15000,4500,30.5,0.1,0,0,0,0,1
2026-03-13,S02,P003,Sparkling Soda 500ml,110.0,35.0,0.0,0,354.0,0.0,244.0,70.0,3,Beverages,Cold Drinks,FizzPop,35.0,20.0,180,Supermarket,Delhi,15000,4500,29.4,0.6,0,0,0,0,1
2026-03-14,S02,P003,Sparkling Soda 500ml,137.0,35.0,0.0,0,244.0,0.0,107.0,70.0,3,Beverages,Cold Drinks,FizzPop,35.0,20.0,180,Supermarket,Delhi,15000,4500,29.5,2.8,0,0,1,0,1
2026-03-15,S02,P003,Sparkling Soda 500ml,107.0,35.0,0.0,0,107.0,0.0,0.0,70.0,3,Beverages,Cold Drinks,FizzPop,35.0,20.0,180,Supermarket,Delhi,15000,4500,31.8,0.9,0,0,1,0,1
2026-03-16,S02,P003,Sparkling Soda 500ml,0.0,28.0,0.2,1,0.0,0.0,0.0,70.0,3,Beverages,Cold Drinks,FizzPop,35.0,20.0,180,Supermarket,Delhi,15000,4500,27.7,0.2,0,0,0,0,1
2026-03-17,S02,P003,Sparkling Soda 500ml,0.0,35.0,0.0,0,0.0,0.0,0.0,70.0,3,Beverages,Cold Drinks,FizzPop,35.0,20.0,180,Supermarket,Delhi,15000,4500,33.9,0.0,0,0,0,0,1
2026-03-18,S02,P003,Sparkling Soda 500ml,79.0,35.0,0.0,0,577.0,577.0,498.0,70.0,3,Beverages,Cold Drinks,FizzPop,35.0,20.0,180,Supermarket,Delhi,15000,4500,28.0,0.3,0,0,0,0,1
2026-03-19,S02,P003,Sparkling Soda 500ml,120.0,35.0,0.0,0,498.0,0.0,378.0,70.0,3,Beverages,Cold Drinks,FizzPop,35.0,20.0,180,Supermarket,Delhi,15000,4500,28.2,1.6,0,0,0,0,1
2026-03-20,S02,P003,Sparkling Soda 500ml,88.0,35.0,0.0,0,378.0,0.0,290.0,70.0,3,Beverages,Cold Drinks,FizzPop,35.0,20.0,180,Supermarket,Delhi,15000,4500,29.4,0.2,0,0,0,0,1
2026-03-21,S02,P003,Sparkling Soda 500ml,141.0,35.0,0.0,0,290.0,0.0,149.0,70.0,3,Beverages,Cold Drinks,FizzPop,35.0,20.0,180,Supermarket,Delhi,15000,4500,29.1,0.6,0,0,1,0,1
2026-03-22,S02,P003,Sparkling Soda 500ml,135.0,35.0,0.0,0,149.0,0.0,14.0,70.0,3,Beverages,Cold Drinks,FizzPop,35.0,20.0,180,Supermarket,Delhi,15000,4500,31.2,0.3,0,0,1,0,1
2026-03-23,S02,P003,Sparkling Soda 500ml,14.0,35.0,0.0,0,14.0,0.0,0.0,70.0,3,Beverages,Cold Drinks,FizzPop,35.0,20.0,180,Supermarket,Delhi,15000,4500,30.4,0.9,0,0,0,0,1
2026-03-24,S02,P003,Sparkling Soda 500ml,0.0,35.0,0.0,0,0.0,0.0,0.0,70.0,3,Beverages,Cold Drinks,FizzPop,35.0,20.0,180,Supermarket,Delhi,15000,4500,30.1,0.4,0,0,0,0,1
2026-03-25,S02,P003,Sparkling Soda 500ml,192.0,35.0,0.0,0,577.0,577.0,385.0,70.0,3,Beverages,Cold Drinks,FizzPop,35.0,20.0,180,Supermarket,Delhi,15000,4500,32.7,0.4,0,1,0,0,1
2026-03-26,S02,P003,Sparkling Soda 500ml,81.0,35.0,0.0,0,385.0,0.0,304.0,70.0,3,Beverages,Cold Drinks,FizzPop,35.0,20.0,180,Supermarket,Delhi,15000,4500,30.0,0.9,0,0,0,0,1
2026-03-27,S02,P003,Sparkling Soda 500ml,65.0,35.0,0.0,0,304.0,0.0,239.0,70.0,3,Beverages,Cold Drinks,FizzPop,35.0,20.0,180,Supermarket,Delhi,15000,4500,27.8,0.3,0,0,0,0,1
2026-03-28,S02,P003,Sparkling Soda 500ml,182.0,28.0,0.2,1,239.0,0.0,57.0,70.0,3,Beverages,Cold Drinks,FizzPop,35.0,20.0,180,Supermarket,Delhi,15000,4500,30.3,0.1,0,0,1,0,1
2026-03-29,S02,P003,Sparkling Soda 500ml,57.0,35.0,0.0,0,57.0,0.0,0.0,70.0,3,Beverages,Cold Drinks,FizzPop,35.0,20.0,180,Supermarket,Delhi,15000,4500,30.3,0.1,0,0,1,0,1
2026-03-30,S02,P003,Sparkling Soda 500ml,0.0,35.0,0.0,0,0.0,0.0,0.0,70.0,3,Beverages,Cold Drinks,FizzPop,35.0,20.0,180,Supermarket,Delhi,15000,4500,30.2,0.1,0,0,0,0,1
2026-03-31,S02,P003,Sparkling Soda 500ml,81.0,35.0,0.0,1,577.0,577.0,496.0,70.0,3,Beverages,Cold Drinks,FizzPop,35.0,20.0,180,Supermarket,Delhi,15000,4500,30.8,0.9,0,0,0,0,1
2026-04-01,S02,P003,Sparkling Soda 500ml,120.0,35.0,0.0,0,496.0,0.0,376.0,70.0,3,Beverages,Cold Drinks,FizzPop,35.0,20.0,180,Supermarket,Delhi,15000,4500,30.0,1.1,0,0,0,0,1
2026-04-02,S02,P003,Sparkling Soda 500ml,73.0,35.0,0.0,0,376.0,0.0,303.0,70.0,3,Beverages,Cold Drinks,FizzPop,35.0,20.0,180,Supermarket,Delhi,15000,4500,31.4,0.1,0,0,0,0,1
2026-04-03,S02,P003,Sparkling Soda 500ml,85.0,35.0,0.0,0,303.0,0.0,218.0,70.0,3,Beverages,Cold Drinks,FizzPop,35.0,20.0,180,Supermarket,Delhi,15000,4500,30.6,0.6,0,0,0,1,1
2026-04-04,S02,P003,Sparkling Soda 500ml,133.0,35.0,0.0,1,218.0,0.0,85.0,70.0,3,Beverages,Cold Drinks,FizzPop,35.0,20.0,180,Supermarket,Delhi,15000,4500,28.0,0.0,0,0,1,0,1
2026-04-05,S02,P003,Sparkling Soda 500ml,85.0,35.0,0.0,0,85.0,0.0,0.0,70.0,3,Beverages,Cold Drinks,FizzPop,35.0,20.0,180,Supermarket,Delhi,15000,4500,27.4,0.9,0,0,1,0,1
2026-04-06,S02,P003,Sparkling Soda 500ml,0.0,35.0,0.0,0,0.0,0.0,0.0,70.0,3,Beverages,Cold Drinks,FizzPop,35.0,20.0,180,Supermarket,Delhi,15000,4500,30.2,0.2,0,0,0,0,1
2026-04-07,S02,P003,Sparkling Soda 500ml,0.0,35.0,0.0,0,0.0,0.0,0.0,70.0,3,Beverages,Cold Drinks,FizzPop,35.0,20.0,180,Supermarket,Delhi,15000,4500,28.2,0.8,0,0,0,0,1
2026-04-08,S02,P003,Sparkling Soda 500ml,102.0,35.0,0.0,0,577.0,577.0,475.0,70.0,3,Beverages,Cold Drinks,FizzPop,35.0,20.0,180,Supermarket,Delhi,15000,4500,30.4,0.7,0,0,0,0,1
2026-04-09,S02,P003,Sparkling Soda 500ml,90.0,35.0,0.0,0,475.0,0.0,385.0,70.0,3,Beverages,Cold Drinks,FizzPop,35.0,20.0,180,Supermarket,Delhi,15000,4500,26.8,1.1,0,0,0,0,1
2026-04-10,S02,P003,Sparkling Soda 500ml,95.0,35.0,0.0,0,385.0,0.0,290.0,70.0,3,Beverages,Cold Drinks,FizzPop,35.0,20.0,180,Supermarket,Delhi,15000,4500,30.1,0.0,0,0,0,0,1
2026-04-11,S02,P003,Sparkling Soda 500ml,117.0,35.0,0.0,0,290.0,0.0,173.0,70.0,3,Beverages,Cold Drinks,FizzPop,35.0,20.0,180,Supermarket,Delhi,15000,4500,31.0,0.0,0,0,1,0,1
2026-04-12,S02,P003,Sparkling Soda 500ml,131.0,35.0,0.0,0,173.0,0.0,42.0,70.0,3,Beverages,Cold Drinks,FizzPop,35.0,20.0,180,Supermarket,Delhi,15000,4500,27.8,0.1,0,0,1,0,1
2026-04-13,S02,P003,Sparkling Soda 500ml,42.0,35.0,0.0,0,42.0,0.0,0.0,70.0,3,Beverages,Cold Drinks,FizzPop,35.0,20.0,180,Supermarket,Delhi,15000,4500,28.8,0.4,0,0,0,0,1
2026-04-14,S02,P003,Sparkling Soda 500ml,0.0,29.75,0.15,1,0.0,0.0,0.0,70.0,3,Beverages,Cold Drinks,FizzPop,35.0,20.0,180,Supermarket,Delhi,15000,4500,31.7,1.8,1,0,0,0,1
2026-04-15,S02,P003,Sparkling Soda 500ml,88.0,35.0,0.0,0,577.0,577.0,489.0,70.0,3,Beverages,Cold Drinks,FizzPop,35.0,20.0,180,Supermarket,Delhi,15000,4500,30.8,0.4,0,0,0,0,1
2026-04-16,S02,P003,Sparkling Soda 500ml,101.0,35.0,0.0,1,489.0,0.0,388.0,70.0,3,Beverages,Cold Drinks,FizzPop,35.0,20.0,180,Supermarket,Delhi,15000,4500,28.3,0.1,0,0,0,0,1
2026-04-17,S02,P003,Sparkling Soda 500ml,105.0,35.0,0.0,0,388.0,0.0,283.0,70.0,3,Beverages,Cold Drinks,FizzPop,35.0,20.0,180,Supermarket,Delhi,15000,4500,28.7,0.1,0,0,0,0,1
2026-04-18,S02,P003,Sparkling Soda 500ml,145.0,35.0,0.0,0,283.0,0.0,138.0,70.0,3,Beverages,Cold Drinks,FizzPop,35.0,20.0,180,Supermarket,Delhi,15000,4500,30.6,0.9,0,0,1,0,1
2026-04-19,S02,P003,Sparkling Soda 500ml,134.0,35.0,0.0,0,138.0,0.0,4.0,70.0,3,Beverages,Cold Drinks,FizzPop,35.0,20.0,180,Supermarket,Delhi,15000,4500,29.4,0.6,0,0,1,0,1
2026-04-20,S02,P003,Sparkling Soda 500ml,4.0,35.0,0.0,0,4.0,0.0,0.0,70.0,3,Beverages,Cold Drinks,FizzPop,35.0,20.0,180,Supermarket,Delhi,15000,4500,28.3,0.2,0,0,0,0,1
2026-04-21,S02,P003,Sparkling Soda 500ml,0.0,35.0,0.0,0,0.0,0.0,0.0,70.0,3,Beverages,Cold Drinks,FizzPop,35.0,20.0,180,Supermarket,Delhi,15000,4500,31.0,0.4,0,0,0,0,1
2026-04-22,S02,P003,Sparkling Soda 500ml,124.0,35.0,0.0,0,577.0,577.0,453.0,70.0,3,Beverages,Cold Drinks,FizzPop,35.0,20.0,180,Supermarket,Delhi,15000,4500,32.4,0.7,0,0,0,0,1
2026-04-23,S02,P003,Sparkling Soda 500ml,86.0,35.0,0.0,0,453.0,0.0,367.0,70.0,3,Beverages,Cold Drinks,FizzPop,35.0,20.0,180,Supermarket,Delhi,15000,4500,30.3,0.6,0,0,0,0,1
2026-04-24,S02,P003,Sparkling Soda 500ml,85.0,35.0,0.0,0,367.0,0.0,282.0,70.0,3,Beverages,Cold Drinks,FizzPop,35.0,20.0,180,Supermarket,Delhi,15000,4500,27.4,0.3,0,0,0,0,1
2026-04-25,S02,P003,Sparkling Soda 500ml,149.0,29.75,0.15,1,282.0,0.0,133.0,70.0,3,Beverages,Cold Drinks,FizzPop,35.0,20.0,180,Supermarket,Delhi,15000,4500,31.1,0.1,0,0,1,0,1
2026-04-26,S02,P003,Sparkling Soda 500ml,133.0,35.0,0.0,0,133.0,0.0,0.0,70.0,3,Beverages,Cold Drinks,FizzPop,35.0,20.0,180,Supermarket,Delhi,15000,4500,32.4,0.4,0,0,1,0,1
2026-04-27,S02,P003,Sparkling Soda 500ml,0.0,35.0,0.0,1,0.0,0.0,0.0,70.0,3,Beverages,Cold Drinks,FizzPop,35.0,20.0,180,Supermarket,Delhi,15000,4500,26.6,0.3,0,0,0,1,1
2026-04-28,S02,P003,Sparkling Soda 500ml,0.0,28.0,0.2,1,0.0,0.0,0.0,70.0,3,Beverages,Cold Drinks,FizzPop,35.0,20.0,180,Supermarket,Delhi,15000,4500,27.6,0.5,0,0,0,0,1
2026-04-29,S02,P003,Sparkling Soda 500ml,89.0,35.0,0.0,0,577.0,577.0,488.0,70.0,3,Beverages,Cold Drinks,FizzPop,35.0,20.0,180,Supermarket,Delhi,15000,4500,28.8,1.4,0,0,0,0,1
2026-04-30,S02,P003,Sparkling Soda 500ml,102.0,35.0,0.0,0,488.0,0.0,386.0,70.0,3,Beverages,Cold Drinks,FizzPop,35.0,20.0,180,Supermarket,Delhi,15000,4500,30.5,0.1,0,0,0,0,1
2026-05-01,S02,P003,Sparkling Soda 500ml,138.0,35.0,0.0,0,386.0,0.0,248.0,70.0,3,Beverages,Cold Drinks,FizzPop,35.0,20.0,180,Supermarket,Delhi,15000,4500,26.7,0.7,1,1,0,0,1
2026-05-02,S02,P003,Sparkling Soda 500ml,116.0,35.0,0.0,0,248.0,0.0,132.0,70.0,3,Beverages,Cold Drinks,FizzPop,35.0,20.0,180,Supermarket,Delhi,15000,4500,26.6,0.7,0,0,1,0,1
2026-05-03,S02,P003,Sparkling Soda 500ml,120.0,35.0,0.0,0,132.0,0.0,12.0,70.0,3,Beverages,Cold Drinks,FizzPop,35.0,20.0,180,Supermarket,Delhi,15000,4500,29.8,0.1,0,0,1,0,1
2026-05-04,S02,P003,Sparkling Soda 500ml,12.0,35.0,0.0,0,12.0,0.0,0.0,70.0,3,Beverages,Cold Drinks,FizzPop,35.0,20.0,180,Supermarket,Delhi,15000,4500,27.1,1.1,0,0,0,0,1
2026-05-05,S02,P003,Sparkling Soda 500ml,0.0,35.0,0.0,0,0.0,0.0,0.0,70.0,3,Beverages,Cold Drinks,FizzPop,35.0,20.0,180,Supermarket,Delhi,15000,4500,27.2,0.2,0,0,0,0,1
2026-05-06,S02,P003,Sparkling Soda 500ml,115.0,29.75,0.15,1,577.0,577.0,462.0,70.0,3,Beverages,Cold Drinks,FizzPop,35.0,20.0,180,Supermarket,Delhi,15000,4500,25.7,0.2,0,0,0,0,1
2026-05-07,S02,P003,Sparkling Soda 500ml,98.0,35.0,0.0,0,462.0,0.0,364.0,70.0,3,Beverages,Cold Drinks,FizzPop,35.0,20.0,180,Supermarket,Delhi,15000,4500,30.8,0.2,0,0,0,0,1
2026-05-08,S02,P003,Sparkling Soda 500ml,115.0,35.0,0.0,0,364.0,0.0,249.0,70.0,3,Beverages,Cold Drinks,FizzPop,35.0,20.0,180,Supermarket,Delhi,15000,4500,29.9,0.7,0,0,0,0,1
2026-05-09,S02,P003,Sparkling Soda 500ml,123.0,35.0,0.0,0,249.0,0.0,126.0,70.0,3,Beverages,Cold Drinks,FizzPop,35.0,20.0,180,Supermarket,Delhi,15000,4500,25.5,0.5,0,0,1,0,1
2026-05-10,S02,P003,Sparkling Soda 500ml,126.0,35.0,0.0,0,126.0,0.0,0.0,70.0,3,Beverages,Cold Drinks,FizzPop,35.0,20.0,180,Supermarket,Delhi,15000,4500,30.4,0.3,0,0,1,0,1
2026-05-11,S02,P003,Sparkling Soda 500ml,0.0,31.5,0.1,1,0.0,0.0,0.0,70.0,3,Beverages,Cold Drinks,FizzPop,35.0,20.0,180,Supermarket,Delhi,15000,4500,29.5,0.1,0,0,0,0,1
2026-05-12,S02,P003,Sparkling Soda 500ml,0.0,35.0,0.0,1,0.0,0.0,0.0,70.0,3,Beverages,Cold Drinks,FizzPop,35.0,20.0,180,Supermarket,Delhi,15000,4500,26.6,0.0,0,0,0,0,1
2026-05-13,S02,P003,Sparkling Soda 500ml,67.0,35.0,0.0,0,577.0,577.0,510.0,70.0,3,Beverages,Cold Drinks,FizzPop,35.0,20.0,180,Supermarket,Delhi,15000,4500,26.0,2.3,0,0,0,0,1
2026-05-14,S02,P003,Sparkling Soda 500ml,89.0,35.0,0.0,0,510.0,0.0,421.0,70.0,3,Beverages,Cold Drinks,FizzPop,35.0,20.0,180,Supermarket,Delhi,15000,4500,27.0,0.3,0,0,0,0,1
2026-05-15,S02,P003,Sparkling Soda 500ml,76.0,35.0,0.0,0,421.0,0.0,345.0,70.0,3,Beverages,Cold Drinks,FizzPop,35.0,20.0,180,Supermarket,Delhi,15000,4500,23.5,0.4,0,0,0,0,1
2026-05-16,S02,P003,Sparkling Soda 500ml,124.0,35.0,0.0,0,345.0,0.0,221.0,70.0,3,Beverages,Cold Drinks,FizzPop,35.0,20.0,180,Supermarket,Delhi,15000,4500,28.1,1.5,0,0,1,0,1
2026-05-17,S02,P003,Sparkling Soda 500ml,137.0,35.0,0.0,0,221.0,0.0,84.0,70.0,3,Beverages,Cold Drinks,FizzPop,35.0,20.0,180,Supermarket,Delhi,15000,4500,29.9,1.3,0,0,1,0,1
2026-05-18,S02,P003,Sparkling Soda 500ml,66.0,35.0,0.0,0,84.0,0.0,18.0,70.0,3,Beverages,Cold Drinks,FizzPop,35.0,20.0,180,Supermarket,Delhi,15000,4500,24.6,0.1,0,0,0,0,1
2026-05-19,S02,P003,Sparkling Soda 500ml,18.0,35.0,0.0,0,18.0,0.0,0.0,70.0,3,Beverages,Cold Drinks,FizzPop,35.0,20.0,180,Supermarket,Delhi,15000,4500,31.6,0.1,0,0,0,1,1
2026-05-20,S02,P003,Sparkling Soda 500ml,0.0,35.0,0.0,0,0.0,0.0,0.0,70.0,3,Beverages,Cold Drinks,FizzPop,35.0,20.0,180,Supermarket,Delhi,15000,4500,22.4,0.1,0,0,0,0,1
2026-05-21,S02,P003,Sparkling Soda 500ml,105.0,35.0,0.0,0,577.0,577.0,472.0,70.0,3,Beverages,Cold Drinks,FizzPop,35.0,20.0,180,Supermarket,Delhi,15000,4500,29.0,0.1,0,0,0,0,1
2026-05-22,S02,P003,Sparkling Soda 500ml,90.0,35.0,0.0,0,472.0,0.0,382.0,70.0,3,Beverages,Cold Drinks,FizzPop,35.0,20.0,180,Supermarket,Delhi,15000,4500,24.6,0.9,0,0,0,1,1
2026-05-23,S02,P003,Sparkling Soda 500ml,131.0,35.0,0.0,0,382.0,0.0,251.0,70.0,3,Beverages,Cold Drinks,FizzPop,35.0,20.0,180,Supermarket,Delhi,15000,4500,23.2,0.5,0,0,1,0,1
2026-05-24,S02,P003,Sparkling Soda 500ml,131.0,35.0,0.0,0,251.0,0.0,120.0,70.0,3,Beverages,Cold Drinks,FizzPop,35.0,20.0,180,Supermarket,Delhi,15000,4500,23.2,0.2,0,0,1,0,1
2026-05-25,S02,P003,Sparkling Soda 500ml,105.0,35.0,0.0,0,120.0,0.0,15.0,70.0,3,Beverages,Cold Drinks,FizzPop,35.0,20.0,180,Supermarket,Delhi,15000,4500,29.6,0.7,0,0,0,0,1
2026-05-26,S02,P003,Sparkling Soda 500ml,15.0,35.0,0.0,0,15.0,0.0,0.0,70.0,3,Beverages,Cold Drinks,FizzPop,35.0,20.0,180,Supermarket,Delhi,15000,4500,23.8,0.2,0,0,0,0,1
2026-05-27,S02,P003,Sparkling Soda 500ml,0.0,35.0,0.0,0,0.0,0.0,0.0,70.0,3,Beverages,Cold Drinks,FizzPop,35.0,20.0,180,Supermarket,Delhi,15000,4500,26.6,0.4,0,0,0,0,1
2026-05-28,S02,P003,Sparkling Soda 500ml,81.0,35.0,0.0,0,577.0,577.0,496.0,70.0,3,Beverages,Cold Drinks,FizzPop,35.0,20.0,180,Supermarket,Delhi,15000,4500,27.6,0.3,0,0,0,0,1
2026-05-29,S02,P003,Sparkling Soda 500ml,81.0,35.0,0.0,0,496.0,0.0,415.0,70.0,3,Beverages,Cold Drinks,FizzPop,35.0,20.0,180,Supermarket,Delhi,15000,4500,25.7,0.6,0,0,0,0,1
2026-05-30,S02,P003,Sparkling Soda 500ml,114.0,35.0,0.0,0,415.0,0.0,301.0,70.0,3,Beverages,Cold Drinks,FizzPop,35.0,20.0,180,Supermarket,Delhi,15000,4500,26.1,0.3,0,0,1,0,1
2026-05-31,S02,P003,Sparkling Soda 500ml,122.0,35.0,0.0,1,301.0,0.0,179.0,70.0,3,Beverages,Cold Drinks,FizzPop,35.0,20.0,180,Supermarket,Delhi,15000,4500,27.5,0.3,0,0,1,0,1
2026-06-01,S02,P003,Sparkling Soda 500ml,95.0,35.0,0.0,0,179.0,0.0,84.0,70.0,3,Beverages,Cold Drinks,FizzPop,35.0,20.0,180,Supermarket,Delhi,15000,4500,25.1,3.4,0,0,0,0,1
2026-06-02,S02,P003,Sparkling Soda 500ml,83.0,35.0,0.0,0,84.0,0.0,1.0,70.0,3,Beverages,Cold Drinks,FizzPop,35.0,20.0,180,Supermarket,Delhi,15000,4500,24.6,0.0,0,0,0,0,1
2026-06-03,S02,P003,Sparkling Soda 500ml,1.0,35.0,0.0,0,1.0,0.0,0.0,70.0,3,Beverages,Cold Drinks,FizzPop,35.0,20.0,180,Supermarket,Delhi,15000,4500,29.3,6.2,0,0,0,0,1
2026-06-04,S02,P003,Sparkling Soda 500ml,0.0,35.0,0.0,0,0.0,0.0,0.0,70.0,3,Beverages,Cold Drinks,FizzPop,35.0,20.0,180,Supermarket,Delhi,15000,4500,24.4,8.6,0,0,0,0,1
2026-06-05,S02,P003,Sparkling Soda 500ml,74.0,35.0,0.0,0,577.0,577.0,503.0,70.0,3,Beverages,Cold Drinks,FizzPop,35.0,20.0,180,Supermarket,Delhi,15000,4500,23.1,0.6,0,0,0,0,1
2026-06-06,S02,P003,Sparkling Soda 500ml,82.0,35.0,0.0,0,503.0,0.0,421.0,70.0,3,Beverages,Cold Drinks,FizzPop,35.0,20.0,180,Supermarket,Delhi,15000,4500,24.6,2.3,0,0,1,0,1
2026-06-07,S02,P003,Sparkling Soda 500ml,97.0,35.0,0.0,0,421.0,0.0,324.0,70.0,3,Beverages,Cold Drinks,FizzPop,35.0,20.0,180,Supermarket,Delhi,15000,4500,24.5,0.8,0,0,1,0,1
2026-06-08,S02,P003,Sparkling Soda 500ml,109.0,29.75,0.15,1,324.0,0.0,215.0,70.0,3,Beverages,Cold Drinks,FizzPop,35.0,20.0,180,Supermarket,Delhi,15000,4500,24.8,15.0,0,0,0,0,1
2026-06-09,S02,P003,Sparkling Soda 500ml,87.0,35.0,0.0,0,215.0,0.0,128.0,70.0,3,Beverages,Cold Drinks,FizzPop,35.0,20.0,180,Supermarket,Delhi,15000,4500,26.2,12.3,0,0,0,0,1
2026-06-10,S02,P003,Sparkling Soda 500ml,75.0,35.0,0.0,0,128.0,0.0,53.0,70.0,3,Beverages,Cold Drinks,FizzPop,35.0,20.0,180,Supermarket,Delhi,15000,4500,26.5,4.4,0,0,0,0,1
2026-06-11,S02,P003,Sparkling Soda 500ml,53.0,35.0,0.0,1,53.0,0.0,0.0,70.0,3,Beverages,Cold Drinks,FizzPop,35.0,20.0,180,Supermarket,Delhi,15000,4500,26.1,1.3,0,0,0,0,1
2026-06-12,S02,P003,Sparkling Soda 500ml,0.0,35.0,0.0,0,0.0,0.0,0.0,70.0,3,Beverages,Cold Drinks,FizzPop,35.0,20.0,180,Supermarket,Delhi,15000,4500,24.7,0.8,0,0,0,0,1
2026-06-13,S02,P003,Sparkling Soda 500ml,125.0,35.0,0.0,0,577.0,577.0,452.0,70.0,3,Beverages,Cold Drinks,FizzPop,35.0,20.0,180,Supermarket,Delhi,15000,4500,26.3,1.1,0,0,1,0,1
2026-06-14,S02,P003,Sparkling Soda 500ml,92.0,35.0,0.0,0,452.0,0.0,360.0,70.0,3,Beverages,Cold Drinks,FizzPop,35.0,20.0,180,Supermarket,Delhi,15000,4500,23.7,7.6,0,0,1,0,1
2026-06-15,S02,P003,Sparkling Soda 500ml,139.0,35.0,0.0,0,360.0,0.0,221.0,70.0,3,Beverages,Cold Drinks,FizzPop,35.0,20.0,180,Supermarket,Delhi,15000,4500,25.3,5.3,0,1,0,0,1
2026-06-16,S02,P003,Sparkling Soda 500ml,79.0,35.0,0.0,0,221.0,0.0,142.0,70.0,3,Beverages,Cold Drinks,FizzPop,35.0,20.0,180,Supermarket,Delhi,15000,4500,22.7,1.6,0,0,0,0,1
2026-06-17,S02,P003,Sparkling Soda 500ml,94.0,35.0,0.0,0,142.0,0.0,48.0,70.0,3,Beverages,Cold Drinks,FizzPop,35.0,20.0,180,Supermarket,Delhi,15000,4500,25.9,0.5,0,0,0,0,1
2026-06-18,S02,P003,Sparkling Soda 500ml,48.0,35.0,0.0,0,48.0,0.0,0.0,70.0,3,Beverages,Cold Drinks,FizzPop,35.0,20.0,180,Supermarket,Delhi,15000,4500,26.4,1.5,0,0,0,0,1
2026-06-19,S02,P003,Sparkling Soda 500ml,0.0,35.0,0.0,0,0.0,0.0,0.0,70.0,3,Beverages,Cold Drinks,FizzPop,35.0,20.0,180,Supermarket,Delhi,15000,4500,23.3,5.1,0,0,0,1,1
2026-06-20,S02,P003,Sparkling Soda 500ml,132.0,35.0,0.0,0,577.0,577.0,445.0,70.0,3,Beverages,Cold Drinks,FizzPop,35.0,20.0,180,Supermarket,Delhi,15000,4500,23.3,4.8,0,0,1,0,1
2026-06-21,S02,P003,Sparkling Soda 500ml,111.0,35.0,0.0,0,445.0,0.0,334.0,70.0,3,Beverages,Cold Drinks,FizzPop,35.0,20.0,180,Supermarket,Delhi,15000,4500,25.9,8.1,0,0,1,0,1
2026-06-22,S02,P003,Sparkling Soda 500ml,79.0,35.0,0.0,0,334.0,0.0,255.0,70.0,3,Beverages,Cold Drinks,FizzPop,35.0,20.0,180,Supermarket,Delhi,15000,4500,25.7,1.3,0,0,0,0,1
2026-06-23,S02,P003,Sparkling Soda 500ml,88.0,29.75,0.15,1,255.0,0.0,167.0,70.0,3,Beverages,Cold Drinks,FizzPop,35.0,20.0,180,Supermarket,Delhi,15000,4500,25.8,1.4,0,0,0,0,1
2026-06-24,S02,P003,Sparkling Soda 500ml,91.0,35.0,0.0,0,167.0,0.0,76.0,70.0,3,Beverages,Cold Drinks,FizzPop,35.0,20.0,180,Supermarket,Delhi,15000,4500,21.6,8.4,0,0,0,0,1
2026-06-25,S02,P003,Sparkling Soda 500ml,76.0,35.0,0.0,1,76.0,0.0,0.0,70.0,3,Beverages,Cold Drinks,FizzPop,35.0,20.0,180,Supermarket,Delhi,15000,4500,24.3,10.9,0,0,0,0,1
2026-06-26,S02,P003,Sparkling Soda 500ml,0.0,35.0,0.0,0,0.0,0.0,0.0,70.0,3,Beverages,Cold Drinks,FizzPop,35.0,20.0,180,Supermarket,Delhi,15000,4500,22.5,16.1,0,0,0,0,1
2026-06-27,S02,P003,Sparkling Soda 500ml,0.0,35.0,0.0,0,0.0,0.0,0.0,70.0,3,Beverages,Cold Drinks,FizzPop,35.0,20.0,180,Supermarket,Delhi,15000,4500,19.3,1.3,0,0,1,0,1
2026-06-28,S02,P003,Sparkling Soda 500ml,121.0,35.0,0.0,0,577.0,577.0,456.0,70.0,3,Beverages,Cold Drinks,FizzPop,35.0,20.0,180,Supermarket,Delhi,15000,4500,19.8,14.8,0,0,1,0,1
2026-06-29,S02,P003,Sparkling Soda 500ml,79.0,35.0,0.0,0,456.0,0.0,377.0,70.0,3,Beverages,Cold Drinks,FizzPop,35.0,20.0,180,Supermarket,Delhi,15000,4500,22.3,2.0,0,0,0,0,1
2026-01-01,S02,P004,Basmati Premium Rice 5kg,18.0,450.0,0.0,0,90.0,0.0,72.0,30.0,5,Pantry,Grains,RoyalGrains,450.0,320.0,365,Supermarket,Delhi,15000,4500,18.2,0.7,1,0,0,0,1
2026-01-02,S02,P004,Basmati Premium Rice 5kg,19.0,450.0,0.0,0,72.0,0.0,53.0,30.0,5,Pantry,Grains,RoyalGrains,450.0,320.0,365,Supermarket,Delhi,15000,4500,23.5,0.4,0,0,0,0,1
2026-01-03,S02,P004,Basmati Premium Rice 5kg,39.0,360.0,0.2,1,53.0,0.0,14.0,30.0,5,Pantry,Grains,RoyalGrains,450.0,320.0,365,Supermarket,Delhi,15000,4500,20.8,0.1,0,0,1,0,1
2026-01-04,S02,P004,Basmati Premium Rice 5kg,14.0,450.0,0.0,0,14.0,0.0,0.0,30.0,5,Pantry,Grains,RoyalGrains,450.0,320.0,365,Supermarket,Delhi,15000,4500,17.6,0.9,0,0,1,0,1
2026-01-05,S02,P004,Basmati Premium Rice 5kg,0.0,360.0,0.2,1,0.0,0.0,0.0,30.0,5,Pantry,Grains,RoyalGrains,450.0,320.0,365,Supermarket,Delhi,15000,4500,20.1,0.4,0,0,0,0,1
2026-01-06,S02,P004,Basmati Premium Rice 5kg,0.0,450.0,0.0,0,0.0,0.0,0.0,30.0,5,Pantry,Grains,RoyalGrains,450.0,320.0,365,Supermarket,Delhi,15000,4500,26.9,0.8,0,0,0,0,1
2026-01-07,S02,P004,Basmati Premium Rice 5kg,0.0,450.0,0.0,0,0.0,0.0,0.0,30.0,5,Pantry,Grains,RoyalGrains,450.0,320.0,365,Supermarket,Delhi,15000,4500,20.4,0.3,0,0,0,0,1
2026-01-08,S02,P004,Basmati Premium Rice 5kg,22.0,450.0,0.0,0,157.0,157.0,135.0,30.0,5,Pantry,Grains,RoyalGrains,450.0,320.0,365,Supermarket,Delhi,15000,4500,19.2,1.8,0,0,0,0,1
2026-01-09,S02,P004,Basmati Premium Rice 5kg,20.0,450.0,0.0,0,135.0,0.0,115.0,30.0,5,Pantry,Grains,RoyalGrains,450.0,320.0,365,Supermarket,Delhi,15000,4500,25.2,0.1,0,0,0,0,1
2026-01-10,S02,P004,Basmati Premium Rice 5kg,25.0,450.0,0.0,0,115.0,0.0,90.0,30.0,5,Pantry,Grains,RoyalGrains,450.0,320.0,365,Supermarket,Delhi,15000,4500,25.1,0.1,0,0,1,0,1
2026-01-11,S02,P004,Basmati Premium Rice 5kg,28.0,450.0,0.0,0,90.0,0.0,62.0,30.0,5,Pantry,Grains,RoyalGrains,450.0,320.0,365,Supermarket,Delhi,15000,4500,25.0,0.5,0,0,1,0,1
2026-01-12,S02,P004,Basmati Premium Rice 5kg,23.0,450.0,0.0,0,62.0,0.0,39.0,30.0,5,Pantry,Grains,RoyalGrains,450.0,320.0,365,Supermarket,Delhi,15000,4500,22.8,0.3,0,0,0,0,1
2026-01-13,S02,P004,Basmati Premium Rice 5kg,22.0,450.0,0.0,0,39.0,0.0,17.0,30.0,5,Pantry,Grains,RoyalGrains,450.0,320.0,365,Supermarket,Delhi,15000,4500,22.5,0.6,0,0,0,0,1
2026-01-14,S02,P004,Basmati Premium Rice 5kg,17.0,450.0,0.0,0,17.0,0.0,0.0,30.0,5,Pantry,Grains,RoyalGrains,450.0,320.0,365,Supermarket,Delhi,15000,4500,24.9,0.2,0,0,0,0,1
2026-01-15,S02,P004,Basmati Premium Rice 5kg,0.0,450.0,0.0,0,0.0,0.0,0.0,30.0,5,Pantry,Grains,RoyalGrains,450.0,320.0,365,Supermarket,Delhi,15000,4500,25.2,0.2,0,0,0,0,1
2026-01-16,S02,P004,Basmati Premium Rice 5kg,0.0,450.0,0.0,0,0.0,0.0,0.0,30.0,5,Pantry,Grains,RoyalGrains,450.0,320.0,365,Supermarket,Delhi,15000,4500,22.9,0.2,0,0,0,0,1
2026-01-17,S02,P004,Basmati Premium Rice 5kg,0.0,450.0,0.0,0,0.0,0.0,0.0,30.0,5,Pantry,Grains,RoyalGrains,450.0,320.0,365,Supermarket,Delhi,15000,4500,23.1,0.1,0,0,1,0,1
2026-01-18,S02,P004,Basmati Premium Rice 5kg,30.0,450.0,0.0,0,157.0,157.0,127.0,30.0,5,Pantry,Grains,RoyalGrains,450.0,320.0,365,Supermarket,Delhi,15000,4500,20.6,0.5,0,0,1,0,1
2026-01-19,S02,P004,Basmati Premium Rice 5kg,21.0,450.0,0.0,0,127.0,0.0,106.0,30.0,5,Pantry,Grains,RoyalGrains,450.0,320.0,365,Supermarket,Delhi,15000,4500,23.7,1.4,0,0,0,0,1
2026-01-20,S02,P004,Basmati Premium Rice 5kg,25.0,450.0,0.0,0,106.0,0.0,81.0,30.0,5,Pantry,Grains,RoyalGrains,450.0,320.0,365,Supermarket,Delhi,15000,4500,24.2,0.2,0,0,0,0,1
2026-01-21,S02,P004,Basmati Premium Rice 5kg,19.0,450.0,0.0,0,81.0,0.0,62.0,30.0,5,Pantry,Grains,RoyalGrains,450.0,320.0,365,Supermarket,Delhi,15000,4500,27.1,0.2,0,0,0,0,1
2026-01-22,S02,P004,Basmati Premium Rice 5kg,19.0,450.0,0.0,0,62.0,0.0,43.0,30.0,5,Pantry,Grains,RoyalGrains,450.0,320.0,365,Supermarket,Delhi,15000,4500,24.2,1.4,0,0,0,0,1
2026-01-23,S02,P004,Basmati Premium Rice 5kg,21.0,450.0,0.0,0,43.0,0.0,22.0,30.0,5,Pantry,Grains,RoyalGrains,450.0,320.0,365,Supermarket,Delhi,15000,4500,24.0,0.0,0,0,0,0,1
2026-01-24,S02,P004,Basmati Premium Rice 5kg,22.0,450.0,0.0,0,22.0,0.0,0.0,30.0,5,Pantry,Grains,RoyalGrains,450.0,320.0,365,Supermarket,Delhi,15000,4500,26.3,0.0,0,0,1,0,1
2026-01-25,S02,P004,Basmati Premium Rice 5kg,0.0,450.0,0.0,0,0.0,0.0,0.0,30.0,5,Pantry,Grains,RoyalGrains,450.0,320.0,365,Supermarket,Delhi,15000,4500,31.1,0.2,0,0,1,0,1
2026-01-26,S02,P004,Basmati Premium Rice 5kg,0.0,450.0,0.0,0,0.0,0.0,0.0,30.0,5,Pantry,Grains,RoyalGrains,450.0,320.0,365,Supermarket,Delhi,15000,4500,25.0,0.1,1,1,0,0,1
2026-01-27,S02,P004,Basmati Premium Rice 5kg,0.0,450.0,0.0,0,0.0,0.0,0.0,30.0,5,Pantry,Grains,RoyalGrains,450.0,320.0,365,Supermarket,Delhi,15000,4500,21.5,0.1,0,0,0,0,1
2026-01-28,S02,P004,Basmati Premium Rice 5kg,19.0,450.0,0.0,0,157.0,157.0,138.0,30.0,5,Pantry,Grains,RoyalGrains,450.0,320.0,365,Supermarket,Delhi,15000,4500,25.3,0.8,0,0,0,0,1
2026-01-29,S02,P004,Basmati Premium Rice 5kg,24.0,450.0,0.0,0,138.0,0.0,114.0,30.0,5,Pantry,Grains,RoyalGrains,450.0,320.0,365,Supermarket,Delhi,15000,4500,29.5,0.8,0,0,0,0,1
2026-01-30,S02,P004,Basmati Premium Rice 5kg,26.0,450.0,0.0,0,114.0,0.0,88.0,30.0,5,Pantry,Grains,RoyalGrains,450.0,320.0,365,Supermarket,Delhi,15000,4500,27.9,0.0,0,0,0,0,1
2026-01-31,S02,P004,Basmati Premium Rice 5kg,33.0,450.0,0.0,0,88.0,0.0,55.0,30.0,5,Pantry,Grains,RoyalGrains,450.0,320.0,365,Supermarket,Delhi,15000,4500,23.9,0.4,0,0,1,0,1
2026-02-01,S02,P004,Basmati Premium Rice 5kg,29.0,450.0,0.0,0,55.0,0.0,26.0,30.0,5,Pantry,Grains,RoyalGrains,450.0,320.0,365,Supermarket,Delhi,15000,4500,28.3,0.1,0,0,1,0,1
2026-02-02,S02,P004,Basmati Premium Rice 5kg,21.0,450.0,0.0,0,26.0,0.0,5.0,30.0,5,Pantry,Grains,RoyalGrains,450.0,320.0,365,Supermarket,Delhi,15000,4500,27.4,0.0,0,0,0,0,1
2026-02-03,S02,P004,Basmati Premium Rice 5kg,5.0,450.0,0.0,0,5.0,0.0,0.0,30.0,5,Pantry,Grains,RoyalGrains,450.0,320.0,365,Supermarket,Delhi,15000,4500,24.0,0.5,0,0,0,1,1
2026-02-04,S02,P004,Basmati Premium Rice 5kg,0.0,450.0,0.0,0,0.0,0.0,0.0,30.0,5,Pantry,Grains,RoyalGrains,450.0,320.0,365,Supermarket,Delhi,15000,4500,27.7,0.7,0,0,0,0,1
2026-02-05,S02,P004,Basmati Premium Rice 5kg,0.0,450.0,0.0,0,0.0,0.0,0.0,30.0,5,Pantry,Grains,RoyalGrains,450.0,320.0,365,Supermarket,Delhi,15000,4500,26.0,0.2,0,0,0,0,1
2026-02-06,S02,P004,Basmati Premium Rice 5kg,18.0,450.0,0.0,0,157.0,157.0,139.0,30.0,5,Pantry,Grains,RoyalGrains,450.0,320.0,365,Supermarket,Delhi,15000,4500,28.5,0.9,0,0,0,0,1
2026-02-07,S02,P004,Basmati Premium Rice 5kg,27.0,450.0,0.0,0,139.0,0.0,112.0,30.0,5,Pantry,Grains,RoyalGrains,450.0,320.0,365,Supermarket,Delhi,15000,4500,26.9,1.7,0,0,1,1,1
2026-02-08,S02,P004,Basmati Premium Rice 5kg,28.0,450.0,0.0,0,112.0,0.0,84.0,30.0,5,Pantry,Grains,RoyalGrains,450.0,320.0,365,Supermarket,Delhi,15000,4500,28.1,0.9,0,0,1,0,1
2026-02-09,S02,P004,Basmati Premium Rice 5kg,25.0,450.0,0.0,0,84.0,0.0,59.0,30.0,5,Pantry,Grains,RoyalGrains,450.0,320.0,365,Supermarket,Delhi,15000,4500,25.7,0.6,0,0,0,0,1
2026-02-10,S02,P004,Basmati Premium Rice 5kg,21.0,450.0,0.0,0,59.0,0.0,38.0,30.0,5,Pantry,Grains,RoyalGrains,450.0,320.0,365,Supermarket,Delhi,15000,4500,26.1,0.2,0,0,0,1,1
2026-02-11,S02,P004,Basmati Premium Rice 5kg,22.0,450.0,0.0,0,38.0,0.0,16.0,30.0,5,Pantry,Grains,RoyalGrains,450.0,320.0,365,Supermarket,Delhi,15000,4500,23.8,0.0,0,0,0,0,1
2026-02-12,S02,P004,Basmati Premium Rice 5kg,16.0,450.0,0.0,0,16.0,0.0,0.0,30.0,5,Pantry,Grains,RoyalGrains,450.0,320.0,365,Supermarket,Delhi,15000,4500,28.9,0.7,0,0,0,0,1
2026-02-13,S02,P004,Basmati Premium Rice 5kg,0.0,450.0,0.0,0,0.0,0.0,0.0,30.0,5,Pantry,Grains,RoyalGrains,450.0,320.0,365,Supermarket,Delhi,15000,4500,28.3,0.1,0,0,0,0,1
2026-02-14,S02,P004,Basmati Premium Rice 5kg,0.0,450.0,0.0,0,0.0,0.0,0.0,30.0,5,Pantry,Grains,RoyalGrains,450.0,320.0,365,Supermarket,Delhi,15000,4500,27.3,1.2,0,0,1,0,1
2026-02-15,S02,P004,Basmati Premium Rice 5kg,0.0,450.0,0.0,0,0.0,0.0,0.0,30.0,5,Pantry,Grains,RoyalGrains,450.0,320.0,365,Supermarket,Delhi,15000,4500,29.1,0.8,0,0,1,0,1
2026-02-16,S02,P004,Basmati Premium Rice 5kg,22.0,450.0,0.0,0,157.0,157.0,135.0,30.0,5,Pantry,Grains,RoyalGrains,450.0,320.0,365,Supermarket,Delhi,15000,4500,29.2,0.3,0,0,0,0,1
2026-02-17,S02,P004,Basmati Premium Rice 5kg,26.0,450.0,0.0,0,135.0,0.0,109.0,30.0,5,Pantry,Grains,RoyalGrains,450.0,320.0,365,Supermarket,Delhi,15000,4500,28.3,0.1,0,0,0,0,1
2026-02-18,S02,P004,Basmati Premium Rice 5kg,24.0,450.0,0.0,0,109.0,0.0,85.0,30.0,5,Pantry,Grains,RoyalGrains,450.0,320.0,365,Supermarket,Delhi,15000,4500,29.4,0.0,0,0,0,0,1
2026-02-19,S02,P004,Basmati Premium Rice 5kg,26.0,450.0,0.0,0,85.0,0.0,59.0,30.0,5,Pantry,Grains,RoyalGrains,450.0,320.0,365,Supermarket,Delhi,15000,4500,28.4,0.1,0,0,0,0,1
2026-02-20,S02,P004,Basmati Premium Rice 5kg,23.0,450.0,0.0,0,59.0,0.0,36.0,30.0,5,Pantry,Grains,RoyalGrains,450.0,320.0,365,Supermarket,Delhi,15000,4500,26.9,0.1,0,0,0,0,1
2026-02-21,S02,P004,Basmati Premium Rice 5kg,25.0,450.0,0.0,0,36.0,0.0,11.0,30.0,5,Pantry,Grains,RoyalGrains,450.0,320.0,365,Supermarket,Delhi,15000,4500,27.7,0.4,0,0,1,0,1
2026-02-22,S02,P004,Basmati Premium Rice 5kg,11.0,450.0,0.0,0,11.0,0.0,0.0,30.0,5,Pantry,Grains,RoyalGrains,450.0,320.0,365,Supermarket,Delhi,15000,4500,29.4,0.1,0,0,1,0,1
2026-02-23,S02,P004,Basmati Premium Rice 5kg,0.0,450.0,0.0,0,0.0,0.0,0.0,30.0,5,Pantry,Grains,RoyalGrains,450.0,320.0,365,Supermarket,Delhi,15000,4500,31.4,0.4,0,0,0,0,1
2026-02-24,S02,P004,Basmati Premium Rice 5kg,0.0,450.0,0.0,0,0.0,0.0,0.0,30.0,5,Pantry,Grains,RoyalGrains,450.0,320.0,365,Supermarket,Delhi,15000,4500,29.3,0.3,0,0,0,0,1
2026-02-25,S02,P004,Basmati Premium Rice 5kg,0.0,450.0,0.0,0,0.0,0.0,0.0,30.0,5,Pantry,Grains,RoyalGrains,450.0,320.0,365,Supermarket,Delhi,15000,4500,30.4,0.1,0,0,0,0,1
2026-02-26,S02,P004,Basmati Premium Rice 5kg,18.0,450.0,0.0,0,157.0,157.0,139.0,30.0,5,Pantry,Grains,RoyalGrains,450.0,320.0,365,Supermarket,Delhi,15000,4500,30.6,0.0,0,0,0,0,1
2026-02-27,S02,P004,Basmati Premium Rice 5kg,25.0,450.0,0.0,0,139.0,0.0,114.0,30.0,5,Pantry,Grains,RoyalGrains,450.0,320.0,365,Supermarket,Delhi,15000,4500,30.1,0.4,0,0,0,0,1
2026-02-28,S02,P004,Basmati Premium Rice 5kg,33.0,450.0,0.0,0,114.0,0.0,81.0,30.0,5,Pantry,Grains,RoyalGrains,450.0,320.0,365,Supermarket,Delhi,15000,4500,28.8,1.3,0,0,1,0,1
2026-03-01,S02,P004,Basmati Premium Rice 5kg,30.0,450.0,0.0,0,81.0,0.0,51.0,30.0,5,Pantry,Grains,RoyalGrains,450.0,320.0,365,Supermarket,Delhi,15000,4500,26.0,0.0,0,0,1,0,1
2026-03-02,S02,P004,Basmati Premium Rice 5kg,17.0,450.0,0.0,0,51.0,0.0,34.0,30.0,5,Pantry,Grains,RoyalGrains,450.0,320.0,365,Supermarket,Delhi,15000,4500,27.1,2.0,0,0,0,0,1
2026-03-03,S02,P004,Basmati Premium Rice 5kg,26.0,450.0,0.0,1,34.0,0.0,8.0,30.0,5,Pantry,Grains,RoyalGrains,450.0,320.0,365,Supermarket,Delhi,15000,4500,29.8,0.7,0,0,0,0,1
2026-03-04,S02,P004,Basmati Premium Rice 5kg,8.0,450.0,0.0,0,8.0,0.0,0.0,30.0,5,Pantry,Grains,RoyalGrains,450.0,320.0,365,Supermarket,Delhi,15000,4500,30.6,0.3,0,0,0,0,1
2026-03-05,S02,P004,Basmati Premium Rice 5kg,0.0,450.0,0.0,0,0.0,0.0,0.0,30.0,5,Pantry,Grains,RoyalGrains,450.0,320.0,365,Supermarket,Delhi,15000,4500,29.1,0.3,0,0,0,0,1
2026-03-06,S02,P004,Basmati Premium Rice 5kg,0.0,450.0,0.0,0,0.0,0.0,0.0,30.0,5,Pantry,Grains,RoyalGrains,450.0,320.0,365,Supermarket,Delhi,15000,4500,31.0,0.0,0,0,0,0,1
2026-03-07,S02,P004,Basmati Premium Rice 5kg,0.0,450.0,0.0,0,0.0,0.0,0.0,30.0,5,Pantry,Grains,RoyalGrains,450.0,320.0,365,Supermarket,Delhi,15000,4500,25.9,0.4,0,0,1,0,1
2026-03-08,S02,P004,Basmati Premium Rice 5kg,44.0,450.0,0.0,0,157.0,157.0,113.0,30.0,5,Pantry,Grains,RoyalGrains,450.0,320.0,365,Supermarket,Delhi,15000,4500,27.2,0.2,0,1,1,0,1
2026-03-09,S02,P004,Basmati Premium Rice 5kg,23.0,450.0,0.0,0,113.0,0.0,90.0,30.0,5,Pantry,Grains,RoyalGrains,450.0,320.0,365,Supermarket,Delhi,15000,4500,30.1,1.2,0,0,0,0,1
2026-03-10,S02,P004,Basmati Premium Rice 5kg,24.0,450.0,0.0,0,90.0,0.0,66.0,30.0,5,Pantry,Grains,RoyalGrains,450.0,320.0,365,Supermarket,Delhi,15000,4500,28.6,0.7,0,0,0,0,1
2026-03-11,S02,P004,Basmati Premium Rice 5kg,30.0,382.5,0.15,1,66.0,0.0,36.0,30.0,5,Pantry,Grains,RoyalGrains,450.0,320.0,365,Supermarket,Delhi,15000,4500,33.8,1.5,0,0,0,0,1
2026-03-12,S02,P004,Basmati Premium Rice 5kg,20.0,450.0,0.0,0,36.0,0.0,16.0,30.0,5,Pantry,Grains,RoyalGrains,450.0,320.0,365,Supermarket,Delhi,15000,4500,28.1,0.3,0,0,0,0,1
2026-03-13,S02,P004,Basmati Premium Rice 5kg,16.0,450.0,0.0,0,16.0,0.0,0.0,30.0,5,Pantry,Grains,RoyalGrains,450.0,320.0,365,Supermarket,Delhi,15000,4500,28.6,0.5,0,0,0,0,1
2026-03-14,S02,P004,Basmati Premium Rice 5kg,0.0,450.0,0.0,0,0.0,0.0,0.0,30.0,5,Pantry,Grains,RoyalGrains,450.0,320.0,365,Supermarket,Delhi,15000,4500,31.5,0.0,0,0,1,0,1
2026-03-15,S02,P004,Basmati Premium Rice 5kg,0.0,450.0,0.0,0,0.0,0.0,0.0,30.0,5,Pantry,Grains,RoyalGrains,450.0,320.0,365,Supermarket,Delhi,15000,4500,30.6,0.1,0,0,1,0,1
2026-03-16,S02,P004,Basmati Premium Rice 5kg,0.0,450.0,0.0,0,0.0,0.0,0.0,30.0,5,Pantry,Grains,RoyalGrains,450.0,320.0,365,Supermarket,Delhi,15000,4500,29.7,0.1,0,0,0,0,1
2026-03-17,S02,P004,Basmati Premium Rice 5kg,20.0,450.0,0.0,0,157.0,157.0,137.0,30.0,5,Pantry,Grains,RoyalGrains,450.0,320.0,365,Supermarket,Delhi,15000,4500,27.5,1.8,0,0,0,0,1
2026-03-18,S02,P004,Basmati Premium Rice 5kg,24.0,450.0,0.0,0,137.0,0.0,113.0,30.0,5,Pantry,Grains,RoyalGrains,450.0,320.0,365,Supermarket,Delhi,15000,4500,29.3,0.1,0,0,0,0,1
2026-03-19,S02,P004,Basmati Premium Rice 5kg,26.0,450.0,0.0,0,113.0,0.0,87.0,30.0,5,Pantry,Grains,RoyalGrains,450.0,320.0,365,Supermarket,Delhi,15000,4500,27.6,0.1,0,0,0,0,1
2026-03-20,S02,P004,Basmati Premium Rice 5kg,22.0,450.0,0.0,0,87.0,0.0,65.0,30.0,5,Pantry,Grains,RoyalGrains,450.0,320.0,365,Supermarket,Delhi,15000,4500,32.2,0.3,0,0,0,0,1
2026-03-21,S02,P004,Basmati Premium Rice 5kg,22.0,450.0,0.0,0,65.0,0.0,43.0,30.0,5,Pantry,Grains,RoyalGrains,450.0,320.0,365,Supermarket,Delhi,15000,4500,32.3,0.0,0,0,1,0,1
2026-03-22,S02,P004,Basmati Premium Rice 5kg,36.0,450.0,0.0,1,43.0,0.0,7.0,30.0,5,Pantry,Grains,RoyalGrains,450.0,320.0,365,Supermarket,Delhi,15000,4500,32.0,1.2,0,0,1,0,1
2026-03-23,S02,P004,Basmati Premium Rice 5kg,7.0,450.0,0.0,0,7.0,0.0,0.0,30.0,5,Pantry,Grains,RoyalGrains,450.0,320.0,365,Supermarket,Delhi,15000,4500,27.6,0.1,0,0,0,0,1
2026-03-24,S02,P004,Basmati Premium Rice 5kg,0.0,360.0,0.2,1,0.0,0.0,0.0,30.0,5,Pantry,Grains,RoyalGrains,450.0,320.0,365,Supermarket,Delhi,15000,4500,31.6,0.8,0,0,0,0,1
2026-03-25,S02,P004,Basmati Premium Rice 5kg,0.0,450.0,0.0,0,0.0,0.0,0.0,30.0,5,Pantry,Grains,RoyalGrains,450.0,320.0,365,Supermarket,Delhi,15000,4500,30.6,0.8,0,1,0,0,1
2026-03-26,S02,P004,Basmati Premium Rice 5kg,0.0,450.0,0.0,0,0.0,0.0,0.0,30.0,5,Pantry,Grains,RoyalGrains,450.0,320.0,365,Supermarket,Delhi,15000,4500,30.5,0.3,0,0,0,0,1
2026-03-27,S02,P004,Basmati Premium Rice 5kg,21.0,450.0,0.0,0,157.0,157.0,136.0,30.0,5,Pantry,Grains,RoyalGrains,450.0,320.0,365,Supermarket,Delhi,15000,4500,30.3,0.7,0,0,0,0,1
2026-03-28,S02,P004,Basmati Premium Rice 5kg,33.0,450.0,0.0,0,136.0,0.0,103.0,30.0,5,Pantry,Grains,RoyalGrains,450.0,320.0,365,Supermarket,Delhi,15000,4500,30.6,1.1,0,0,1,0,1
2026-03-29,S02,P004,Basmati Premium Rice 5kg,29.0,450.0,0.0,0,103.0,0.0,74.0,30.0,5,Pantry,Grains,RoyalGrains,450.0,320.0,365,Supermarket,Delhi,15000,4500,26.6,0.2,0,0,1,0,1
2026-03-30,S02,P004,Basmati Premium Rice 5kg,21.0,450.0,0.0,0,74.0,0.0,53.0,30.0,5,Pantry,Grains,RoyalGrains,450.0,320.0,365,Supermarket,Delhi,15000,4500,31.3,0.0,0,0,0,0,1
2026-03-31,S02,P004,Basmati Premium Rice 5kg,22.0,450.0,0.0,0,53.0,0.0,31.0,30.0,5,Pantry,Grains,RoyalGrains,450.0,320.0,365,Supermarket,Delhi,15000,4500,29.0,0.2,0,0,0,0,1
2026-04-01,S02,P004,Basmati Premium Rice 5kg,18.0,450.0,0.0,0,31.0,0.0,13.0,30.0,5,Pantry,Grains,RoyalGrains,450.0,320.0,365,Supermarket,Delhi,15000,4500,29.6,0.3,0,0,0,0,1
2026-04-02,S02,P004,Basmati Premium Rice 5kg,13.0,360.0,0.2,1,13.0,0.0,0.0,30.0,5,Pantry,Grains,RoyalGrains,450.0,320.0,365,Supermarket,Delhi,15000,4500,34.1,0.9,0,0,0,0,1
2026-04-03,S02,P004,Basmati Premium Rice 5kg,0.0,450.0,0.0,0,0.0,0.0,0.0,30.0,5,Pantry,Grains,RoyalGrains,450.0,320.0,365,Supermarket,Delhi,15000,4500,27.5,0.0,0,0,0,0,1
2026-04-04,S02,P004,Basmati Premium Rice 5kg,0.0,450.0,0.0,0,0.0,0.0,0.0,30.0,5,Pantry,Grains,RoyalGrains,450.0,320.0,365,Supermarket,Delhi,15000,4500,30.2,0.3,0,0,1,0,1
2026-04-05,S02,P004,Basmati Premium Rice 5kg,0.0,450.0,0.0,0,0.0,0.0,0.0,30.0,5,Pantry,Grains,RoyalGrains,450.0,320.0,365,Supermarket,Delhi,15000,4500,27.6,0.2,0,0,1,0,1
2026-04-06,S02,P004,Basmati Premium Rice 5kg,23.0,450.0,0.0,0,157.0,157.0,134.0,30.0,5,Pantry,Grains,RoyalGrains,450.0,320.0,365,Supermarket,Delhi,15000,4500,31.7,0.3,0,0,0,0,1
2026-04-07,S02,P004,Basmati Premium Rice 5kg,23.0,450.0,0.0,0,134.0,0.0,111.0,30.0,5,Pantry,Grains,RoyalGrains,450.0,320.0,365,Supermarket,Delhi,15000,4500,34.4,0.1,0,0,0,0,1
2026-04-08,S02,P004,Basmati Premium Rice 5kg,24.0,450.0,0.0,0,111.0,0.0,87.0,30.0,5,Pantry,Grains,RoyalGrains,450.0,320.0,365,Supermarket,Delhi,15000,4500,30.8,0.2,0,0,0,0,1
2026-04-09,S02,P004,Basmati Premium Rice 5kg,22.0,450.0,0.0,0,87.0,0.0,65.0,30.0,5,Pantry,Grains,RoyalGrains,450.0,320.0,365,Supermarket,Delhi,15000,4500,26.7,1.1,0,0,0,0,1
2026-04-10,S02,P004,Basmati Premium Rice 5kg,26.0,450.0,0.0,0,65.0,0.0,39.0,30.0,5,Pantry,Grains,RoyalGrains,450.0,320.0,365,Supermarket,Delhi,15000,4500,30.4,1.5,0,0,0,0,1
2026-04-11,S02,P004,Basmati Premium Rice 5kg,25.0,450.0,0.0,0,39.0,0.0,14.0,30.0,5,Pantry,Grains,RoyalGrains,450.0,320.0,365,Supermarket,Delhi,15000,4500,27.3,0.3,0,0,1,0,1
2026-04-12,S02,P004,Basmati Premium Rice 5kg,14.0,450.0,0.0,0,14.0,0.0,0.0,30.0,5,Pantry,Grains,RoyalGrains,450.0,320.0,365,Supermarket,Delhi,15000,4500,26.0,1.3,0,0,1,0,1
2026-04-13,S02,P004,Basmati Premium Rice 5kg,0.0,450.0,0.0,0,0.0,0.0,0.0,30.0,5,Pantry,Grains,RoyalGrains,450.0,320.0,365,Supermarket,Delhi,15000,4500,32.3,1.6,0,0,0,0,1
2026-04-14,S02,P004,Basmati Premium Rice 5kg,0.0,450.0,0.0,0,0.0,0.0,0.0,30.0,5,Pantry,Grains,RoyalGrains,450.0,320.0,365,Supermarket,Delhi,15000,4500,27.9,1.1,1,0,0,0,1
2026-04-15,S02,P004,Basmati Premium Rice 5kg,0.0,450.0,0.0,0,0.0,0.0,0.0,30.0,5,Pantry,Grains,RoyalGrains,450.0,320.0,365,Supermarket,Delhi,15000,4500,30.7,0.0,0,0,0,0,1
2026-04-16,S02,P004,Basmati Premium Rice 5kg,23.0,405.0,0.1,1,157.0,157.0,134.0,30.0,5,Pantry,Grains,RoyalGrains,450.0,320.0,365,Supermarket,Delhi,15000,4500,30.7,0.0,0,0,0,0,1
2026-04-17,S02,P004,Basmati Premium Rice 5kg,22.0,450.0,0.0,0,134.0,0.0,112.0,30.0,5,Pantry,Grains,RoyalGrains,450.0,320.0,365,Supermarket,Delhi,15000,4500,26.7,0.0,0,0,0,0,1
2026-04-18,S02,P004,Basmati Premium Rice 5kg,37.0,450.0,0.0,1,112.0,0.0,75.0,30.0,5,Pantry,Grains,RoyalGrains,450.0,320.0,365,Supermarket,Delhi,15000,4500,30.3,0.1,0,0,1,0,1
2026-04-19,S02,P004,Basmati Premium Rice 5kg,34.0,450.0,0.0,0,75.0,0.0,41.0,30.0,5,Pantry,Grains,RoyalGrains,450.0,320.0,365,Supermarket,Delhi,15000,4500,29.1,0.6,0,0,1,0,1
2026-04-20,S02,P004,Basmati Premium Rice 5kg,18.0,450.0,0.0,1,41.0,0.0,23.0,30.0,5,Pantry,Grains,RoyalGrains,450.0,320.0,365,Supermarket,Delhi,15000,4500,31.4,0.4,0,0,0,0,1
2026-04-21,S02,P004,Basmati Premium Rice 5kg,22.0,450.0,0.0,0,23.0,0.0,1.0,30.0,5,Pantry,Grains,RoyalGrains,450.0,320.0,365,Supermarket,Delhi,15000,4500,29.6,0.5,0,0,0,0,1
2026-04-22,S02,P004,Basmati Premium Rice 5kg,1.0,450.0,0.0,0,1.0,0.0,0.0,30.0,5,Pantry,Grains,RoyalGrains,450.0,320.0,365,Supermarket,Delhi,15000,4500,34.6,1.3,0,0,0,0,1
2026-04-23,S02,P004,Basmati Premium Rice 5kg,0.0,450.0,0.0,0,0.0,0.0,0.0,30.0,5,Pantry,Grains,RoyalGrains,450.0,320.0,365,Supermarket,Delhi,15000,4500,27.9,0.4,0,0,0,0,1
2026-04-24,S02,P004,Basmati Premium Rice 5kg,0.0,450.0,0.0,0,0.0,0.0,0.0,30.0,5,Pantry,Grains,RoyalGrains,450.0,320.0,365,Supermarket,Delhi,15000,4500,29.7,0.8,0,0,0,0,1
2026-04-25,S02,P004,Basmati Premium Rice 5kg,30.0,450.0,0.0,0,157.0,157.0,127.0,30.0,5,Pantry,Grains,RoyalGrains,450.0,320.0,365,Supermarket,Delhi,15000,4500,31.2,0.9,0,0,1,0,1
2026-04-26,S02,P004,Basmati Premium Rice 5kg,34.0,450.0,0.0,0,127.0,0.0,93.0,30.0,5,Pantry,Grains,RoyalGrains,450.0,320.0,365,Supermarket,Delhi,15000,4500,29.3,0.2,0,0,1,0,1
2026-04-27,S02,P004,Basmati Premium Rice 5kg,22.0,450.0,0.0,0,93.0,0.0,71.0,30.0,5,Pantry,Grains,RoyalGrains,450.0,320.0,365,Supermarket,Delhi,15000,4500,31.2,0.6,0,0,0,0,1
2026-04-28,S02,P004,Basmati Premium Rice 5kg,20.0,450.0,0.0,0,71.0,0.0,51.0,30.0,5,Pantry,Grains,RoyalGrains,450.0,320.0,365,Supermarket,Delhi,15000,4500,26.5,0.1,0,0,0,0,1
2026-04-29,S02,P004,Basmati Premium Rice 5kg,20.0,450.0,0.0,0,51.0,0.0,31.0,30.0,5,Pantry,Grains,RoyalGrains,450.0,320.0,365,Supermarket,Delhi,15000,4500,24.7,2.0,0,0,0,0,1
2026-04-30,S02,P004,Basmati Premium Rice 5kg,20.0,450.0,0.0,0,31.0,0.0,11.0,30.0,5,Pantry,Grains,RoyalGrains,450.0,320.0,365,Supermarket,Delhi,15000,4500,29.4,0.5,0,0,0,0,1
2026-05-01,S02,P004,Basmati Premium Rice 5kg,11.0,382.5,0.15,1,11.0,0.0,0.0,30.0,5,Pantry,Grains,RoyalGrains,450.0,320.0,365,Supermarket,Delhi,15000,4500,29.0,0.4,1,1,0,0,1
2026-05-02,S02,P004,Basmati Premium Rice 5kg,0.0,450.0,0.0,0,0.0,0.0,0.0,30.0,5,Pantry,Grains,RoyalGrains,450.0,320.0,365,Supermarket,Delhi,15000,4500,29.3,0.7,0,0,1,0,1
2026-05-03,S02,P004,Basmati Premium Rice 5kg,0.0,450.0,0.0,0,0.0,0.0,0.0,30.0,5,Pantry,Grains,RoyalGrains,450.0,320.0,365,Supermarket,Delhi,15000,4500,28.0,0.1,0,0,1,0,1
2026-05-04,S02,P004,Basmati Premium Rice 5kg,0.0,450.0,0.0,0,0.0,0.0,0.0,30.0,5,Pantry,Grains,RoyalGrains,450.0,320.0,365,Supermarket,Delhi,15000,4500,31.9,0.1,0,0,0,0,1
2026-05-05,S02,P004,Basmati Premium Rice 5kg,18.0,450.0,0.0,1,157.0,157.0,139.0,30.0,5,Pantry,Grains,RoyalGrains,450.0,320.0,365,Supermarket,Delhi,15000,4500,29.8,0.0,0,0,0,0,1
2026-05-06,S02,P004,Basmati Premium Rice 5kg,21.0,450.0,0.0,0,139.0,0.0,118.0,30.0,5,Pantry,Grains,RoyalGrains,450.0,320.0,365,Supermarket,Delhi,15000,4500,27.6,0.2,0,0,0,0,1
2026-05-07,S02,P004,Basmati Premium Rice 5kg,26.0,450.0,0.0,0,118.0,0.0,92.0,30.0,5,Pantry,Grains,RoyalGrains,450.0,320.0,365,Supermarket,Delhi,15000,4500,27.2,0.1,0,0,0,0,1
2026-05-08,S02,P004,Basmati Premium Rice 5kg,28.0,450.0,0.0,0,92.0,0.0,64.0,30.0,5,Pantry,Grains,RoyalGrains,450.0,320.0,365,Supermarket,Delhi,15000,4500,30.0,0.3,0,0,0,0,1
2026-05-09,S02,P004,Basmati Premium Rice 5kg,33.0,405.0,0.1,1,64.0,0.0,31.0,30.0,5,Pantry,Grains,RoyalGrains,450.0,320.0,365,Supermarket,Delhi,15000,4500,28.9,1.1,0,0,1,0,1
2026-05-10,S02,P004,Basmati Premium Rice 5kg,26.0,450.0,0.0,0,31.0,0.0,5.0,30.0,5,Pantry,Grains,RoyalGrains,450.0,320.0,365,Supermarket,Delhi,15000,4500,25.5,0.0,0,0,1,0,1
2026-05-11,S02,P004,Basmati Premium Rice 5kg,5.0,450.0,0.0,0,5.0,0.0,0.0,30.0,5,Pantry,Grains,RoyalGrains,450.0,320.0,365,Supermarket,Delhi,15000,4500,29.1,0.3,0,0,0,0,1
2026-05-12,S02,P004,Basmati Premium Rice 5kg,0.0,450.0,0.0,0,0.0,0.0,0.0,30.0,5,Pantry,Grains,RoyalGrains,450.0,320.0,365,Supermarket,Delhi,15000,4500,31.3,0.2,0,0,0,0,1
2026-05-13,S02,P004,Basmati Premium Rice 5kg,0.0,405.0,0.1,1,0.0,0.0,0.0,30.0,5,Pantry,Grains,RoyalGrains,450.0,320.0,365,Supermarket,Delhi,15000,4500,28.9,0.5,0,0,0,0,1
2026-05-14,S02,P004,Basmati Premium Rice 5kg,0.0,450.0,0.0,0,0.0,0.0,0.0,30.0,5,Pantry,Grains,RoyalGrains,450.0,320.0,365,Supermarket,Delhi,15000,4500,30.5,0.4,0,0,0,0,1
2026-05-15,S02,P004,Basmati Premium Rice 5kg,30.0,360.0,0.2,1,157.0,157.0,127.0,30.0,5,Pantry,Grains,RoyalGrains,450.0,320.0,365,Supermarket,Delhi,15000,4500,26.6,2.5,0,0,0,0,1
2026-05-16,S02,P004,Basmati Premium Rice 5kg,27.0,450.0,0.0,0,127.0,0.0,100.0,30.0,5,Pantry,Grains,RoyalGrains,450.0,320.0,365,Supermarket,Delhi,15000,4500,27.3,0.2,0,0,1,0,1
2026-05-17,S02,P004,Basmati Premium Rice 5kg,36.0,405.0,0.1,1,100.0,0.0,64.0,30.0,5,Pantry,Grains,RoyalGrains,450.0,320.0,365,Supermarket,Delhi,15000,4500,26.3,0.5,0,0,1,0,1
2026-05-18,S02,P004,Basmati Premium Rice 5kg,21.0,450.0,0.0,0,64.0,0.0,43.0,30.0,5,Pantry,Grains,RoyalGrains,450.0,320.0,365,Supermarket,Delhi,15000,4500,27.6,0.4,0,0,0,0,1
2026-05-19,S02,P004,Basmati Premium Rice 5kg,23.0,450.0,0.0,0,43.0,0.0,20.0,30.0,5,Pantry,Grains,RoyalGrains,450.0,320.0,365,Supermarket,Delhi,15000,4500,29.7,0.1,0,0,0,1,1
2026-05-20,S02,P004,Basmati Premium Rice 5kg,20.0,450.0,0.0,0,20.0,0.0,0.0,30.0,5,Pantry,Grains,RoyalGrains,450.0,320.0,365,Supermarket,Delhi,15000,4500,27.8,0.5,0,0,0,1,1
2026-05-21,S02,P004,Basmati Premium Rice 5kg,0.0,450.0,0.0,0,0.0,0.0,0.0,30.0,5,Pantry,Grains,RoyalGrains,450.0,320.0,365,Supermarket,Delhi,15000,4500,27.1,0.0,0,0,0,1,1
2026-05-22,S02,P004,Basmati Premium Rice 5kg,0.0,450.0,0.0,0,0.0,0.0,0.0,30.0,5,Pantry,Grains,RoyalGrains,450.0,320.0,365,Supermarket,Delhi,15000,4500,26.6,0.0,0,0,0,0,1
2026-05-23,S02,P004,Basmati Premium Rice 5kg,0.0,450.0,0.0,0,0.0,0.0,0.0,30.0,5,Pantry,Grains,RoyalGrains,450.0,320.0,365,Supermarket,Delhi,15000,4500,29.7,1.0,0,0,1,0,1
2026-05-24,S02,P004,Basmati Premium Rice 5kg,37.0,450.0,0.0,0,157.0,157.0,120.0,30.0,5,Pantry,Grains,RoyalGrains,450.0,320.0,365,Supermarket,Delhi,15000,4500,25.5,0.4,0,0,1,1,1
2026-05-25,S02,P004,Basmati Premium Rice 5kg,21.0,450.0,0.0,0,120.0,0.0,99.0,30.0,5,Pantry,Grains,RoyalGrains,450.0,320.0,365,Supermarket,Delhi,15000,4500,26.3,0.2,0,0,0,0,1
2026-05-26,S02,P004,Basmati Premium Rice 5kg,22.0,450.0,0.0,0,99.0,0.0,77.0,30.0,5,Pantry,Grains,RoyalGrains,450.0,320.0,365,Supermarket,Delhi,15000,4500,25.7,0.2,0,0,0,0,1
2026-05-27,S02,P004,Basmati Premium Rice 5kg,35.0,360.0,0.2,1,77.0,0.0,42.0,30.0,5,Pantry,Grains,RoyalGrains,450.0,320.0,365,Supermarket,Delhi,15000,4500,28.5,0.2,0,0,0,0,1
2026-05-28,S02,P004,Basmati Premium Rice 5kg,22.0,450.0,0.0,0,42.0,0.0,20.0,30.0,5,Pantry,Grains,RoyalGrains,450.0,320.0,365,Supermarket,Delhi,15000,4500,27.1,0.2,0,0,0,0,1
2026-05-29,S02,P004,Basmati Premium Rice 5kg,20.0,450.0,0.0,0,20.0,0.0,0.0,30.0,5,Pantry,Grains,RoyalGrains,450.0,320.0,365,Supermarket,Delhi,15000,4500,22.3,0.1,0,0,0,0,1
2026-05-30,S02,P004,Basmati Premium Rice 5kg,0.0,450.0,0.0,0,0.0,0.0,0.0,30.0,5,Pantry,Grains,RoyalGrains,450.0,320.0,365,Supermarket,Delhi,15000,4500,27.3,1.0,0,0,1,1,1
2026-05-31,S02,P004,Basmati Premium Rice 5kg,0.0,405.0,0.1,1,0.0,0.0,0.0,30.0,5,Pantry,Grains,RoyalGrains,450.0,320.0,365,Supermarket,Delhi,15000,4500,25.7,0.1,0,0,1,0,1
2026-06-01,S02,P004,Basmati Premium Rice 5kg,0.0,450.0,0.0,0,0.0,0.0,0.0,30.0,5,Pantry,Grains,RoyalGrains,450.0,320.0,365,Supermarket,Delhi,15000,4500,25.9,3.6,0,0,0,0,1
2026-06-02,S02,P004,Basmati Premium Rice 5kg,29.0,450.0,0.0,0,157.0,157.0,128.0,30.0,5,Pantry,Grains,RoyalGrains,450.0,320.0,365,Supermarket,Delhi,15000,4500,27.9,0.2,0,0,0,0,1
2026-06-03,S02,P004,Basmati Premium Rice 5kg,19.0,450.0,0.0,0,128.0,0.0,109.0,30.0,5,Pantry,Grains,RoyalGrains,450.0,320.0,365,Supermarket,Delhi,15000,4500,26.4,4.5,0,0,0,0,1
2026-06-04,S02,P004,Basmati Premium Rice 5kg,23.0,450.0,0.0,0,109.0,0.0,86.0,30.0,5,Pantry,Grains,RoyalGrains,450.0,320.0,365,Supermarket,Delhi,15000,4500,25.5,1.3,0,0,0,0,1
2026-06-05,S02,P004,Basmati Premium Rice 5kg,26.0,450.0,0.0,0,86.0,0.0,60.0,30.0,5,Pantry,Grains,RoyalGrains,450.0,320.0,365,Supermarket,Delhi,15000,4500,28.7,0.5,0,0,0,0,1
2026-06-06,S02,P004,Basmati Premium Rice 5kg,23.0,450.0,0.0,0,60.0,0.0,37.0,30.0,5,Pantry,Grains,RoyalGrains,450.0,320.0,365,Supermarket,Delhi,15000,4500,24.6,2.5,0,0,1,0,1
2026-06-07,S02,P004,Basmati Premium Rice 5kg,29.0,450.0,0.0,0,37.0,0.0,8.0,30.0,5,Pantry,Grains,RoyalGrains,450.0,320.0,365,Supermarket,Delhi,15000,4500,26.8,7.6,0,0,1,0,1
2026-06-08,S02,P004,Basmati Premium Rice 5kg,8.0,382.5,0.15,1,8.0,0.0,0.0,30.0,5,Pantry,Grains,RoyalGrains,450.0,320.0,365,Supermarket,Delhi,15000,4500,21.9,8.7,0,0,0,0,1
2026-06-09,S02,P004,Basmati Premium Rice 5kg,0.0,450.0,0.0,0,0.0,0.0,0.0,30.0,5,Pantry,Grains,RoyalGrains,450.0,320.0,365,Supermarket,Delhi,15000,4500,22.2,2.1,0,0,0,0,1
2026-06-10,S02,P004,Basmati Premium Rice 5kg,0.0,450.0,0.0,0,0.0,0.0,0.0,30.0,5,Pantry,Grains,RoyalGrains,450.0,320.0,365,Supermarket,Delhi,15000,4500,27.7,15.4,0,0,0,0,1
2026-06-11,S02,P004,Basmati Premium Rice 5kg,0.0,450.0,0.0,0,0.0,0.0,0.0,30.0,5,Pantry,Grains,RoyalGrains,450.0,320.0,365,Supermarket,Delhi,15000,4500,22.1,2.8,0,0,0,0,1
2026-06-12,S02,P004,Basmati Premium Rice 5kg,27.0,450.0,0.0,0,157.0,157.0,130.0,30.0,5,Pantry,Grains,RoyalGrains,450.0,320.0,365,Supermarket,Delhi,15000,4500,21.6,1.5,0,0,0,0,1
2026-06-13,S02,P004,Basmati Premium Rice 5kg,34.0,450.0,0.0,0,130.0,0.0,96.0,30.0,5,Pantry,Grains,RoyalGrains,450.0,320.0,365,Supermarket,Delhi,15000,4500,27.2,2.3,0,0,1,0,1
2026-06-14,S02,P004,Basmati Premium Rice 5kg,36.0,450.0,0.0,0,96.0,0.0,60.0,30.0,5,Pantry,Grains,RoyalGrains,450.0,320.0,365,Supermarket,Delhi,15000,4500,23.9,4.7,0,0,1,0,1
2026-06-15,S02,P004,Basmati Premium Rice 5kg,40.0,450.0,0.0,0,60.0,0.0,20.0,30.0,5,Pantry,Grains,RoyalGrains,450.0,320.0,365,Supermarket,Delhi,15000,4500,25.2,3.6,0,1,0,0,1
2026-06-16,S02,P004,Basmati Premium Rice 5kg,20.0,450.0,0.0,1,20.0,0.0,0.0,30.0,5,Pantry,Grains,RoyalGrains,450.0,320.0,365,Supermarket,Delhi,15000,4500,25.3,4.9,0,0,0,0,1
2026-06-17,S02,P004,Basmati Premium Rice 5kg,0.0,450.0,0.0,0,0.0,0.0,0.0,30.0,5,Pantry,Grains,RoyalGrains,450.0,320.0,365,Supermarket,Delhi,15000,4500,27.5,2.9,0,0,0,0,1
2026-06-18,S02,P004,Basmati Premium Rice 5kg,0.0,450.0,0.0,0,0.0,0.0,0.0,30.0,5,Pantry,Grains,RoyalGrains,450.0,320.0,365,Supermarket,Delhi,15000,4500,25.2,3.4,0,0,0,0,1
2026-06-19,S02,P004,Basmati Premium Rice 5kg,0.0,450.0,0.0,0,0.0,0.0,0.0,30.0,5,Pantry,Grains,RoyalGrains,450.0,320.0,365,Supermarket,Delhi,15000,4500,22.3,0.3,0,0,0,0,1
2026-06-20,S02,P004,Basmati Premium Rice 5kg,29.0,450.0,0.0,0,157.0,157.0,128.0,30.0,5,Pantry,Grains,RoyalGrains,450.0,320.0,365,Supermarket,Delhi,15000,4500,23.8,1.6,0,0,1,0,1
2026-06-21,S02,P004,Basmati Premium Rice 5kg,23.0,450.0,0.0,0,128.0,0.0,105.0,30.0,5,Pantry,Grains,RoyalGrains,450.0,320.0,365,Supermarket,Delhi,15000,4500,23.8,2.4,0,0,1,0,1
2026-06-22,S02,P004,Basmati Premium Rice 5kg,20.0,450.0,0.0,0,105.0,0.0,85.0,30.0,5,Pantry,Grains,RoyalGrains,450.0,320.0,365,Supermarket,Delhi,15000,4500,25.9,2.3,0,0,0,0,1
2026-06-23,S02,P004,Basmati Premium Rice 5kg,23.0,450.0,0.0,0,85.0,0.0,62.0,30.0,5,Pantry,Grains,RoyalGrains,450.0,320.0,365,Supermarket,Delhi,15000,4500,22.0,9.4,0,0,0,0,1
2026-06-24,S02,P004,Basmati Premium Rice 5kg,20.0,450.0,0.0,0,62.0,0.0,42.0,30.0,5,Pantry,Grains,RoyalGrains,450.0,320.0,365,Supermarket,Delhi,15000,4500,22.2,18.7,0,0,0,0,1
2026-06-25,S02,P004,Basmati Premium Rice 5kg,21.0,450.0,0.0,0,42.0,0.0,21.0,30.0,5,Pantry,Grains,RoyalGrains,450.0,320.0,365,Supermarket,Delhi,15000,4500,22.7,4.2,0,0,0,0,1
2026-06-26,S02,P004,Basmati Premium Rice 5kg,21.0,450.0,0.0,0,21.0,0.0,0.0,30.0,5,Pantry,Grains,RoyalGrains,450.0,320.0,365,Supermarket,Delhi,15000,4500,23.1,0.2,0,0,0,0,1
2026-06-27,S02,P004,Basmati Premium Rice 5kg,0.0,450.0,0.0,0,0.0,0.0,0.0,30.0,5,Pantry,Grains,RoyalGrains,450.0,320.0,365,Supermarket,Delhi,15000,4500,21.2,1.1,0,0,1,0,1
2026-06-28,S02,P004,Basmati Premium Rice 5kg,0.0,450.0,0.0,0,0.0,0.0,0.0,30.0,5,Pantry,Grains,RoyalGrains,450.0,320.0,365,Supermarket,Delhi,15000,4500,21.4,3.5,0,0,1,0,1
2026-06-29,S02,P004,Basmati Premium Rice 5kg,0.0,450.0,0.0,0,0.0,0.0,0.0,30.0,5,Pantry,Grains,RoyalGrains,450.0,320.0,365,Supermarket,Delhi,15000,4500,21.3,0.7,0,0,0,0,1
2026-01-01,S02,P005,Herbal Shampoo 250ml,12.0,220.0,0.0,0,75.0,0.0,63.0,25.0,4,Personal Care,Haircare,Botanica,220.0,140.0,730,Supermarket,Delhi,15000,4500,23.3,0.2,1,0,0,0,1
2026-01-02,S02,P005,Herbal Shampoo 250ml,20.0,220.0,0.0,0,63.0,0.0,43.0,25.0,4,Personal Care,Haircare,Botanica,220.0,140.0,730,Supermarket,Delhi,15000,4500,23.8,0.1,0,0,0,0,1
2026-01-03,S02,P005,Herbal Shampoo 250ml,22.0,220.0,0.0,1,43.0,0.0,21.0,25.0,4,Personal Care,Haircare,Botanica,220.0,140.0,730,Supermarket,Delhi,15000,4500,24.7,0.2,0,0,1,0,1
2026-01-04,S02,P005,Herbal Shampoo 250ml,21.0,220.0,0.0,0,21.0,0.0,0.0,25.0,4,Personal Care,Haircare,Botanica,220.0,140.0,730,Supermarket,Delhi,15000,4500,21.8,0.1,0,0,1,0,1
2026-01-05,S02,P005,Herbal Shampoo 250ml,0.0,220.0,0.0,0,0.0,0.0,0.0,25.0,4,Personal Care,Haircare,Botanica,220.0,140.0,730,Supermarket,Delhi,15000,4500,22.4,1.2,0,0,0,0,1
2026-01-06,S02,P005,Herbal Shampoo 250ml,0.0,187.0,0.15,1,0.0,0.0,0.0,25.0,4,Personal Care,Haircare,Botanica,220.0,140.0,730,Supermarket,Delhi,15000,4500,23.1,0.1,0,0,0,0,1
2026-01-07,S02,P005,Herbal Shampoo 250ml,17.0,220.0,0.0,0,126.0,126.0,109.0,25.0,4,Personal Care,Haircare,Botanica,220.0,140.0,730,Supermarket,Delhi,15000,4500,21.4,0.8,0,0,0,0,1
2026-01-08,S02,P005,Herbal Shampoo 250ml,19.0,220.0,0.0,0,109.0,0.0,90.0,25.0,4,Personal Care,Haircare,Botanica,220.0,140.0,730,Supermarket,Delhi,15000,4500,23.2,0.4,0,0,0,0,1
2026-01-09,S02,P005,Herbal Shampoo 250ml,17.0,220.0,0.0,0,90.0,0.0,73.0,25.0,4,Personal Care,Haircare,Botanica,220.0,140.0,730,Supermarket,Delhi,15000,4500,28.1,2.1,0,0,0,0,1
2026-01-10,S02,P005,Herbal Shampoo 250ml,27.0,220.0,0.0,0,73.0,0.0,46.0,25.0,4,Personal Care,Haircare,Botanica,220.0,140.0,730,Supermarket,Delhi,15000,4500,23.2,0.5,0,0,1,0,1
2026-01-11,S02,P005,Herbal Shampoo 250ml,26.0,220.0,0.0,0,46.0,0.0,20.0,25.0,4,Personal Care,Haircare,Botanica,220.0,140.0,730,Supermarket,Delhi,15000,4500,23.3,0.5,0,0,1,0,1
2026-01-12,S02,P005,Herbal Shampoo 250ml,16.0,220.0,0.0,0,20.0,0.0,4.0,25.0,4,Personal Care,Haircare,Botanica,220.0,140.0,730,Supermarket,Delhi,15000,4500,25.3,0.4,0,0,0,0,1
2026-01-13,S02,P005,Herbal Shampoo 250ml,4.0,220.0,0.0,0,4.0,0.0,0.0,25.0,4,Personal Care,Haircare,Botanica,220.0,140.0,730,Supermarket,Delhi,15000,4500,27.7,0.2,0,0,0,0,1
2026-01-14,S02,P005,Herbal Shampoo 250ml,0.0,220.0,0.0,0,0.0,0.0,0.0,25.0,4,Personal Care,Haircare,Botanica,220.0,140.0,730,Supermarket,Delhi,15000,4500,21.3,1.6,0,0,0,0,1
2026-01-15,S02,P005,Herbal Shampoo 250ml,16.0,220.0,0.0,0,126.0,126.0,110.0,25.0,4,Personal Care,Haircare,Botanica,220.0,140.0,730,Supermarket,Delhi,15000,4500,20.5,0.3,0,0,0,0,1
2026-01-16,S02,P005,Herbal Shampoo 250ml,25.0,220.0,0.0,0,110.0,0.0,85.0,25.0,4,Personal Care,Haircare,Botanica,220.0,140.0,730,Supermarket,Delhi,15000,4500,23.8,0.1,0,0,0,0,1
2026-01-17,S02,P005,Herbal Shampoo 250ml,27.0,220.0,0.0,0,85.0,0.0,58.0,25.0,4,Personal Care,Haircare,Botanica,220.0,140.0,730,Supermarket,Delhi,15000,4500,27.6,0.3,0,0,1,0,1
2026-01-18,S02,P005,Herbal Shampoo 250ml,28.0,220.0,0.0,0,58.0,0.0,30.0,25.0,4,Personal Care,Haircare,Botanica,220.0,140.0,730,Supermarket,Delhi,15000,4500,23.2,1.6,0,0,1,0,1
2026-01-19,S02,P005,Herbal Shampoo 250ml,16.0,220.0,0.0,0,30.0,0.0,14.0,25.0,4,Personal Care,Haircare,Botanica,220.0,140.0,730,Supermarket,Delhi,15000,4500,23.5,0.2,0,0,0,0,1
2026-01-20,S02,P005,Herbal Shampoo 250ml,14.0,220.0,0.0,0,14.0,0.0,0.0,25.0,4,Personal Care,Haircare,Botanica,220.0,140.0,730,Supermarket,Delhi,15000,4500,23.0,0.1,0,0,0,0,1
2026-01-21,S02,P005,Herbal Shampoo 250ml,0.0,220.0,0.0,1,0.0,0.0,0.0,25.0,4,Personal Care,Haircare,Botanica,220.0,140.0,730,Supermarket,Delhi,15000,4500,24.8,0.3,0,0,0,0,1
2026-01-22,S02,P005,Herbal Shampoo 250ml,0.0,220.0,0.0,0,0.0,0.0,0.0,25.0,4,Personal Care,Haircare,Botanica,220.0,140.0,730,Supermarket,Delhi,15000,4500,25.4,0.1,0,0,0,0,1
2026-01-23,S02,P005,Herbal Shampoo 250ml,21.0,220.0,0.0,0,126.0,126.0,105.0,25.0,4,Personal Care,Haircare,Botanica,220.0,140.0,730,Supermarket,Delhi,15000,4500,24.9,0.4,0,0,0,0,1
2026-01-24,S02,P005,Herbal Shampoo 250ml,23.0,220.0,0.0,0,105.0,0.0,82.0,25.0,4,Personal Care,Haircare,Botanica,220.0,140.0,730,Supermarket,Delhi,15000,4500,26.3,0.4,0,0,1,0,1
2026-01-25,S02,P005,Herbal Shampoo 250ml,24.0,220.0,0.0,0,82.0,0.0,58.0,25.0,4,Personal Care,Haircare,Botanica,220.0,140.0,730,Supermarket,Delhi,15000,4500,27.3,0.1,0,0,1,0,1
2026-01-26,S02,P005,Herbal Shampoo 250ml,28.0,220.0,0.0,0,58.0,0.0,30.0,25.0,4,Personal Care,Haircare,Botanica,220.0,140.0,730,Supermarket,Delhi,15000,4500,23.2,0.6,1,1,0,0,1
2026-01-27,S02,P005,Herbal Shampoo 250ml,19.0,187.0,0.15,1,30.0,0.0,11.0,25.0,4,Personal Care,Haircare,Botanica,220.0,140.0,730,Supermarket,Delhi,15000,4500,26.2,0.8,0,0,0,0,1
2026-01-28,S02,P005,Herbal Shampoo 250ml,11.0,220.0,0.0,0,11.0,0.0,0.0,25.0,4,Personal Care,Haircare,Botanica,220.0,140.0,730,Supermarket,Delhi,15000,4500,26.6,1.2,0,0,0,1,1
2026-01-29,S02,P005,Herbal Shampoo 250ml,0.0,220.0,0.0,0,0.0,0.0,0.0,25.0,4,Personal Care,Haircare,Botanica,220.0,140.0,730,Supermarket,Delhi,15000,4500,26.2,0.4,0,0,0,0,1
2026-01-30,S02,P005,Herbal Shampoo 250ml,0.0,220.0,0.0,0,0.0,0.0,0.0,25.0,4,Personal Care,Haircare,Botanica,220.0,140.0,730,Supermarket,Delhi,15000,4500,25.6,1.1,0,0,0,0,1
2026-01-31,S02,P005,Herbal Shampoo 250ml,24.0,220.0,0.0,0,126.0,126.0,102.0,25.0,4,Personal Care,Haircare,Botanica,220.0,140.0,730,Supermarket,Delhi,15000,4500,24.0,1.3,0,0,1,0,1
2026-02-01,S02,P005,Herbal Shampoo 250ml,24.0,220.0,0.0,0,102.0,0.0,78.0,25.0,4,Personal Care,Haircare,Botanica,220.0,140.0,730,Supermarket,Delhi,15000,4500,26.0,0.1,0,0,1,0,1
2026-02-02,S02,P005,Herbal Shampoo 250ml,16.0,220.0,0.0,0,78.0,0.0,62.0,25.0,4,Personal Care,Haircare,Botanica,220.0,140.0,730,Supermarket,Delhi,15000,4500,28.8,0.6,0,0,0,0,1
2026-02-03,S02,P005,Herbal Shampoo 250ml,20.0,220.0,0.0,0,62.0,0.0,42.0,25.0,4,Personal Care,Haircare,Botanica,220.0,140.0,730,Supermarket,Delhi,15000,4500,26.4,0.3,0,0,0,0,1
2026-02-04,S02,P005,Herbal Shampoo 250ml,17.0,220.0,0.0,0,42.0,0.0,25.0,25.0,4,Personal Care,Haircare,Botanica,220.0,140.0,730,Supermarket,Delhi,15000,4500,26.8,0.1,0,0,0,0,1
2026-02-05,S02,P005,Herbal Shampoo 250ml,16.0,220.0,0.0,0,25.0,0.0,9.0,25.0,4,Personal Care,Haircare,Botanica,220.0,140.0,730,Supermarket,Delhi,15000,4500,24.4,0.1,0,0,0,0,1
2026-02-06,S02,P005,Herbal Shampoo 250ml,9.0,220.0,0.0,0,9.0,0.0,0.0,25.0,4,Personal Care,Haircare,Botanica,220.0,140.0,730,Supermarket,Delhi,15000,4500,27.7,0.6,0,0,0,0,1
2026-02-07,S02,P005,Herbal Shampoo 250ml,0.0,198.0,0.1,1,0.0,0.0,0.0,25.0,4,Personal Care,Haircare,Botanica,220.0,140.0,730,Supermarket,Delhi,15000,4500,26.8,0.2,0,0,1,0,1
2026-02-08,S02,P005,Herbal Shampoo 250ml,36.0,176.0,0.2,1,126.0,126.0,90.0,25.0,4,Personal Care,Haircare,Botanica,220.0,140.0,730,Supermarket,Delhi,15000,4500,29.2,0.1,0,0,1,0,1
2026-02-09,S02,P005,Herbal Shampoo 250ml,14.0,220.0,0.0,1,90.0,0.0,76.0,25.0,4,Personal Care,Haircare,Botanica,220.0,140.0,730,Supermarket,Delhi,15000,4500,27.8,0.0,0,0,0,0,1
2026-02-10,S02,P005,Herbal Shampoo 250ml,19.0,220.0,0.0,0,76.0,0.0,57.0,25.0,4,Personal Care,Haircare,Botanica,220.0,140.0,730,Supermarket,Delhi,15000,4500,28.1,1.4,0,0,0,0,1
2026-02-11,S02,P005,Herbal Shampoo 250ml,23.0,220.0,0.0,0,57.0,0.0,34.0,25.0,4,Personal Care,Haircare,Botanica,220.0,140.0,730,Supermarket,Delhi,15000,4500,25.9,0.5,0,0,0,0,1
2026-02-12,S02,P005,Herbal Shampoo 250ml,16.0,220.0,0.0,0,34.0,0.0,18.0,25.0,4,Personal Care,Haircare,Botanica,220.0,140.0,730,Supermarket,Delhi,15000,4500,32.3,0.3,0,0,0,0,1
2026-02-13,S02,P005,Herbal Shampoo 250ml,17.0,220.0,0.0,1,18.0,0.0,1.0,25.0,4,Personal Care,Haircare,Botanica,220.0,140.0,730,Supermarket,Delhi,15000,4500,27.6,0.0,0,0,0,0,1
2026-02-14,S02,P005,Herbal Shampoo 250ml,1.0,198.0,0.1,1,1.0,0.0,0.0,25.0,4,Personal Care,Haircare,Botanica,220.0,140.0,730,Supermarket,Delhi,15000,4500,27.6,0.7,0,0,1,0,1
2026-02-15,S02,P005,Herbal Shampoo 250ml,0.0,220.0,0.0,0,0.0,0.0,0.0,25.0,4,Personal Care,Haircare,Botanica,220.0,140.0,730,Supermarket,Delhi,15000,4500,27.2,0.2,0,0,1,0,1
2026-02-16,S02,P005,Herbal Shampoo 250ml,18.0,220.0,0.0,0,126.0,126.0,108.0,25.0,4,Personal Care,Haircare,Botanica,220.0,140.0,730,Supermarket,Delhi,15000,4500,29.6,0.5,0,0,0,0,1
2026-02-17,S02,P005,Herbal Shampoo 250ml,19.0,220.0,0.0,0,108.0,0.0,89.0,25.0,4,Personal Care,Haircare,Botanica,220.0,140.0,730,Supermarket,Delhi,15000,4500,27.6,0.1,0,0,0,0,1
2026-02-18,S02,P005,Herbal Shampoo 250ml,19.0,220.0,0.0,0,89.0,0.0,70.0,25.0,4,Personal Care,Haircare,Botanica,220.0,140.0,730,Supermarket,Delhi,15000,4500,27.9,0.0,0,0,0,0,1
2026-02-19,S02,P005,Herbal Shampoo 250ml,15.0,220.0,0.0,0,70.0,0.0,55.0,25.0,4,Personal Care,Haircare,Botanica,220.0,140.0,730,Supermarket,Delhi,15000,4500,25.7,1.2,0,0,0,0,1
2026-02-20,S02,P005,Herbal Shampoo 250ml,16.0,220.0,0.0,0,55.0,0.0,39.0,25.0,4,Personal Care,Haircare,Botanica,220.0,140.0,730,Supermarket,Delhi,15000,4500,31.0,0.1,0,0,0,0,1
2026-02-21,S02,P005,Herbal Shampoo 250ml,21.0,220.0,0.0,0,39.0,0.0,18.0,25.0,4,Personal Care,Haircare,Botanica,220.0,140.0,730,Supermarket,Delhi,15000,4500,30.8,1.1,0,0,1,0,1
2026-02-22,S02,P005,Herbal Shampoo 250ml,18.0,220.0,0.0,0,18.0,0.0,0.0,25.0,4,Personal Care,Haircare,Botanica,220.0,140.0,730,Supermarket,Delhi,15000,4500,29.5,1.1,0,0,1,0,1
2026-02-23,S02,P005,Herbal Shampoo 250ml,0.0,220.0,0.0,0,0.0,0.0,0.0,25.0,4,Personal Care,Haircare,Botanica,220.0,140.0,730,Supermarket,Delhi,15000,4500,31.1,0.1,0,0,0,0,1
2026-02-24,S02,P005,Herbal Shampoo 250ml,0.0,220.0,0.0,0,0.0,0.0,0.0,25.0,4,Personal Care,Haircare,Botanica,220.0,140.0,730,Supermarket,Delhi,15000,4500,28.7,0.4,0,0,0,0,1
2026-02-25,S02,P005,Herbal Shampoo 250ml,18.0,220.0,0.0,0,126.0,126.0,108.0,25.0,4,Personal Care,Haircare,Botanica,220.0,140.0,730,Supermarket,Delhi,15000,4500,28.3,0.4,0,0,0,0,1
2026-02-26,S02,P005,Herbal Shampoo 250ml,20.0,220.0,0.0,0,108.0,0.0,88.0,25.0,4,Personal Care,Haircare,Botanica,220.0,140.0,730,Supermarket,Delhi,15000,4500,27.5,0.5,0,0,0,0,1
2026-02-27,S02,P005,Herbal Shampoo 250ml,21.0,220.0,0.0,0,88.0,0.0,67.0,25.0,4,Personal Care,Haircare,Botanica,220.0,140.0,730,Supermarket,Delhi,15000,4500,28.6,0.4,0,0,0,0,1
2026-02-28,S02,P005,Herbal Shampoo 250ml,29.0,220.0,0.0,0,67.0,0.0,38.0,25.0,4,Personal Care,Haircare,Botanica,220.0,140.0,730,Supermarket,Delhi,15000,4500,30.4,0.0,0,0,1,0,1
2026-03-01,S02,P005,Herbal Shampoo 250ml,28.0,220.0,0.0,0,38.0,0.0,10.0,25.0,4,Personal Care,Haircare,Botanica,220.0,140.0,730,Supermarket,Delhi,15000,4500,26.4,0.0,0,0,1,0,1
2026-03-02,S02,P005,Herbal Shampoo 250ml,10.0,220.0,0.0,0,10.0,0.0,0.0,25.0,4,Personal Care,Haircare,Botanica,220.0,140.0,730,Supermarket,Delhi,15000,4500,29.4,0.2,0,0,0,0,1
2026-03-03,S02,P005,Herbal Shampoo 250ml,0.0,220.0,0.0,0,0.0,0.0,0.0,25.0,4,Personal Care,Haircare,Botanica,220.0,140.0,730,Supermarket,Delhi,15000,4500,29.2,0.3,0,0,0,0,1
2026-03-04,S02,P005,Herbal Shampoo 250ml,0.0,198.0,0.1,1,0.0,0.0,0.0,25.0,4,Personal Care,Haircare,Botanica,220.0,140.0,730,Supermarket,Delhi,15000,4500,28.5,0.5,0,0,0,0,1
2026-03-05,S02,P005,Herbal Shampoo 250ml,24.0,187.0,0.15,1,126.0,126.0,102.0,25.0,4,Personal Care,Haircare,Botanica,220.0,140.0,730,Supermarket,Delhi,15000,4500,28.2,0.3,0,0,0,0,1
2026-03-06,S02,P005,Herbal Shampoo 250ml,18.0,220.0,0.0,0,102.0,0.0,84.0,25.0,4,Personal Care,Haircare,Botanica,220.0,140.0,730,Supermarket,Delhi,15000,4500,29.6,0.0,0,0,0,0,1
2026-03-07,S02,P005,Herbal Shampoo 250ml,30.0,220.0,0.0,0,84.0,0.0,54.0,25.0,4,Personal Care,Haircare,Botanica,220.0,140.0,730,Supermarket,Delhi,15000,4500,31.2,0.0,0,0,1,0,1
2026-03-08,S02,P005,Herbal Shampoo 250ml,33.0,220.0,0.0,0,54.0,0.0,21.0,25.0,4,Personal Care,Haircare,Botanica,220.0,140.0,730,Supermarket,Delhi,15000,4500,32.0,3.8,0,1,1,0,1
2026-03-09,S02,P005,Herbal Shampoo 250ml,19.0,220.0,0.0,0,21.0,0.0,2.0,25.0,4,Personal Care,Haircare,Botanica,220.0,140.0,730,Supermarket,Delhi,15000,4500,27.6,0.1,0,0,0,0,1
2026-03-10,S02,P005,Herbal Shampoo 250ml,2.0,176.0,0.2,1,2.0,0.0,0.0,25.0,4,Personal Care,Haircare,Botanica,220.0,140.0,730,Supermarket,Delhi,15000,4500,28.7,1.8,0,0,0,0,1
2026-03-11,S02,P005,Herbal Shampoo 250ml,0.0,220.0,0.0,0,0.0,0.0,0.0,25.0,4,Personal Care,Haircare,Botanica,220.0,140.0,730,Supermarket,Delhi,15000,4500,27.5,0.2,0,0,0,0,1
2026-03-12,S02,P005,Herbal Shampoo 250ml,17.0,220.0,0.0,0,126.0,126.0,109.0,25.0,4,Personal Care,Haircare,Botanica,220.0,140.0,730,Supermarket,Delhi,15000,4500,28.9,1.0,0,0,0,0,1
2026-03-13,S02,P005,Herbal Shampoo 250ml,20.0,220.0,0.0,0,109.0,0.0,89.0,25.0,4,Personal Care,Haircare,Botanica,220.0,140.0,730,Supermarket,Delhi,15000,4500,30.3,0.2,0,0,0,0,1
2026-03-14,S02,P005,Herbal Shampoo 250ml,29.0,220.0,0.0,0,89.0,0.0,60.0,25.0,4,Personal Care,Haircare,Botanica,220.0,140.0,730,Supermarket,Delhi,15000,4500,29.4,0.8,0,0,1,1,1
2026-03-15,S02,P005,Herbal Shampoo 250ml,27.0,220.0,0.0,0,60.0,0.0,33.0,25.0,4,Personal Care,Haircare,Botanica,220.0,140.0,730,Supermarket,Delhi,15000,4500,29.7,0.2,0,0,1,0,1
2026-03-16,S02,P005,Herbal Shampoo 250ml,19.0,220.0,0.0,0,33.0,0.0,14.0,25.0,4,Personal Care,Haircare,Botanica,220.0,140.0,730,Supermarket,Delhi,15000,4500,29.2,1.3,0,0,0,0,1
2026-03-17,S02,P005,Herbal Shampoo 250ml,14.0,176.0,0.2,1,14.0,0.0,0.0,25.0,4,Personal Care,Haircare,Botanica,220.0,140.0,730,Supermarket,Delhi,15000,4500,29.0,0.1,0,0,0,0,1
2026-03-18,S02,P005,Herbal Shampoo 250ml,0.0,220.0,0.0,0,0.0,0.0,0.0,25.0,4,Personal Care,Haircare,Botanica,220.0,140.0,730,Supermarket,Delhi,15000,4500,34.3,0.2,0,0,0,0,1
2026-03-19,S02,P005,Herbal Shampoo 250ml,0.0,220.0,0.0,0,0.0,0.0,0.0,25.0,4,Personal Care,Haircare,Botanica,220.0,140.0,730,Supermarket,Delhi,15000,4500,30.3,0.4,0,0,0,0,1
2026-03-20,S02,P005,Herbal Shampoo 250ml,16.0,220.0,0.0,0,126.0,126.0,110.0,25.0,4,Personal Care,Haircare,Botanica,220.0,140.0,730,Supermarket,Delhi,15000,4500,34.4,0.0,0,0,0,0,1
2026-03-21,S02,P005,Herbal Shampoo 250ml,24.0,220.0,0.0,1,110.0,0.0,86.0,25.0,4,Personal Care,Haircare,Botanica,220.0,140.0,730,Supermarket,Delhi,15000,4500,31.1,0.1,0,0,1,0,1
2026-03-22,S02,P005,Herbal Shampoo 250ml,26.0,187.0,0.15,1,86.0,0.0,60.0,25.0,4,Personal Care,Haircare,Botanica,220.0,140.0,730,Supermarket,Delhi,15000,4500,30.2,0.4,0,0,1,0,1
2026-03-23,S02,P005,Herbal Shampoo 250ml,16.0,220.0,0.0,0,60.0,0.0,44.0,25.0,4,Personal Care,Haircare,Botanica,220.0,140.0,730,Supermarket,Delhi,15000,4500,28.5,0.5,0,0,0,0,1
2026-03-24,S02,P005,Herbal Shampoo 250ml,14.0,220.0,0.0,0,44.0,0.0,30.0,25.0,4,Personal Care,Haircare,Botanica,220.0,140.0,730,Supermarket,Delhi,15000,4500,29.8,1.7,0,0,0,0,1
2026-03-25,S02,P005,Herbal Shampoo 250ml,21.0,220.0,0.0,0,30.0,0.0,9.0,25.0,4,Personal Care,Haircare,Botanica,220.0,140.0,730,Supermarket,Delhi,15000,4500,28.8,1.9,0,1,0,0,1
2026-03-26,S02,P005,Herbal Shampoo 250ml,9.0,187.0,0.15,1,9.0,0.0,0.0,25.0,4,Personal Care,Haircare,Botanica,220.0,140.0,730,Supermarket,Delhi,15000,4500,29.1,0.1,0,0,0,0,1
2026-03-27,S02,P005,Herbal Shampoo 250ml,0.0,220.0,0.0,0,0.0,0.0,0.0,25.0,4,Personal Care,Haircare,Botanica,220.0,140.0,730,Supermarket,Delhi,15000,4500,27.5,0.2,0,0,0,0,1
2026-03-28,S02,P005,Herbal Shampoo 250ml,0.0,198.0,0.1,1,0.0,0.0,0.0,25.0,4,Personal Care,Haircare,Botanica,220.0,140.0,730,Supermarket,Delhi,15000,4500,28.5,0.1,0,0,1,0,1
2026-03-29,S02,P005,Herbal Shampoo 250ml,23.0,220.0,0.0,0,126.0,126.0,103.0,25.0,4,Personal Care,Haircare,Botanica,220.0,140.0,730,Supermarket,Delhi,15000,4500,30.6,0.2,0,0,1,0,1
2026-03-30,S02,P005,Herbal Shampoo 250ml,15.0,220.0,0.0,0,103.0,0.0,88.0,25.0,4,Personal Care,Haircare,Botanica,220.0,140.0,730,Supermarket,Delhi,15000,4500,31.5,0.2,0,0,0,0,1
2026-03-31,S02,P005,Herbal Shampoo 250ml,19.0,220.0,0.0,0,88.0,0.0,69.0,25.0,4,Personal Care,Haircare,Botanica,220.0,140.0,730,Supermarket,Delhi,15000,4500,27.0,0.5,0,0,0,0,1
2026-04-01,S02,P005,Herbal Shampoo 250ml,18.0,220.0,0.0,0,69.0,0.0,51.0,25.0,4,Personal Care,Haircare,Botanica,220.0,140.0,730,Supermarket,Delhi,15000,4500,32.4,0.3,0,0,0,1,1
2026-04-02,S02,P005,Herbal Shampoo 250ml,17.0,220.0,0.0,0,51.0,0.0,34.0,25.0,4,Personal Care,Haircare,Botanica,220.0,140.0,730,Supermarket,Delhi,15000,4500,29.2,0.6,0,0,0,0,1
2026-04-03,S02,P005,Herbal Shampoo 250ml,17.0,220.0,0.0,0,34.0,0.0,17.0,25.0,4,Personal Care,Haircare,Botanica,220.0,140.0,730,Supermarket,Delhi,15000,4500,29.0,0.1,0,0,0,0,1
2026-04-04,S02,P005,Herbal Shampoo 250ml,17.0,220.0,0.0,0,17.0,0.0,0.0,25.0,4,Personal Care,Haircare,Botanica,220.0,140.0,730,Supermarket,Delhi,15000,4500,29.5,0.0,0,0,1,0,1
2026-04-05,S02,P005,Herbal Shampoo 250ml,0.0,220.0,0.0,0,0.0,0.0,0.0,25.0,4,Personal Care,Haircare,Botanica,220.0,140.0,730,Supermarket,Delhi,15000,4500,31.4,0.3,0,0,1,0,1
2026-04-06,S02,P005,Herbal Shampoo 250ml,0.0,198.0,0.1,1,0.0,0.0,0.0,25.0,4,Personal Care,Haircare,Botanica,220.0,140.0,730,Supermarket,Delhi,15000,4500,28.4,1.2,0,0,0,0,1
2026-04-07,S02,P005,Herbal Shampoo 250ml,18.0,220.0,0.0,0,126.0,126.0,108.0,25.0,4,Personal Care,Haircare,Botanica,220.0,140.0,730,Supermarket,Delhi,15000,4500,29.4,0.7,0,0,0,0,1
2026-04-08,S02,P005,Herbal Shampoo 250ml,19.0,220.0,0.0,0,108.0,0.0,89.0,25.0,4,Personal Care,Haircare,Botanica,220.0,140.0,730,Supermarket,Delhi,15000,4500,32.3,0.8,0,0,0,1,1
2026-04-09,S02,P005,Herbal Shampoo 250ml,20.0,220.0,0.0,0,89.0,0.0,69.0,25.0,4,Personal Care,Haircare,Botanica,220.0,140.0,730,Supermarket,Delhi,15000,4500,31.7,0.1,0,0,0,0,1
2026-04-10,S02,P005,Herbal Shampoo 250ml,18.0,220.0,0.0,0,69.0,0.0,51.0,25.0,4,Personal Care,Haircare,Botanica,220.0,140.0,730,Supermarket,Delhi,15000,4500,30.7,0.6,0,0,0,0,1
2026-04-11,S02,P005,Herbal Shampoo 250ml,22.0,220.0,0.0,0,51.0,0.0,29.0,25.0,4,Personal Care,Haircare,Botanica,220.0,140.0,730,Supermarket,Delhi,15000,4500,29.5,0.7,0,0,1,0,1
2026-04-12,S02,P005,Herbal Shampoo 250ml,25.0,220.0,0.0,0,29.0,0.0,4.0,25.0,4,Personal Care,Haircare,Botanica,220.0,140.0,730,Supermarket,Delhi,15000,4500,31.9,0.0,0,0,1,0,1
2026-04-13,S02,P005,Herbal Shampoo 250ml,4.0,220.0,0.0,0,4.0,0.0,0.0,25.0,4,Personal Care,Haircare,Botanica,220.0,140.0,730,Supermarket,Delhi,15000,4500,28.6,0.5,0,0,0,0,1
2026-04-14,S02,P005,Herbal Shampoo 250ml,0.0,220.0,0.0,0,0.0,0.0,0.0,25.0,4,Personal Care,Haircare,Botanica,220.0,140.0,730,Supermarket,Delhi,15000,4500,29.1,0.3,1,0,0,0,1
2026-04-15,S02,P005,Herbal Shampoo 250ml,0.0,220.0,0.0,0,0.0,0.0,0.0,25.0,4,Personal Care,Haircare,Botanica,220.0,140.0,730,Supermarket,Delhi,15000,4500,29.1,0.6,0,0,0,0,1
2026-04-16,S02,P005,Herbal Shampoo 250ml,19.0,220.0,0.0,0,126.0,126.0,107.0,25.0,4,Personal Care,Haircare,Botanica,220.0,140.0,730,Supermarket,Delhi,15000,4500,27.1,0.2,0,0,0,0,1
2026-04-17,S02,P005,Herbal Shampoo 250ml,15.0,220.0,0.0,0,107.0,0.0,92.0,25.0,4,Personal Care,Haircare,Botanica,220.0,140.0,730,Supermarket,Delhi,15000,4500,29.9,0.4,0,0,0,0,1
2026-04-18,S02,P005,Herbal Shampoo 250ml,26.0,220.0,0.0,0,92.0,0.0,66.0,25.0,4,Personal Care,Haircare,Botanica,220.0,140.0,730,Supermarket,Delhi,15000,4500,31.9,0.4,0,0,1,0,1
2026-04-19,S02,P005,Herbal Shampoo 250ml,21.0,220.0,0.0,0,66.0,0.0,45.0,25.0,4,Personal Care,Haircare,Botanica,220.0,140.0,730,Supermarket,Delhi,15000,4500,31.1,0.8,0,0,1,0,1
2026-04-20,S02,P005,Herbal Shampoo 250ml,17.0,220.0,0.0,0,45.0,0.0,28.0,25.0,4,Personal Care,Haircare,Botanica,220.0,140.0,730,Supermarket,Delhi,15000,4500,27.4,0.3,0,0,0,0,1
2026-04-21,S02,P005,Herbal Shampoo 250ml,16.0,220.0,0.0,0,28.0,0.0,12.0,25.0,4,Personal Care,Haircare,Botanica,220.0,140.0,730,Supermarket,Delhi,15000,4500,29.6,0.2,0,0,0,0,1
2026-04-22,S02,P005,Herbal Shampoo 250ml,12.0,220.0,0.0,0,12.0,0.0,0.0,25.0,4,Personal Care,Haircare,Botanica,220.0,140.0,730,Supermarket,Delhi,15000,4500,31.4,0.4,0,0,0,1,1
2026-04-23,S02,P005,Herbal Shampoo 250ml,0.0,220.0,0.0,0,0.0,0.0,0.0,25.0,4,Personal Care,Haircare,Botanica,220.0,140.0,730,Supermarket,Delhi,15000,4500,27.7,0.9,0,0,0,0,1
2026-04-24,S02,P005,Herbal Shampoo 250ml,0.0,220.0,0.0,0,0.0,0.0,0.0,25.0,4,Personal Care,Haircare,Botanica,220.0,140.0,730,Supermarket,Delhi,15000,4500,31.6,0.3,0,0,0,0,1
2026-04-25,S02,P005,Herbal Shampoo 250ml,29.0,220.0,0.0,0,126.0,126.0,97.0,25.0,4,Personal Care,Haircare,Botanica,220.0,140.0,730,Supermarket,Delhi,15000,4500,29.8,0.8,0,0,1,0,1
2026-04-26,S02,P005,Herbal Shampoo 250ml,26.0,220.0,0.0,0,97.0,0.0,71.0,25.0,4,Personal Care,Haircare,Botanica,220.0,140.0,730,Supermarket,Delhi,15000,4500,31.1,0.2,0,0,1,0,1
2026-04-27,S02,P005,Herbal Shampoo 250ml,17.0,220.0,0.0,0,71.0,0.0,54.0,25.0,4,Personal Care,Haircare,Botanica,220.0,140.0,730,Supermarket,Delhi,15000,4500,25.1,0.4,0,0,0,1,1
2026-04-28,S02,P005,Herbal Shampoo 250ml,16.0,220.0,0.0,0,54.0,0.0,38.0,25.0,4,Personal Care,Haircare,Botanica,220.0,140.0,730,Supermarket,Delhi,15000,4500,27.5,0.3,0,0,0,0,1
2026-04-29,S02,P005,Herbal Shampoo 250ml,17.0,220.0,0.0,0,38.0,0.0,21.0,25.0,4,Personal Care,Haircare,Botanica,220.0,140.0,730,Supermarket,Delhi,15000,4500,27.6,0.6,0,0,0,0,1
2026-04-30,S02,P005,Herbal Shampoo 250ml,20.0,220.0,0.0,0,21.0,0.0,1.0,25.0,4,Personal Care,Haircare,Botanica,220.0,140.0,730,Supermarket,Delhi,15000,4500,31.0,0.1,0,0,0,0,1
2026-05-01,S02,P005,Herbal Shampoo 250ml,1.0,187.0,0.15,1,1.0,0.0,0.0,25.0,4,Personal Care,Haircare,Botanica,220.0,140.0,730,Supermarket,Delhi,15000,4500,27.9,0.1,1,1,0,0,1
2026-05-02,S02,P005,Herbal Shampoo 250ml,0.0,220.0,0.0,0,0.0,0.0,0.0,25.0,4,Personal Care,Haircare,Botanica,220.0,140.0,730,Supermarket,Delhi,15000,4500,30.7,0.3,0,0,1,0,1
2026-05-03,S02,P005,Herbal Shampoo 250ml,29.0,220.0,0.0,0,126.0,126.0,97.0,25.0,4,Personal Care,Haircare,Botanica,220.0,140.0,730,Supermarket,Delhi,15000,4500,26.1,0.7,0,0,1,0,1
2026-05-04,S02,P005,Herbal Shampoo 250ml,18.0,220.0,0.0,0,97.0,0.0,79.0,25.0,4,Personal Care,Haircare,Botanica,220.0,140.0,730,Supermarket,Delhi,15000,4500,31.3,0.5,0,0,0,0,1
2026-05-05,S02,P005,Herbal Shampoo 250ml,18.0,220.0,0.0,0,79.0,0.0,61.0,25.0,4,Personal Care,Haircare,Botanica,220.0,140.0,730,Supermarket,Delhi,15000,4500,29.9,0.9,0,0,0,0,1
2026-05-06,S02,P005,Herbal Shampoo 250ml,21.0,220.0,0.0,0,61.0,0.0,40.0,25.0,4,Personal Care,Haircare,Botanica,220.0,140.0,730,Supermarket,Delhi,15000,4500,29.4,2.1,0,0,0,0,1
2026-05-07,S02,P005,Herbal Shampoo 250ml,17.0,220.0,0.0,1,40.0,0.0,23.0,25.0,4,Personal Care,Haircare,Botanica,220.0,140.0,730,Supermarket,Delhi,15000,4500,28.9,1.4,0,0,0,0,1
2026-05-08,S02,P005,Herbal Shampoo 250ml,15.0,220.0,0.0,0,23.0,0.0,8.0,25.0,4,Personal Care,Haircare,Botanica,220.0,140.0,730,Supermarket,Delhi,15000,4500,29.6,0.7,0,0,0,0,1
2026-05-09,S02,P005,Herbal Shampoo 250ml,8.0,220.0,0.0,0,8.0,0.0,0.0,25.0,4,Personal Care,Haircare,Botanica,220.0,140.0,730,Supermarket,Delhi,15000,4500,26.9,0.1,0,0,1,0,1
2026-05-10,S02,P005,Herbal Shampoo 250ml,0.0,220.0,0.0,0,0.0,0.0,0.0,25.0,4,Personal Care,Haircare,Botanica,220.0,140.0,730,Supermarket,Delhi,15000,4500,32.7,2.7,0,0,1,0,1
2026-05-11,S02,P005,Herbal Shampoo 250ml,15.0,220.0,0.0,0,126.0,126.0,111.0,25.0,4,Personal Care,Haircare,Botanica,220.0,140.0,730,Supermarket,Delhi,15000,4500,25.6,0.6,0,0,0,0,1
2026-05-12,S02,P005,Herbal Shampoo 250ml,18.0,220.0,0.0,0,111.0,0.0,93.0,25.0,4,Personal Care,Haircare,Botanica,220.0,140.0,730,Supermarket,Delhi,15000,4500,27.7,0.1,0,0,0,0,1
2026-05-13,S02,P005,Herbal Shampoo 250ml,14.0,220.0,0.0,0,93.0,0.0,79.0,25.0,4,Personal Care,Haircare,Botanica,220.0,140.0,730,Supermarket,Delhi,15000,4500,28.3,0.0,0,0,0,1,1
2026-05-14,S02,P005,Herbal Shampoo 250ml,18.0,220.0,0.0,0,79.0,0.0,61.0,25.0,4,Personal Care,Haircare,Botanica,220.0,140.0,730,Supermarket,Delhi,15000,4500,29.4,0.5,0,0,0,0,1
2026-05-15,S02,P005,Herbal Shampoo 250ml,19.0,220.0,0.0,0,61.0,0.0,42.0,25.0,4,Personal Care,Haircare,Botanica,220.0,140.0,730,Supermarket,Delhi,15000,4500,26.6,0.1,0,0,0,0,1
2026-05-16,S02,P005,Herbal Shampoo 250ml,27.0,220.0,0.0,0,42.0,0.0,15.0,25.0,4,Personal Care,Haircare,Botanica,220.0,140.0,730,Supermarket,Delhi,15000,4500,29.1,0.5,0,0,1,0,1
2026-05-17,S02,P005,Herbal Shampoo 250ml,15.0,220.0,0.0,0,15.0,0.0,0.0,25.0,4,Personal Care,Haircare,Botanica,220.0,140.0,730,Supermarket,Delhi,15000,4500,29.3,1.6,0,0,1,0,1
2026-05-18,S02,P005,Herbal Shampoo 250ml,0.0,220.0,0.0,0,0.0,0.0,0.0,25.0,4,Personal Care,Haircare,Botanica,220.0,140.0,730,Supermarket,Delhi,15000,4500,23.2,0.2,0,0,0,0,1
2026-05-19,S02,P005,Herbal Shampoo 250ml,0.0,220.0,0.0,0,0.0,0.0,0.0,25.0,4,Personal Care,Haircare,Botanica,220.0,140.0,730,Supermarket,Delhi,15000,4500,25.4,0.3,0,0,0,0,1
2026-05-20,S02,P005,Herbal Shampoo 250ml,18.0,220.0,0.0,0,126.0,126.0,108.0,25.0,4,Personal Care,Haircare,Botanica,220.0,140.0,730,Supermarket,Delhi,15000,4500,30.4,0.5,0,0,0,0,1
2026-05-21,S02,P005,Herbal Shampoo 250ml,19.0,220.0,0.0,0,108.0,0.0,89.0,25.0,4,Personal Care,Haircare,Botanica,220.0,140.0,730,Supermarket,Delhi,15000,4500,26.7,0.7,0,0,0,0,1
2026-05-22,S02,P005,Herbal Shampoo 250ml,19.0,220.0,0.0,0,89.0,0.0,70.0,25.0,4,Personal Care,Haircare,Botanica,220.0,140.0,730,Supermarket,Delhi,15000,4500,25.9,0.3,0,0,0,0,1
2026-05-23,S02,P005,Herbal Shampoo 250ml,32.0,220.0,0.0,0,70.0,0.0,38.0,25.0,4,Personal Care,Haircare,Botanica,220.0,140.0,730,Supermarket,Delhi,15000,4500,27.2,0.5,0,0,1,0,1
2026-05-24,S02,P005,Herbal Shampoo 250ml,34.0,176.0,0.2,1,38.0,0.0,4.0,25.0,4,Personal Care,Haircare,Botanica,220.0,140.0,730,Supermarket,Delhi,15000,4500,29.1,0.3,0,0,1,0,1
2026-05-25,S02,P005,Herbal Shampoo 250ml,4.0,220.0,0.0,0,4.0,0.0,0.0,25.0,4,Personal Care,Haircare,Botanica,220.0,140.0,730,Supermarket,Delhi,15000,4500,26.2,0.2,0,0,0,0,1
2026-05-26,S02,P005,Herbal Shampoo 250ml,0.0,220.0,0.0,0,0.0,0.0,0.0,25.0,4,Personal Care,Haircare,Botanica,220.0,140.0,730,Supermarket,Delhi,15000,4500,24.0,0.0,0,0,0,0,1
2026-05-27,S02,P005,Herbal Shampoo 250ml,0.0,220.0,0.0,0,0.0,0.0,0.0,25.0,4,Personal Care,Haircare,Botanica,220.0,140.0,730,Supermarket,Delhi,15000,4500,27.9,0.4,0,0,0,0,1
2026-05-28,S02,P005,Herbal Shampoo 250ml,18.0,220.0,0.0,0,126.0,126.0,108.0,25.0,4,Personal Care,Haircare,Botanica,220.0,140.0,730,Supermarket,Delhi,15000,4500,21.1,0.8,0,0,0,0,1
2026-05-29,S02,P005,Herbal Shampoo 250ml,21.0,220.0,0.0,0,108.0,0.0,87.0,25.0,4,Personal Care,Haircare,Botanica,220.0,140.0,730,Supermarket,Delhi,15000,4500,26.9,1.7,0,0,0,0,1
2026-05-30,S02,P005,Herbal Shampoo 250ml,22.0,220.0,0.0,0,87.0,0.0,65.0,25.0,4,Personal Care,Haircare,Botanica,220.0,140.0,730,Supermarket,Delhi,15000,4500,23.4,0.1,0,0,1,0,1
2026-05-31,S02,P005,Herbal Shampoo 250ml,27.0,220.0,0.0,0,65.0,0.0,38.0,25.0,4,Personal Care,Haircare,Botanica,220.0,140.0,730,Supermarket,Delhi,15000,4500,27.4,0.8,0,0,1,0,1
2026-06-01,S02,P005,Herbal Shampoo 250ml,17.0,220.0,0.0,0,38.0,0.0,21.0,25.0,4,Personal Care,Haircare,Botanica,220.0,140.0,730,Supermarket,Delhi,15000,4500,27.0,6.8,0,0,0,0,1
2026-06-02,S02,P005,Herbal Shampoo 250ml,18.0,220.0,0.0,0,21.0,0.0,3.0,25.0,4,Personal Care,Haircare,Botanica,220.0,140.0,730,Supermarket,Delhi,15000,4500,27.3,2.1,0,0,0,0,1
2026-06-03,S02,P005,Herbal Shampoo 250ml,3.0,176.0,0.2,1,3.0,0.0,0.0,25.0,4,Personal Care,Haircare,Botanica,220.0,140.0,730,Supermarket,Delhi,15000,4500,28.0,2.3,0,0,0,0,1
2026-06-04,S02,P005,Herbal Shampoo 250ml,0.0,220.0,0.0,1,0.0,0.0,0.0,25.0,4,Personal Care,Haircare,Botanica,220.0,140.0,730,Supermarket,Delhi,15000,4500,23.6,13.9,0,0,0,0,1
2026-06-05,S02,P005,Herbal Shampoo 250ml,19.0,220.0,0.0,1,126.0,126.0,107.0,25.0,4,Personal Care,Haircare,Botanica,220.0,140.0,730,Supermarket,Delhi,15000,4500,25.0,3.9,0,0,0,0,1
2026-06-06,S02,P005,Herbal Shampoo 250ml,25.0,220.0,0.0,0,107.0,0.0,82.0,25.0,4,Personal Care,Haircare,Botanica,220.0,140.0,730,Supermarket,Delhi,15000,4500,23.6,2.9,0,0,1,0,1
2026-06-07,S02,P005,Herbal Shampoo 250ml,23.0,220.0,0.0,0,82.0,0.0,59.0,25.0,4,Personal Care,Haircare,Botanica,220.0,140.0,730,Supermarket,Delhi,15000,4500,24.8,0.0,0,0,1,0,1
2026-06-08,S02,P005,Herbal Shampoo 250ml,17.0,220.0,0.0,0,59.0,0.0,42.0,25.0,4,Personal Care,Haircare,Botanica,220.0,140.0,730,Supermarket,Delhi,15000,4500,29.2,10.4,0,0,0,0,1
2026-06-09,S02,P005,Herbal Shampoo 250ml,20.0,220.0,0.0,0,42.0,0.0,22.0,25.0,4,Personal Care,Haircare,Botanica,220.0,140.0,730,Supermarket,Delhi,15000,4500,22.5,1.5,0,0,0,0,1
2026-06-10,S02,P005,Herbal Shampoo 250ml,19.0,220.0,0.0,0,22.0,0.0,3.0,25.0,4,Personal Care,Haircare,Botanica,220.0,140.0,730,Supermarket,Delhi,15000,4500,19.2,3.6,0,0,0,0,1
2026-06-11,S02,P005,Herbal Shampoo 250ml,3.0,220.0,0.0,0,3.0,0.0,0.0,25.0,4,Personal Care,Haircare,Botanica,220.0,140.0,730,Supermarket,Delhi,15000,4500,23.4,2.1,0,0,0,0,1
2026-06-12,S02,P005,Herbal Shampoo 250ml,0.0,220.0,0.0,0,0.0,0.0,0.0,25.0,4,Personal Care,Haircare,Botanica,220.0,140.0,730,Supermarket,Delhi,15000,4500,22.3,4.4,0,0,0,0,1
2026-06-13,S02,P005,Herbal Shampoo 250ml,33.0,220.0,0.0,0,126.0,126.0,93.0,25.0,4,Personal Care,Haircare,Botanica,220.0,140.0,730,Supermarket,Delhi,15000,4500,23.5,4.2,0,0,1,0,1
2026-06-14,S02,P005,Herbal Shampoo 250ml,25.0,220.0,0.0,0,93.0,0.0,68.0,25.0,4,Personal Care,Haircare,Botanica,220.0,140.0,730,Supermarket,Delhi,15000,4500,23.2,0.3,0,0,1,0,1
2026-06-15,S02,P005,Herbal Shampoo 250ml,26.0,220.0,0.0,0,68.0,0.0,42.0,25.0,4,Personal Care,Haircare,Botanica,220.0,140.0,730,Supermarket,Delhi,15000,4500,24.1,1.0,0,1,0,0,1
2026-06-16,S02,P005,Herbal Shampoo 250ml,19.0,220.0,0.0,0,42.0,0.0,23.0,25.0,4,Personal Care,Haircare,Botanica,220.0,140.0,730,Supermarket,Delhi,15000,4500,24.4,2.2,0,0,0,0,1
2026-06-17,S02,P005,Herbal Shampoo 250ml,23.0,198.0,0.1,1,23.0,0.0,0.0,25.0,4,Personal Care,Haircare,Botanica,220.0,140.0,730,Supermarket,Delhi,15000,4500,20.2,1.7,0,0,0,0,1
2026-06-18,S02,P005,Herbal Shampoo 250ml,0.0,220.0,0.0,0,0.0,0.0,0.0,25.0,4,Personal Care,Haircare,Botanica,220.0,140.0,730,Supermarket,Delhi,15000,4500,25.0,3.3,0,0,0,0,1
2026-06-19,S02,P005,Herbal Shampoo 250ml,0.0,220.0,0.0,0,0.0,0.0,0.0,25.0,4,Personal Care,Haircare,Botanica,220.0,140.0,730,Supermarket,Delhi,15000,4500,24.6,2.9,0,0,0,0,1
2026-06-20,S02,P005,Herbal Shampoo 250ml,26.0,220.0,0.0,0,126.0,126.0,100.0,25.0,4,Personal Care,Haircare,Botanica,220.0,140.0,730,Supermarket,Delhi,15000,4500,22.1,12.3,0,0,1,0,1
2026-06-21,S02,P005,Herbal Shampoo 250ml,24.0,220.0,0.0,1,100.0,0.0,76.0,25.0,4,Personal Care,Haircare,Botanica,220.0,140.0,730,Supermarket,Delhi,15000,4500,24.3,2.3,0,0,1,0,1
2026-06-22,S02,P005,Herbal Shampoo 250ml,18.0,220.0,0.0,0,76.0,0.0,58.0,25.0,4,Personal Care,Haircare,Botanica,220.0,140.0,730,Supermarket,Delhi,15000,4500,23.9,2.0,0,0,0,0,1
2026-06-23,S02,P005,Herbal Shampoo 250ml,23.0,176.0,0.2,1,58.0,0.0,35.0,25.0,4,Personal Care,Haircare,Botanica,220.0,140.0,730,Supermarket,Delhi,15000,4500,22.6,1.0,0,0,0,1,1
2026-06-24,S02,P005,Herbal Shampoo 250ml,20.0,220.0,0.0,0,35.0,0.0,15.0,25.0,4,Personal Care,Haircare,Botanica,220.0,140.0,730,Supermarket,Delhi,15000,4500,20.9,4.3,0,0,0,0,1
2026-06-25,S02,P005,Herbal Shampoo 250ml,15.0,220.0,0.0,0,15.0,0.0,0.0,25.0,4,Personal Care,Haircare,Botanica,220.0,140.0,730,Supermarket,Delhi,15000,4500,23.8,4.8,0,0,0,0,1
2026-06-26,S02,P005,Herbal Shampoo 250ml,0.0,220.0,0.0,0,0.0,0.0,0.0,25.0,4,Personal Care,Haircare,Botanica,220.0,140.0,730,Supermarket,Delhi,15000,4500,21.4,7.3,0,0,0,0,1
2026-06-27,S02,P005,Herbal Shampoo 250ml,0.0,220.0,0.0,1,0.0,0.0,0.0,25.0,4,Personal Care,Haircare,Botanica,220.0,140.0,730,Supermarket,Delhi,15000,4500,24.4,3.2,0,0,1,0,1
2026-06-28,S02,P005,Herbal Shampoo 250ml,28.0,220.0,0.0,0,126.0,126.0,98.0,25.0,4,Personal Care,Haircare,Botanica,220.0,140.0,730,Supermarket,Delhi,15000,4500,22.1,11.7,0,0,1,1,1
2026-06-29,S02,P005,Herbal Shampoo 250ml,15.0,220.0,0.0,0,98.0,0.0,83.0,25.0,4,Personal Care,Haircare,Botanica,220.0,140.0,730,Supermarket,Delhi,15000,4500,16.9,7.5,0,0,0,0,1
2026-01-01,S03,P001,Fresh Organic Milk 1L,105.0,60.0,0.0,0,150.0,0.0,45.0,50.0,2,Dairy,Milk,NutriDairy,60.0,45.0,4,Hypermarket,Bengaluru,45000,9000,19.2,0.1,1,0,0,0,1
2026-01-02,S03,P001,Fresh Organic Milk 1L,45.0,60.0,0.0,0,45.0,0.0,0.0,50.0,2,Dairy,Milk,NutriDairy,60.0,45.0,4,Hypermarket,Bengaluru,45000,9000,22.3,1.1,0,0,0,0,1
2026-01-03,S03,P001,Fresh Organic Milk 1L,151.0,60.0,0.0,0,700.0,700.0,549.0,50.0,2,Dairy,Milk,NutriDairy,60.0,45.0,4,Hypermarket,Bengaluru,45000,9000,19.6,2.0,0,0,1,0,1
2026-01-04,S03,P001,Fresh Organic Milk 1L,134.0,60.0,0.0,0,549.0,0.0,415.0,50.0,2,Dairy,Milk,NutriDairy,60.0,45.0,4,Hypermarket,Bengaluru,45000,9000,21.2,1.9,0,0,1,0,1
2026-01-05,S03,P001,Fresh Organic Milk 1L,126.0,60.0,0.0,0,415.0,0.0,289.0,50.0,2,Dairy,Milk,NutriDairy,60.0,45.0,4,Hypermarket,Bengaluru,45000,9000,22.6,0.0,0,0,0,0,1
2026-01-06,S03,P001,Fresh Organic Milk 1L,94.0,60.0,0.0,0,289.0,0.0,195.0,50.0,2,Dairy,Milk,NutriDairy,60.0,45.0,4,Hypermarket,Bengaluru,45000,9000,25.8,0.1,0,0,0,0,1
2026-01-07,S03,P001,Fresh Organic Milk 1L,95.0,60.0,0.0,0,195.0,0.0,100.0,50.0,2,Dairy,Milk,NutriDairy,60.0,45.0,4,Hypermarket,Bengaluru,45000,9000,25.0,0.9,0,0,0,0,1
2026-01-08,S03,P001,Fresh Organic Milk 1L,100.0,60.0,0.0,0,100.0,0.0,0.0,50.0,2,Dairy,Milk,NutriDairy,60.0,45.0,4,Hypermarket,Bengaluru,45000,9000,21.2,0.1,0,0,0,0,1
2026-01-09,S03,P001,Fresh Organic Milk 1L,0.0,60.0,0.0,0,0.0,0.0,0.0,50.0,2,Dairy,Milk,NutriDairy,60.0,45.0,4,Hypermarket,Bengaluru,45000,9000,21.3,0.2,0,0,0,0,1
2026-01-10,S03,P001,Fresh Organic Milk 1L,123.0,60.0,0.0,0,700.0,700.0,577.0,50.0,2,Dairy,Milk,NutriDairy,60.0,45.0,4,Hypermarket,Bengaluru,45000,9000,22.3,0.0,0,0,1,0,1
2026-01-11,S03,P001,Fresh Organic Milk 1L,121.0,60.0,0.0,0,577.0,0.0,456.0,50.0,2,Dairy,Milk,NutriDairy,60.0,45.0,4,Hypermarket,Bengaluru,45000,9000,24.0,0.0,0,0,1,0,1
2026-01-12,S03,P001,Fresh Organic Milk 1L,96.0,60.0,0.0,1,456.0,0.0,360.0,50.0,2,Dairy,Milk,NutriDairy,60.0,45.0,4,Hypermarket,Bengaluru,45000,9000,24.6,0.6,0,0,0,1,1
2026-01-13,S03,P001,Fresh Organic Milk 1L,157.0,51.0,0.15,1,360.0,0.0,203.0,50.0,2,Dairy,Milk,NutriDairy,60.0,45.0,4,Hypermarket,Bengaluru,45000,9000,22.0,0.1,0,0,0,0,1
2026-01-14,S03,P001,Fresh Organic Milk 1L,90.0,60.0,0.0,0,203.0,0.0,113.0,50.0,2,Dairy,Milk,NutriDairy,60.0,45.0,4,Hypermarket,Bengaluru,45000,9000,24.6,0.4,0,0,0,0,1
2026-01-15,S03,P001,Fresh Organic Milk 1L,99.0,60.0,0.0,0,113.0,0.0,14.0,50.0,2,Dairy,Milk,NutriDairy,60.0,45.0,4,Hypermarket,Bengaluru,45000,9000,25.6,0.3,0,0,0,1,1
2026-01-16,S03,P001,Fresh Organic Milk 1L,14.0,60.0,0.0,0,14.0,0.0,0.0,50.0,2,Dairy,Milk,NutriDairy,60.0,45.0,4,Hypermarket,Bengaluru,45000,9000,24.4,1.0,0,0,0,0,1
2026-01-17,S03,P001,Fresh Organic Milk 1L,120.0,60.0,0.0,0,700.0,700.0,580.0,50.0,2,Dairy,Milk,NutriDairy,60.0,45.0,4,Hypermarket,Bengaluru,45000,9000,22.7,0.0,0,0,1,0,1
2026-01-18,S03,P001,Fresh Organic Milk 1L,123.0,60.0,0.0,0,580.0,0.0,457.0,50.0,2,Dairy,Milk,NutriDairy,60.0,45.0,4,Hypermarket,Bengaluru,45000,9000,23.0,1.2,0,0,1,0,1
2026-01-19,S03,P001,Fresh Organic Milk 1L,128.0,60.0,0.0,0,457.0,0.0,329.0,50.0,2,Dairy,Milk,NutriDairy,60.0,45.0,4,Hypermarket,Bengaluru,45000,9000,23.5,0.2,0,0,0,0,1
2026-01-20,S03,P001,Fresh Organic Milk 1L,89.0,60.0,0.0,0,329.0,0.0,240.0,50.0,2,Dairy,Milk,NutriDairy,60.0,45.0,4,Hypermarket,Bengaluru,45000,9000,21.1,0.3,0,0,0,0,1
2026-01-21,S03,P001,Fresh Organic Milk 1L,86.0,60.0,0.0,0,240.0,0.0,154.0,50.0,2,Dairy,Milk,NutriDairy,60.0,45.0,4,Hypermarket,Bengaluru,45000,9000,24.9,0.1,0,0,0,0,1
2026-01-22,S03,P001,Fresh Organic Milk 1L,118.0,60.0,0.0,0,154.0,0.0,36.0,50.0,2,Dairy,Milk,NutriDairy,60.0,45.0,4,Hypermarket,Bengaluru,45000,9000,24.1,0.5,0,0,0,0,1
2026-01-23,S03,P001,Fresh Organic Milk 1L,36.0,60.0,0.0,0,36.0,0.0,0.0,50.0,2,Dairy,Milk,NutriDairy,60.0,45.0,4,Hypermarket,Bengaluru,45000,9000,20.4,0.2,0,0,0,0,1
2026-01-24,S03,P001,Fresh Organic Milk 1L,132.0,60.0,0.0,0,700.0,700.0,568.0,50.0,2,Dairy,Milk,NutriDairy,60.0,45.0,4,Hypermarket,Bengaluru,45000,9000,24.8,0.5,0,0,1,0,1
2026-01-25,S03,P001,Fresh Organic Milk 1L,141.0,60.0,0.0,0,568.0,0.0,427.0,50.0,2,Dairy,Milk,NutriDairy,60.0,45.0,4,Hypermarket,Bengaluru,45000,9000,24.8,1.3,0,0,1,1,1
2026-01-26,S03,P001,Fresh Organic Milk 1L,146.0,60.0,0.0,0,427.0,0.0,281.0,50.0,2,Dairy,Milk,NutriDairy,60.0,45.0,4,Hypermarket,Bengaluru,45000,9000,24.2,0.4,1,1,0,0,1
2026-01-27,S03,P001,Fresh Organic Milk 1L,94.0,60.0,0.0,0,281.0,0.0,187.0,50.0,2,Dairy,Milk,NutriDairy,60.0,45.0,4,Hypermarket,Bengaluru,45000,9000,23.8,0.1,0,0,0,0,1
2026-01-28,S03,P001,Fresh Organic Milk 1L,97.0,60.0,0.0,0,187.0,0.0,90.0,50.0,2,Dairy,Milk,NutriDairy,60.0,45.0,4,Hypermarket,Bengaluru,45000,9000,25.9,1.9,0,0,0,0,1
2026-01-29,S03,P001,Fresh Organic Milk 1L,90.0,60.0,0.0,0,90.0,0.0,0.0,50.0,2,Dairy,Milk,NutriDairy,60.0,45.0,4,Hypermarket,Bengaluru,45000,9000,27.6,0.8,0,0,0,0,1
2026-01-30,S03,P001,Fresh Organic Milk 1L,0.0,60.0,0.0,0,0.0,0.0,0.0,50.0,2,Dairy,Milk,NutriDairy,60.0,45.0,4,Hypermarket,Bengaluru,45000,9000,24.2,0.6,0,0,0,0,1
2026-01-31,S03,P001,Fresh Organic Milk 1L,141.0,60.0,0.0,0,700.0,700.0,559.0,50.0,2,Dairy,Milk,NutriDairy,60.0,45.0,4,Hypermarket,Bengaluru,45000,9000,29.7,0.8,0,0,1,0,1
2026-02-01,S03,P001,Fresh Organic Milk 1L,137.0,60.0,0.0,0,559.0,0.0,422.0,50.0,2,Dairy,Milk,NutriDairy,60.0,45.0,4,Hypermarket,Bengaluru,45000,9000,22.0,1.0,0,0,1,0,1
2026-02-02,S03,P001,Fresh Organic Milk 1L,105.0,60.0,0.0,0,422.0,0.0,317.0,50.0,2,Dairy,Milk,NutriDairy,60.0,45.0,4,Hypermarket,Bengaluru,45000,9000,29.2,0.2,0,0,0,0,1
2026-02-03,S03,P001,Fresh Organic Milk 1L,103.0,60.0,0.0,0,317.0,0.0,214.0,50.0,2,Dairy,Milk,NutriDairy,60.0,45.0,4,Hypermarket,Bengaluru,45000,9000,23.5,0.3,0,0,0,0,1
2026-02-04,S03,P001,Fresh Organic Milk 1L,98.0,60.0,0.0,0,214.0,0.0,116.0,50.0,2,Dairy,Milk,NutriDairy,60.0,45.0,4,Hypermarket,Bengaluru,45000,9000,27.9,0.0,0,0,0,0,1
2026-02-05,S03,P001,Fresh Organic Milk 1L,114.0,60.0,0.0,0,116.0,0.0,2.0,50.0,2,Dairy,Milk,NutriDairy,60.0,45.0,4,Hypermarket,Bengaluru,45000,9000,29.0,0.6,0,0,0,0,1
2026-02-06,S03,P001,Fresh Organic Milk 1L,2.0,60.0,0.0,0,2.0,0.0,0.0,50.0,2,Dairy,Milk,NutriDairy,60.0,45.0,4,Hypermarket,Bengaluru,45000,9000,26.7,0.3,0,0,0,0,1
2026-02-07,S03,P001,Fresh Organic Milk 1L,131.0,51.0,0.15,1,700.0,700.0,569.0,50.0,2,Dairy,Milk,NutriDairy,60.0,45.0,4,Hypermarket,Bengaluru,45000,9000,24.6,1.9,0,0,1,0,1
2026-02-08,S03,P001,Fresh Organic Milk 1L,137.0,60.0,0.0,0,569.0,0.0,432.0,50.0,2,Dairy,Milk,NutriDairy,60.0,45.0,4,Hypermarket,Bengaluru,45000,9000,25.8,0.5,0,0,1,1,1
2026-02-09,S03,P001,Fresh Organic Milk 1L,101.0,60.0,0.0,0,432.0,0.0,331.0,50.0,2,Dairy,Milk,NutriDairy,60.0,45.0,4,Hypermarket,Bengaluru,45000,9000,27.1,0.7,0,0,0,0,1
2026-02-10,S03,P001,Fresh Organic Milk 1L,106.0,60.0,0.0,0,331.0,0.0,225.0,50.0,2,Dairy,Milk,NutriDairy,60.0,45.0,4,Hypermarket,Bengaluru,45000,9000,25.6,1.6,0,0,0,0,1
2026-02-11,S03,P001,Fresh Organic Milk 1L,104.0,60.0,0.0,0,225.0,0.0,121.0,50.0,2,Dairy,Milk,NutriDairy,60.0,45.0,4,Hypermarket,Bengaluru,45000,9000,28.9,0.4,0,0,0,0,1
2026-02-12,S03,P001,Fresh Organic Milk 1L,118.0,60.0,0.0,0,121.0,0.0,3.0,50.0,2,Dairy,Milk,NutriDairy,60.0,45.0,4,Hypermarket,Bengaluru,45000,9000,27.9,0.1,0,0,0,0,1
2026-02-13,S03,P001,Fresh Organic Milk 1L,3.0,60.0,0.0,1,3.0,0.0,0.0,50.0,2,Dairy,Milk,NutriDairy,60.0,45.0,4,Hypermarket,Bengaluru,45000,9000,26.3,0.2,0,0,0,0,1
2026-02-14,S03,P001,Fresh Organic Milk 1L,140.0,60.0,0.0,0,700.0,700.0,560.0,50.0,2,Dairy,Milk,NutriDairy,60.0,45.0,4,Hypermarket,Bengaluru,45000,9000,27.2,1.2,0,0,1,0,1
2026-02-15,S03,P001,Fresh Organic Milk 1L,132.0,60.0,0.0,0,560.0,0.0,428.0,50.0,2,Dairy,Milk,NutriDairy,60.0,45.0,4,Hypermarket,Bengaluru,45000,9000,27.9,0.4,0,0,1,0,1
2026-02-16,S03,P001,Fresh Organic Milk 1L,107.0,60.0,0.0,0,428.0,0.0,321.0,50.0,2,Dairy,Milk,NutriDairy,60.0,45.0,4,Hypermarket,Bengaluru,45000,9000,26.0,0.4,0,0,0,0,1
2026-02-17,S03,P001,Fresh Organic Milk 1L,82.0,60.0,0.0,0,321.0,0.0,239.0,50.0,2,Dairy,Milk,NutriDairy,60.0,45.0,4,Hypermarket,Bengaluru,45000,9000,26.9,0.1,0,0,0,0,1
2026-02-18,S03,P001,Fresh Organic Milk 1L,120.0,60.0,0.0,0,239.0,0.0,119.0,50.0,2,Dairy,Milk,NutriDairy,60.0,45.0,4,Hypermarket,Bengaluru,45000,9000,29.2,0.0,0,0,0,0,1
2026-02-19,S03,P001,Fresh Organic Milk 1L,109.0,60.0,0.0,0,119.0,0.0,10.0,50.0,2,Dairy,Milk,NutriDairy,60.0,45.0,4,Hypermarket,Bengaluru,45000,9000,26.7,0.3,0,0,0,0,1
2026-02-20,S03,P001,Fresh Organic Milk 1L,10.0,60.0,0.0,0,10.0,0.0,0.0,50.0,2,Dairy,Milk,NutriDairy,60.0,45.0,4,Hypermarket,Bengaluru,45000,9000,28.5,0.1,0,0,0,0,1
2026-02-21,S03,P001,Fresh Organic Milk 1L,90.0,60.0,0.0,0,700.0,700.0,610.0,50.0,2,Dairy,Milk,NutriDairy,60.0,45.0,4,Hypermarket,Bengaluru,45000,9000,27.2,1.3,0,0,1,0,1
2026-02-22,S03,P001,Fresh Organic Milk 1L,147.0,60.0,0.0,0,610.0,0.0,463.0,50.0,2,Dairy,Milk,NutriDairy,60.0,45.0,4,Hypermarket,Bengaluru,45000,9000,31.8,0.1,0,0,1,0,1
2026-02-23,S03,P001,Fresh Organic Milk 1L,97.0,60.0,0.0,0,463.0,0.0,366.0,50.0,2,Dairy,Milk,NutriDairy,60.0,45.0,4,Hypermarket,Bengaluru,45000,9000,26.8,0.5,0,0,0,0,1
2026-02-24,S03,P001,Fresh Organic Milk 1L,113.0,60.0,0.0,0,366.0,0.0,253.0,50.0,2,Dairy,Milk,NutriDairy,60.0,45.0,4,Hypermarket,Bengaluru,45000,9000,27.6,0.5,0,0,0,0,1
2026-02-25,S03,P001,Fresh Organic Milk 1L,111.0,60.0,0.0,0,253.0,0.0,142.0,50.0,2,Dairy,Milk,NutriDairy,60.0,45.0,4,Hypermarket,Bengaluru,45000,9000,28.6,0.3,0,0,0,0,1
2026-02-26,S03,P001,Fresh Organic Milk 1L,84.0,60.0,0.0,0,142.0,0.0,58.0,50.0,2,Dairy,Milk,NutriDairy,60.0,45.0,4,Hypermarket,Bengaluru,45000,9000,28.8,0.8,0,0,0,0,1
2026-02-27,S03,P001,Fresh Organic Milk 1L,58.0,60.0,0.0,0,58.0,0.0,0.0,50.0,2,Dairy,Milk,NutriDairy,60.0,45.0,4,Hypermarket,Bengaluru,45000,9000,26.7,1.0,0,0,0,0,1
2026-02-28,S03,P001,Fresh Organic Milk 1L,0.0,60.0,0.0,0,0.0,0.0,0.0,50.0,2,Dairy,Milk,NutriDairy,60.0,45.0,4,Hypermarket,Bengaluru,45000,9000,29.0,0.5,0,0,1,0,1
2026-03-01,S03,P001,Fresh Organic Milk 1L,162.0,60.0,0.0,0,700.0,700.0,538.0,50.0,2,Dairy,Milk,NutriDairy,60.0,45.0,4,Hypermarket,Bengaluru,45000,9000,28.9,0.5,0,0,1,0,1
2026-03-02,S03,P001,Fresh Organic Milk 1L,90.0,60.0,0.0,0,538.0,0.0,448.0,50.0,2,Dairy,Milk,NutriDairy,60.0,45.0,4,Hypermarket,Bengaluru,45000,9000,27.9,0.1,0,0,0,0,1
2026-03-03,S03,P001,Fresh Organic Milk 1L,91.0,60.0,0.0,0,448.0,0.0,357.0,50.0,2,Dairy,Milk,NutriDairy,60.0,45.0,4,Hypermarket,Bengaluru,45000,9000,28.1,0.4,0,0,0,0,1
2026-03-04,S03,P001,Fresh Organic Milk 1L,108.0,60.0,0.0,0,357.0,0.0,249.0,50.0,2,Dairy,Milk,NutriDairy,60.0,45.0,4,Hypermarket,Bengaluru,45000,9000,30.3,0.1,0,0,0,0,1
2026-03-05,S03,P001,Fresh Organic Milk 1L,111.0,60.0,0.0,0,249.0,0.0,138.0,50.0,2,Dairy,Milk,NutriDairy,60.0,45.0,4,Hypermarket,Bengaluru,45000,9000,30.2,0.0,0,0,0,0,1
2026-03-06,S03,P001,Fresh Organic Milk 1L,84.0,60.0,0.0,0,138.0,0.0,54.0,50.0,2,Dairy,Milk,NutriDairy,60.0,45.0,4,Hypermarket,Bengaluru,45000,9000,28.8,0.5,0,0,0,0,1
2026-03-07,S03,P001,Fresh Organic Milk 1L,54.0,60.0,0.0,1,54.0,0.0,0.0,50.0,2,Dairy,Milk,NutriDairy,60.0,45.0,4,Hypermarket,Bengaluru,45000,9000,28.3,0.9,0,0,1,0,1
2026-03-08,S03,P001,Fresh Organic Milk 1L,0.0,60.0,0.0,0,0.0,0.0,0.0,50.0,2,Dairy,Milk,NutriDairy,60.0,45.0,4,Hypermarket,Bengaluru,45000,9000,31.8,0.2,0,1,1,0,1
2026-03-09,S03,P001,Fresh Organic Milk 1L,114.0,60.0,0.0,0,700.0,700.0,586.0,50.0,2,Dairy,Milk,NutriDairy,60.0,45.0,4,Hypermarket,Bengaluru,45000,9000,26.4,0.1,0,0,0,0,1
2026-03-10,S03,P001,Fresh Organic Milk 1L,138.0,48.0,0.2,1,586.0,0.0,448.0,50.0,2,Dairy,Milk,NutriDairy,60.0,45.0,4,Hypermarket,Bengaluru,45000,9000,30.5,0.0,0,0,0,0,1
2026-03-11,S03,P001,Fresh Organic Milk 1L,116.0,60.0,0.0,0,448.0,0.0,332.0,50.0,2,Dairy,Milk,NutriDairy,60.0,45.0,4,Hypermarket,Bengaluru,45000,9000,29.1,0.1,0,0,0,0,1
2026-03-12,S03,P001,Fresh Organic Milk 1L,141.0,60.0,0.0,0,332.0,0.0,191.0,50.0,2,Dairy,Milk,NutriDairy,60.0,45.0,4,Hypermarket,Bengaluru,45000,9000,31.0,0.4,0,0,0,1,1
2026-03-13,S03,P001,Fresh Organic Milk 1L,87.0,60.0,0.0,0,191.0,0.0,104.0,50.0,2,Dairy,Milk,NutriDairy,60.0,45.0,4,Hypermarket,Bengaluru,45000,9000,28.7,0.3,0,0,0,0,1
2026-03-14,S03,P001,Fresh Organic Milk 1L,104.0,60.0,0.0,0,104.0,0.0,0.0,50.0,2,Dairy,Milk,NutriDairy,60.0,45.0,4,Hypermarket,Bengaluru,45000,9000,34.8,1.0,0,0,1,0,1
2026-03-15,S03,P001,Fresh Organic Milk 1L,0.0,51.0,0.15,1,0.0,0.0,0.0,50.0,2,Dairy,Milk,NutriDairy,60.0,45.0,4,Hypermarket,Bengaluru,45000,9000,28.6,0.2,0,0,1,0,1
2026-03-16,S03,P001,Fresh Organic Milk 1L,110.0,60.0,0.0,0,700.0,700.0,590.0,50.0,2,Dairy,Milk,NutriDairy,60.0,45.0,4,Hypermarket,Bengaluru,45000,9000,31.5,0.1,0,0,0,0,1
2026-03-17,S03,P001,Fresh Organic Milk 1L,103.0,60.0,0.0,0,590.0,0.0,487.0,50.0,2,Dairy,Milk,NutriDairy,60.0,45.0,4,Hypermarket,Bengaluru,45000,9000,28.0,0.9,0,0,0,0,1
2026-03-18,S03,P001,Fresh Organic Milk 1L,116.0,60.0,0.0,0,487.0,0.0,371.0,50.0,2,Dairy,Milk,NutriDairy,60.0,45.0,4,Hypermarket,Bengaluru,45000,9000,30.6,0.6,0,0,0,0,1
2026-03-19,S03,P001,Fresh Organic Milk 1L,120.0,60.0,0.0,0,371.0,0.0,251.0,50.0,2,Dairy,Milk,NutriDairy,60.0,45.0,4,Hypermarket,Bengaluru,45000,9000,29.3,0.5,0,0,0,0,1
2026-03-20,S03,P001,Fresh Organic Milk 1L,91.0,60.0,0.0,0,251.0,0.0,160.0,50.0,2,Dairy,Milk,NutriDairy,60.0,45.0,4,Hypermarket,Bengaluru,45000,9000,29.9,0.0,0,0,0,0,1
2026-03-21,S03,P001,Fresh Organic Milk 1L,149.0,60.0,0.0,0,160.0,0.0,11.0,50.0,2,Dairy,Milk,NutriDairy,60.0,45.0,4,Hypermarket,Bengaluru,45000,9000,30.5,0.0,0,0,1,0,1
2026-03-22,S03,P001,Fresh Organic Milk 1L,11.0,60.0,0.0,0,11.0,0.0,0.0,50.0,2,Dairy,Milk,NutriDairy,60.0,45.0,4,Hypermarket,Bengaluru,45000,9000,30.9,0.8,0,0,1,0,1
2026-03-23,S03,P001,Fresh Organic Milk 1L,102.0,60.0,0.0,0,700.0,700.0,598.0,50.0,2,Dairy,Milk,NutriDairy,60.0,45.0,4,Hypermarket,Bengaluru,45000,9000,32.1,0.1,0,0,0,0,1
2026-03-24,S03,P001,Fresh Organic Milk 1L,98.0,60.0,0.0,0,598.0,0.0,500.0,50.0,2,Dairy,Milk,NutriDairy,60.0,45.0,4,Hypermarket,Bengaluru,45000,9000,30.2,1.0,0,0,0,0,1
2026-03-25,S03,P001,Fresh Organic Milk 1L,164.0,60.0,0.0,0,500.0,0.0,336.0,50.0,2,Dairy,Milk,NutriDairy,60.0,45.0,4,Hypermarket,Bengaluru,45000,9000,32.2,0.3,0,1,0,0,1
2026-03-26,S03,P001,Fresh Organic Milk 1L,106.0,60.0,0.0,0,336.0,0.0,230.0,50.0,2,Dairy,Milk,NutriDairy,60.0,45.0,4,Hypermarket,Bengaluru,45000,9000,30.2,0.9,0,0,0,0,1
2026-03-27,S03,P001,Fresh Organic Milk 1L,89.0,60.0,0.0,0,230.0,0.0,141.0,50.0,2,Dairy,Milk,NutriDairy,60.0,45.0,4,Hypermarket,Bengaluru,45000,9000,28.9,0.2,0,0,0,0,1
2026-03-28,S03,P001,Fresh Organic Milk 1L,135.0,60.0,0.0,0,141.0,0.0,6.0,50.0,2,Dairy,Milk,NutriDairy,60.0,45.0,4,Hypermarket,Bengaluru,45000,9000,27.0,0.2,0,0,1,0,1
2026-03-29,S03,P001,Fresh Organic Milk 1L,6.0,60.0,0.0,0,6.0,0.0,0.0,50.0,2,Dairy,Milk,NutriDairy,60.0,45.0,4,Hypermarket,Bengaluru,45000,9000,30.7,0.0,0,0,1,0,1
2026-03-30,S03,P001,Fresh Organic Milk 1L,122.0,51.0,0.15,1,700.0,700.0,578.0,50.0,2,Dairy,Milk,NutriDairy,60.0,45.0,4,Hypermarket,Bengaluru,45000,9000,30.1,0.2,0,0,0,0,1
2026-03-31,S03,P001,Fresh Organic Milk 1L,106.0,60.0,0.0,0,578.0,0.0,472.0,50.0,2,Dairy,Milk,NutriDairy,60.0,45.0,4,Hypermarket,Bengaluru,45000,9000,31.6,0.3,0,0,0,0,1
2026-04-01,S03,P001,Fresh Organic Milk 1L,105.0,60.0,0.0,0,472.0,0.0,367.0,50.0,2,Dairy,Milk,NutriDairy,60.0,45.0,4,Hypermarket,Bengaluru,45000,9000,32.1,0.2,0,0,0,0,1
2026-04-02,S03,P001,Fresh Organic Milk 1L,115.0,60.0,0.0,0,367.0,0.0,252.0,50.0,2,Dairy,Milk,NutriDairy,60.0,45.0,4,Hypermarket,Bengaluru,45000,9000,29.3,2.3,0,0,0,0,1
2026-04-03,S03,P001,Fresh Organic Milk 1L,104.0,60.0,0.0,0,252.0,0.0,148.0,50.0,2,Dairy,Milk,NutriDairy,60.0,45.0,4,Hypermarket,Bengaluru,45000,9000,26.0,0.0,0,0,0,0,1
2026-04-04,S03,P001,Fresh Organic Milk 1L,127.0,60.0,0.0,0,148.0,0.0,21.0,50.0,2,Dairy,Milk,NutriDairy,60.0,45.0,4,Hypermarket,Bengaluru,45000,9000,30.7,0.5,0,0,1,0,1
2026-04-05,S03,P001,Fresh Organic Milk 1L,21.0,60.0,0.0,0,21.0,0.0,0.0,50.0,2,Dairy,Milk,NutriDairy,60.0,45.0,4,Hypermarket,Bengaluru,45000,9000,30.8,0.4,0,0,1,0,1
2026-04-06,S03,P001,Fresh Organic Milk 1L,99.0,60.0,0.0,0,700.0,700.0,601.0,50.0,2,Dairy,Milk,NutriDairy,60.0,45.0,4,Hypermarket,Bengaluru,45000,9000,27.2,0.1,0,0,0,0,1
2026-04-07,S03,P001,Fresh Organic Milk 1L,95.0,60.0,0.0,0,601.0,0.0,506.0,50.0,2,Dairy,Milk,NutriDairy,60.0,45.0,4,Hypermarket,Bengaluru,45000,9000,27.3,0.5,0,0,0,0,1
2026-04-08,S03,P001,Fresh Organic Milk 1L,113.0,60.0,0.0,1,506.0,0.0,393.0,50.0,2,Dairy,Milk,NutriDairy,60.0,45.0,4,Hypermarket,Bengaluru,45000,9000,30.2,0.7,0,0,0,0,1
2026-04-09,S03,P001,Fresh Organic Milk 1L,115.0,60.0,0.0,0,393.0,0.0,278.0,50.0,2,Dairy,Milk,NutriDairy,60.0,45.0,4,Hypermarket,Bengaluru,45000,9000,29.1,0.1,0,0,0,0,1
2026-04-10,S03,P001,Fresh Organic Milk 1L,100.0,60.0,0.0,0,278.0,0.0,178.0,50.0,2,Dairy,Milk,NutriDairy,60.0,45.0,4,Hypermarket,Bengaluru,45000,9000,29.5,0.1,0,0,0,0,1
2026-04-11,S03,P001,Fresh Organic Milk 1L,165.0,48.0,0.2,1,178.0,0.0,13.0,50.0,2,Dairy,Milk,NutriDairy,60.0,45.0,4,Hypermarket,Bengaluru,45000,9000,26.7,0.6,0,0,1,1,1
2026-04-12,S03,P001,Fresh Organic Milk 1L,13.0,60.0,0.0,0,13.0,0.0,0.0,50.0,2,Dairy,Milk,NutriDairy,60.0,45.0,4,Hypermarket,Bengaluru,45000,9000,33.1,0.1,0,0,1,0,1
2026-04-13,S03,P001,Fresh Organic Milk 1L,107.0,60.0,0.0,0,700.0,700.0,593.0,50.0,2,Dairy,Milk,NutriDairy,60.0,45.0,4,Hypermarket,Bengaluru,45000,9000,29.7,0.7,0,0,0,0,1
2026-04-14,S03,P001,Fresh Organic Milk 1L,102.0,60.0,0.0,0,593.0,0.0,491.0,50.0,2,Dairy,Milk,NutriDairy,60.0,45.0,4,Hypermarket,Bengaluru,45000,9000,31.7,0.3,1,0,0,0,1
2026-04-15,S03,P001,Fresh Organic Milk 1L,102.0,60.0,0.0,0,491.0,0.0,389.0,50.0,2,Dairy,Milk,NutriDairy,60.0,45.0,4,Hypermarket,Bengaluru,45000,9000,30.7,0.9,0,0,0,0,1
2026-04-16,S03,P001,Fresh Organic Milk 1L,98.0,60.0,0.0,0,389.0,0.0,291.0,50.0,2,Dairy,Milk,NutriDairy,60.0,45.0,4,Hypermarket,Bengaluru,45000,9000,31.0,0.3,0,0,0,0,1
2026-04-17,S03,P001,Fresh Organic Milk 1L,130.0,60.0,0.0,0,291.0,0.0,161.0,50.0,2,Dairy,Milk,NutriDairy,60.0,45.0,4,Hypermarket,Bengaluru,45000,9000,27.4,0.0,0,0,0,0,1
2026-04-18,S03,P001,Fresh Organic Milk 1L,139.0,60.0,0.0,0,161.0,0.0,22.0,50.0,2,Dairy,Milk,NutriDairy,60.0,45.0,4,Hypermarket,Bengaluru,45000,9000,27.6,0.0,0,0,1,0,1
2026-04-19,S03,P001,Fresh Organic Milk 1L,22.0,51.0,0.15,1,22.0,0.0,0.0,50.0,2,Dairy,Milk,NutriDairy,60.0,45.0,4,Hypermarket,Bengaluru,45000,9000,28.4,0.1,0,0,1,0,1
2026-04-20,S03,P001,Fresh Organic Milk 1L,121.0,60.0,0.0,0,700.0,700.0,579.0,50.0,2,Dairy,Milk,NutriDairy,60.0,45.0,4,Hypermarket,Bengaluru,45000,9000,30.7,1.5,0,0,0,0,1
2026-04-21,S03,P001,Fresh Organic Milk 1L,113.0,54.0,0.1,1,579.0,0.0,466.0,50.0,2,Dairy,Milk,NutriDairy,60.0,45.0,4,Hypermarket,Bengaluru,45000,9000,27.7,1.3,0,0,0,1,1
2026-04-22,S03,P001,Fresh Organic Milk 1L,89.0,60.0,0.0,0,466.0,0.0,377.0,50.0,2,Dairy,Milk,NutriDairy,60.0,45.0,4,Hypermarket,Bengaluru,45000,9000,31.1,0.0,0,0,0,0,1
2026-04-23,S03,P001,Fresh Organic Milk 1L,102.0,60.0,0.0,0,377.0,0.0,275.0,50.0,2,Dairy,Milk,NutriDairy,60.0,45.0,4,Hypermarket,Bengaluru,45000,9000,29.8,1.7,0,0,0,0,1
2026-04-24,S03,P001,Fresh Organic Milk 1L,94.0,60.0,0.0,0,275.0,0.0,181.0,50.0,2,Dairy,Milk,NutriDairy,60.0,45.0,4,Hypermarket,Bengaluru,45000,9000,27.1,0.3,0,0,0,0,1
2026-04-25,S03,P001,Fresh Organic Milk 1L,121.0,60.0,0.0,0,181.0,0.0,60.0,50.0,2,Dairy,Milk,NutriDairy,60.0,45.0,4,Hypermarket,Bengaluru,45000,9000,29.7,0.5,0,0,1,0,1
2026-04-26,S03,P001,Fresh Organic Milk 1L,60.0,60.0,0.0,0,60.0,0.0,0.0,50.0,2,Dairy,Milk,NutriDairy,60.0,45.0,4,Hypermarket,Bengaluru,45000,9000,29.6,0.2,0,0,1,0,1
2026-04-27,S03,P001,Fresh Organic Milk 1L,0.0,60.0,0.0,0,0.0,0.0,0.0,50.0,2,Dairy,Milk,NutriDairy,60.0,45.0,4,Hypermarket,Bengaluru,45000,9000,27.5,0.0,0,0,0,0,1
2026-04-28,S03,P001,Fresh Organic Milk 1L,81.0,60.0,0.0,0,700.0,700.0,619.0,50.0,2,Dairy,Milk,NutriDairy,60.0,45.0,4,Hypermarket,Bengaluru,45000,9000,29.3,1.1,0,0,0,0,1
2026-04-29,S03,P001,Fresh Organic Milk 1L,74.0,60.0,0.0,0,619.0,0.0,545.0,50.0,2,Dairy,Milk,NutriDairy,60.0,45.0,4,Hypermarket,Bengaluru,45000,9000,27.6,0.1,0,0,0,0,1
2026-04-30,S03,P001,Fresh Organic Milk 1L,107.0,60.0,0.0,0,545.0,0.0,438.0,50.0,2,Dairy,Milk,NutriDairy,60.0,45.0,4,Hypermarket,Bengaluru,45000,9000,29.9,0.5,0,0,0,0,1
2026-05-01,S03,P001,Fresh Organic Milk 1L,190.0,60.0,0.0,0,438.0,0.0,248.0,50.0,2,Dairy,Milk,NutriDairy,60.0,45.0,4,Hypermarket,Bengaluru,45000,9000,28.8,0.1,1,1,0,0,1
2026-05-02,S03,P001,Fresh Organic Milk 1L,147.0,60.0,0.0,0,248.0,0.0,101.0,50.0,2,Dairy,Milk,NutriDairy,60.0,45.0,4,Hypermarket,Bengaluru,45000,9000,27.5,0.4,0,0,1,0,1
2026-05-03,S03,P001,Fresh Organic Milk 1L,101.0,60.0,0.0,0,101.0,0.0,0.0,50.0,2,Dairy,Milk,NutriDairy,60.0,45.0,4,Hypermarket,Bengaluru,45000,9000,28.2,0.3,0,0,1,0,1
2026-05-04,S03,P001,Fresh Organic Milk 1L,0.0,60.0,0.0,0,0.0,0.0,0.0,50.0,2,Dairy,Milk,NutriDairy,60.0,45.0,4,Hypermarket,Bengaluru,45000,9000,26.8,0.5,0,0,0,0,1
2026-05-05,S03,P001,Fresh Organic Milk 1L,88.0,60.0,0.0,0,700.0,700.0,612.0,50.0,2,Dairy,Milk,NutriDairy,60.0,45.0,4,Hypermarket,Bengaluru,45000,9000,31.2,0.0,0,0,0,0,1
2026-05-06,S03,P001,Fresh Organic Milk 1L,92.0,60.0,0.0,0,612.0,0.0,520.0,50.0,2,Dairy,Milk,NutriDairy,60.0,45.0,4,Hypermarket,Bengaluru,45000,9000,30.0,0.5,0,0,0,0,1
2026-05-07,S03,P001,Fresh Organic Milk 1L,95.0,60.0,0.0,0,520.0,0.0,425.0,50.0,2,Dairy,Milk,NutriDairy,60.0,45.0,4,Hypermarket,Bengaluru,45000,9000,33.5,0.3,0,0,0,0,1
2026-05-08,S03,P001,Fresh Organic Milk 1L,92.0,60.0,0.0,0,425.0,0.0,333.0,50.0,2,Dairy,Milk,NutriDairy,60.0,45.0,4,Hypermarket,Bengaluru,45000,9000,27.2,0.0,0,0,0,0,1
2026-05-09,S03,P001,Fresh Organic Milk 1L,145.0,60.0,0.0,0,333.0,0.0,188.0,50.0,2,Dairy,Milk,NutriDairy,60.0,45.0,4,Hypermarket,Bengaluru,45000,9000,27.2,1.6,0,0,1,0,1
2026-05-10,S03,P001,Fresh Organic Milk 1L,151.0,60.0,0.0,0,188.0,0.0,37.0,50.0,2,Dairy,Milk,NutriDairy,60.0,45.0,4,Hypermarket,Bengaluru,45000,9000,30.4,0.0,0,0,1,0,1
2026-05-11,S03,P001,Fresh Organic Milk 1L,37.0,60.0,0.0,0,37.0,0.0,0.0,50.0,2,Dairy,Milk,NutriDairy,60.0,45.0,4,Hypermarket,Bengaluru,45000,9000,26.3,0.8,0,0,0,1,1
2026-05-12,S03,P001,Fresh Organic Milk 1L,98.0,60.0,0.0,0,700.0,700.0,602.0,50.0,2,Dairy,Milk,NutriDairy,60.0,45.0,4,Hypermarket,Bengaluru,45000,9000,27.8,0.2,0,0,0,0,1
2026-05-13,S03,P001,Fresh Organic Milk 1L,103.0,60.0,0.0,0,602.0,0.0,499.0,50.0,2,Dairy,Milk,NutriDairy,60.0,45.0,4,Hypermarket,Bengaluru,45000,9000,27.4,0.2,0,0,0,0,1
2026-05-14,S03,P001,Fresh Organic Milk 1L,94.0,60.0,0.0,0,499.0,0.0,405.0,50.0,2,Dairy,Milk,NutriDairy,60.0,45.0,4,Hypermarket,Bengaluru,45000,9000,27.4,0.2,0,0,0,0,1
2026-05-15,S03,P001,Fresh Organic Milk 1L,109.0,60.0,0.0,0,405.0,0.0,296.0,50.0,2,Dairy,Milk,NutriDairy,60.0,45.0,4,Hypermarket,Bengaluru,45000,9000,30.4,0.1,0,0,0,0,1
2026-05-16,S03,P001,Fresh Organic Milk 1L,138.0,60.0,0.0,0,296.0,0.0,158.0,50.0,2,Dairy,Milk,NutriDairy,60.0,45.0,4,Hypermarket,Bengaluru,45000,9000,29.6,0.6,0,0,1,0,1
2026-05-17,S03,P001,Fresh Organic Milk 1L,158.0,48.0,0.2,1,158.0,0.0,0.0,50.0,2,Dairy,Milk,NutriDairy,60.0,45.0,4,Hypermarket,Bengaluru,45000,9000,26.3,1.5,0,0,1,0,1
2026-05-18,S03,P001,Fresh Organic Milk 1L,0.0,51.0,0.15,1,0.0,0.0,0.0,50.0,2,Dairy,Milk,NutriDairy,60.0,45.0,4,Hypermarket,Bengaluru,45000,9000,23.2,0.1,0,0,0,0,1
2026-05-19,S03,P001,Fresh Organic Milk 1L,89.0,60.0,0.0,0,700.0,700.0,611.0,50.0,2,Dairy,Milk,NutriDairy,60.0,45.0,4,Hypermarket,Bengaluru,45000,9000,26.8,0.1,0,0,0,0,1
2026-05-20,S03,P001,Fresh Organic Milk 1L,102.0,60.0,0.0,0,611.0,0.0,509.0,50.0,2,Dairy,Milk,NutriDairy,60.0,45.0,4,Hypermarket,Bengaluru,45000,9000,29.2,0.5,0,0,0,0,1
2026-05-21,S03,P001,Fresh Organic Milk 1L,135.0,48.0,0.2,1,509.0,0.0,374.0,50.0,2,Dairy,Milk,NutriDairy,60.0,45.0,4,Hypermarket,Bengaluru,45000,9000,29.4,0.2,0,0,0,0,1
2026-05-22,S03,P001,Fresh Organic Milk 1L,114.0,60.0,0.0,0,374.0,0.0,260.0,50.0,2,Dairy,Milk,NutriDairy,60.0,45.0,4,Hypermarket,Bengaluru,45000,9000,29.5,1.9,0,0,0,0,1
2026-05-23,S03,P001,Fresh Organic Milk 1L,128.0,60.0,0.0,0,260.0,0.0,132.0,50.0,2,Dairy,Milk,NutriDairy,60.0,45.0,4,Hypermarket,Bengaluru,45000,9000,23.5,0.1,0,0,1,0,1
2026-05-24,S03,P001,Fresh Organic Milk 1L,132.0,48.0,0.2,1,132.0,0.0,0.0,50.0,2,Dairy,Milk,NutriDairy,60.0,45.0,4,Hypermarket,Bengaluru,45000,9000,22.7,0.3,0,0,1,0,1
2026-05-25,S03,P001,Fresh Organic Milk 1L,0.0,60.0,0.0,0,0.0,0.0,0.0,50.0,2,Dairy,Milk,NutriDairy,60.0,45.0,4,Hypermarket,Bengaluru,45000,9000,22.3,0.0,0,0,0,0,1
2026-05-26,S03,P001,Fresh Organic Milk 1L,97.0,60.0,0.0,0,700.0,700.0,603.0,50.0,2,Dairy,Milk,NutriDairy,60.0,45.0,4,Hypermarket,Bengaluru,45000,9000,27.7,0.2,0,0,0,0,1
2026-05-27,S03,P001,Fresh Organic Milk 1L,97.0,60.0,0.0,0,603.0,0.0,506.0,50.0,2,Dairy,Milk,NutriDairy,60.0,45.0,4,Hypermarket,Bengaluru,45000,9000,25.2,0.2,0,0,0,0,1
2026-05-28,S03,P001,Fresh Organic Milk 1L,102.0,60.0,0.0,0,506.0,0.0,404.0,50.0,2,Dairy,Milk,NutriDairy,60.0,45.0,4,Hypermarket,Bengaluru,45000,9000,25.8,0.2,0,0,0,0,1
2026-05-29,S03,P001,Fresh Organic Milk 1L,113.0,60.0,0.0,0,404.0,0.0,291.0,50.0,2,Dairy,Milk,NutriDairy,60.0,45.0,4,Hypermarket,Bengaluru,45000,9000,25.5,0.5,0,0,0,0,1
2026-05-30,S03,P001,Fresh Organic Milk 1L,130.0,60.0,0.0,0,291.0,0.0,161.0,50.0,2,Dairy,Milk,NutriDairy,60.0,45.0,4,Hypermarket,Bengaluru,45000,9000,25.4,0.2,0,0,1,0,1
2026-05-31,S03,P001,Fresh Organic Milk 1L,153.0,60.0,0.0,0,161.0,0.0,8.0,50.0,2,Dairy,Milk,NutriDairy,60.0,45.0,4,Hypermarket,Bengaluru,45000,9000,27.4,0.5,0,0,1,0,1
2026-06-01,S03,P001,Fresh Organic Milk 1L,8.0,54.0,0.1,1,8.0,0.0,0.0,50.0,2,Dairy,Milk,NutriDairy,60.0,45.0,4,Hypermarket,Bengaluru,45000,9000,28.3,1.3,0,0,0,0,1
2026-06-02,S03,P001,Fresh Organic Milk 1L,90.0,60.0,0.0,0,700.0,700.0,610.0,50.0,2,Dairy,Milk,NutriDairy,60.0,45.0,4,Hypermarket,Bengaluru,45000,9000,23.8,4.8,0,0,0,0,1
2026-06-03,S03,P001,Fresh Organic Milk 1L,92.0,60.0,0.0,0,610.0,0.0,518.0,50.0,2,Dairy,Milk,NutriDairy,60.0,45.0,4,Hypermarket,Bengaluru,45000,9000,26.2,3.1,0,0,0,0,1
2026-06-04,S03,P001,Fresh Organic Milk 1L,123.0,51.0,0.15,1,518.0,0.0,395.0,50.0,2,Dairy,Milk,NutriDairy,60.0,45.0,4,Hypermarket,Bengaluru,45000,9000,25.6,2.7,0,0,0,0,1
2026-06-05,S03,P001,Fresh Organic Milk 1L,103.0,60.0,0.0,0,395.0,0.0,292.0,50.0,2,Dairy,Milk,NutriDairy,60.0,45.0,4,Hypermarket,Bengaluru,45000,9000,27.6,10.0,0,0,0,0,1
2026-06-06,S03,P001,Fresh Organic Milk 1L,159.0,60.0,0.0,0,292.0,0.0,133.0,50.0,2,Dairy,Milk,NutriDairy,60.0,45.0,4,Hypermarket,Bengaluru,45000,9000,24.7,1.1,0,0,1,0,1
2026-06-07,S03,P001,Fresh Organic Milk 1L,133.0,60.0,0.0,0,133.0,0.0,0.0,50.0,2,Dairy,Milk,NutriDairy,60.0,45.0,4,Hypermarket,Bengaluru,45000,9000,28.3,1.9,0,0,1,0,1
2026-06-08,S03,P001,Fresh Organic Milk 1L,0.0,60.0,0.0,0,0.0,0.0,0.0,50.0,2,Dairy,Milk,NutriDairy,60.0,45.0,4,Hypermarket,Bengaluru,45000,9000,24.3,13.2,0,0,0,0,1
2026-06-09,S03,P001,Fresh Organic Milk 1L,118.0,51.0,0.15,1,700.0,700.0,582.0,50.0,2,Dairy,Milk,NutriDairy,60.0,45.0,4,Hypermarket,Bengaluru,45000,9000,26.0,1.3,0,0,0,0,1
2026-06-10,S03,P001,Fresh Organic Milk 1L,96.0,60.0,0.0,0,582.0,0.0,486.0,50.0,2,Dairy,Milk,NutriDairy,60.0,45.0,4,Hypermarket,Bengaluru,45000,9000,27.3,5.4,0,0,0,0,1
2026-06-11,S03,P001,Fresh Organic Milk 1L,129.0,48.0,0.2,1,486.0,0.0,357.0,50.0,2,Dairy,Milk,NutriDairy,60.0,45.0,4,Hypermarket,Bengaluru,45000,9000,22.5,12.2,0,0,0,0,1
2026-06-12,S03,P001,Fresh Organic Milk 1L,98.0,60.0,0.0,0,357.0,0.0,259.0,50.0,2,Dairy,Milk,NutriDairy,60.0,45.0,4,Hypermarket,Bengaluru,45000,9000,25.8,1.4,0,0,0,0,1
2026-06-13,S03,P001,Fresh Organic Milk 1L,134.0,60.0,0.0,0,259.0,0.0,125.0,50.0,2,Dairy,Milk,NutriDairy,60.0,45.0,4,Hypermarket,Bengaluru,45000,9000,25.9,6.7,0,0,1,0,1
2026-06-14,S03,P001,Fresh Organic Milk 1L,125.0,60.0,0.0,0,125.0,0.0,0.0,50.0,2,Dairy,Milk,NutriDairy,60.0,45.0,4,Hypermarket,Bengaluru,45000,9000,26.0,10.5,0,0,1,0,1
2026-06-15,S03,P001,Fresh Organic Milk 1L,0.0,60.0,0.0,0,0.0,0.0,0.0,50.0,2,Dairy,Milk,NutriDairy,60.0,45.0,4,Hypermarket,Bengaluru,45000,9000,26.5,4.8,0,1,0,0,1
2026-06-16,S03,P001,Fresh Organic Milk 1L,111.0,60.0,0.0,0,700.0,700.0,589.0,50.0,2,Dairy,Milk,NutriDairy,60.0,45.0,4,Hypermarket,Bengaluru,45000,9000,23.4,13.1,0,0,0,0,1
2026-06-17,S03,P001,Fresh Organic Milk 1L,130.0,60.0,0.0,0,589.0,0.0,459.0,50.0,2,Dairy,Milk,NutriDairy,60.0,45.0,4,Hypermarket,Bengaluru,45000,9000,26.5,0.7,0,0,0,0,1
2026-06-18,S03,P001,Fresh Organic Milk 1L,104.0,60.0,0.0,0,459.0,0.0,355.0,50.0,2,Dairy,Milk,NutriDairy,60.0,45.0,4,Hypermarket,Bengaluru,45000,9000,25.6,5.6,0,0,0,0,1
2026-06-19,S03,P001,Fresh Organic Milk 1L,101.0,60.0,0.0,0,355.0,0.0,254.0,50.0,2,Dairy,Milk,NutriDairy,60.0,45.0,4,Hypermarket,Bengaluru,45000,9000,24.2,1.5,0,0,0,0,1
2026-06-20,S03,P001,Fresh Organic Milk 1L,138.0,60.0,0.0,0,254.0,0.0,116.0,50.0,2,Dairy,Milk,NutriDairy,60.0,45.0,4,Hypermarket,Bengaluru,45000,9000,24.6,2.5,0,0,1,0,1
2026-06-21,S03,P001,Fresh Organic Milk 1L,116.0,60.0,0.0,1,116.0,0.0,0.0,50.0,2,Dairy,Milk,NutriDairy,60.0,45.0,4,Hypermarket,Bengaluru,45000,9000,17.6,4.2,0,0,1,0,1
2026-06-22,S03,P001,Fresh Organic Milk 1L,0.0,54.0,0.1,1,0.0,0.0,0.0,50.0,2,Dairy,Milk,NutriDairy,60.0,45.0,4,Hypermarket,Bengaluru,45000,9000,23.1,1.1,0,0,0,0,1
2026-06-23,S03,P001,Fresh Organic Milk 1L,108.0,60.0,0.0,0,700.0,700.0,592.0,50.0,2,Dairy,Milk,NutriDairy,60.0,45.0,4,Hypermarket,Bengaluru,45000,9000,20.3,12.9,0,0,0,0,1
2026-06-24,S03,P001,Fresh Organic Milk 1L,103.0,60.0,0.0,0,592.0,0.0,489.0,50.0,2,Dairy,Milk,NutriDairy,60.0,45.0,4,Hypermarket,Bengaluru,45000,9000,24.0,6.2,0,0,0,0,1
2026-06-25,S03,P001,Fresh Organic Milk 1L,95.0,60.0,0.0,0,489.0,0.0,394.0,50.0,2,Dairy,Milk,NutriDairy,60.0,45.0,4,Hypermarket,Bengaluru,45000,9000,22.7,2.6,0,0,0,0,1
2026-06-26,S03,P001,Fresh Organic Milk 1L,89.0,60.0,0.0,0,394.0,0.0,305.0,50.0,2,Dairy,Milk,NutriDairy,60.0,45.0,4,Hypermarket,Bengaluru,45000,9000,23.5,8.1,0,0,0,1,1
2026-06-27,S03,P001,Fresh Organic Milk 1L,137.0,60.0,0.0,0,305.0,0.0,168.0,50.0,2,Dairy,Milk,NutriDairy,60.0,45.0,4,Hypermarket,Bengaluru,45000,9000,23.9,0.9,0,0,1,0,1
2026-06-28,S03,P001,Fresh Organic Milk 1L,101.0,60.0,0.0,0,168.0,0.0,67.0,50.0,2,Dairy,Milk,NutriDairy,60.0,45.0,4,Hypermarket,Bengaluru,45000,9000,22.7,3.8,0,0,1,0,1
2026-06-29,S03,P001,Fresh Organic Milk 1L,67.0,60.0,0.0,0,67.0,0.0,0.0,50.0,2,Dairy,Milk,NutriDairy,60.0,45.0,4,Hypermarket,Bengaluru,45000,9000,21.4,1.8,0,0,0,0,1
2026-01-01,S03,P002,Artisanal White Bread 400g,71.0,45.0,0.0,0,120.0,0.0,49.0,40.0,2,Bakery,Bread,DailyBake,45.0,30.0,5,Hypermarket,Bengaluru,45000,9000,20.8,0.9,1,0,0,0,1
2026-01-02,S03,P002,Artisanal White Bread 400g,49.0,45.0,0.0,0,49.0,0.0,0.0,40.0,2,Bakery,Bread,DailyBake,45.0,30.0,5,Hypermarket,Bengaluru,45000,9000,25.2,0.6,0,0,0,0,1
2026-01-03,S03,P002,Artisanal White Bread 400g,0.0,45.0,0.0,0,0.0,0.0,0.0,40.0,2,Bakery,Bread,DailyBake,45.0,30.0,5,Hypermarket,Bengaluru,45000,9000,18.9,0.5,0,0,1,0,1
2026-01-04,S03,P002,Artisanal White Bread 400g,98.0,45.0,0.0,0,525.0,525.0,427.0,40.0,2,Bakery,Bread,DailyBake,45.0,30.0,5,Hypermarket,Bengaluru,45000,9000,22.4,0.3,0,0,1,0,1
2026-01-05,S03,P002,Artisanal White Bread 400g,82.0,45.0,0.0,0,427.0,0.0,345.0,40.0,2,Bakery,Bread,DailyBake,45.0,30.0,5,Hypermarket,Bengaluru,45000,9000,23.8,2.3,0,0,0,0,1
2026-01-06,S03,P002,Artisanal White Bread 400g,110.0,38.25,0.15,1,345.0,0.0,235.0,40.0,2,Bakery,Bread,DailyBake,45.0,30.0,5,Hypermarket,Bengaluru,45000,9000,21.5,0.7,0,0,0,0,1
2026-01-07,S03,P002,Artisanal White Bread 400g,90.0,45.0,0.0,0,235.0,0.0,145.0,40.0,2,Bakery,Bread,DailyBake,45.0,30.0,5,Hypermarket,Bengaluru,45000,9000,17.4,1.0,0,0,0,0,1
2026-01-08,S03,P002,Artisanal White Bread 400g,71.0,45.0,0.0,0,145.0,0.0,74.0,40.0,2,Bakery,Bread,DailyBake,45.0,30.0,5,Hypermarket,Bengaluru,45000,9000,24.0,0.3,0,0,0,0,1
2026-01-09,S03,P002,Artisanal White Bread 400g,63.0,45.0,0.0,0,74.0,0.0,11.0,40.0,2,Bakery,Bread,DailyBake,45.0,30.0,5,Hypermarket,Bengaluru,45000,9000,26.1,0.0,0,0,0,0,1
2026-01-10,S03,P002,Artisanal White Bread 400g,11.0,45.0,0.0,0,11.0,0.0,0.0,40.0,2,Bakery,Bread,DailyBake,45.0,30.0,5,Hypermarket,Bengaluru,45000,9000,24.9,0.4,0,0,1,0,1
2026-01-11,S03,P002,Artisanal White Bread 400g,108.0,45.0,0.0,0,525.0,525.0,417.0,40.0,2,Bakery,Bread,DailyBake,45.0,30.0,5,Hypermarket,Bengaluru,45000,9000,23.2,0.3,0,0,1,0,1
2026-01-12,S03,P002,Artisanal White Bread 400g,82.0,40.5,0.1,1,417.0,0.0,335.0,40.0,2,Bakery,Bread,DailyBake,45.0,30.0,5,Hypermarket,Bengaluru,45000,9000,26.1,0.1,0,0,0,0,1
2026-01-13,S03,P002,Artisanal White Bread 400g,71.0,45.0,0.0,0,335.0,0.0,264.0,40.0,2,Bakery,Bread,DailyBake,45.0,30.0,5,Hypermarket,Bengaluru,45000,9000,19.5,1.0,0,0,0,0,1
2026-01-14,S03,P002,Artisanal White Bread 400g,87.0,45.0,0.0,0,264.0,0.0,177.0,40.0,2,Bakery,Bread,DailyBake,45.0,30.0,5,Hypermarket,Bengaluru,45000,9000,20.7,0.3,0,0,0,1,1
2026-01-15,S03,P002,Artisanal White Bread 400g,86.0,45.0,0.0,0,177.0,0.0,91.0,40.0,2,Bakery,Bread,DailyBake,45.0,30.0,5,Hypermarket,Bengaluru,45000,9000,26.6,0.1,0,0,0,0,1
2026-01-16,S03,P002,Artisanal White Bread 400g,85.0,45.0,0.0,1,91.0,0.0,6.0,40.0,2,Bakery,Bread,DailyBake,45.0,30.0,5,Hypermarket,Bengaluru,45000,9000,22.7,0.4,0,0,0,0,1
2026-01-17,S03,P002,Artisanal White Bread 400g,6.0,45.0,0.0,0,6.0,0.0,0.0,40.0,2,Bakery,Bread,DailyBake,45.0,30.0,5,Hypermarket,Bengaluru,45000,9000,21.9,0.5,0,0,1,0,1
2026-01-18,S03,P002,Artisanal White Bread 400g,118.0,45.0,0.0,0,525.0,525.0,407.0,40.0,2,Bakery,Bread,DailyBake,45.0,30.0,5,Hypermarket,Bengaluru,45000,9000,28.5,0.2,0,0,1,0,1
2026-01-19,S03,P002,Artisanal White Bread 400g,66.0,45.0,0.0,0,407.0,0.0,341.0,40.0,2,Bakery,Bread,DailyBake,45.0,30.0,5,Hypermarket,Bengaluru,45000,9000,23.5,0.1,0,0,0,0,1
2026-01-20,S03,P002,Artisanal White Bread 400g,66.0,45.0,0.0,0,341.0,0.0,275.0,40.0,2,Bakery,Bread,DailyBake,45.0,30.0,5,Hypermarket,Bengaluru,45000,9000,21.6,0.1,0,0,0,0,1
2026-01-21,S03,P002,Artisanal White Bread 400g,83.0,45.0,0.0,0,275.0,0.0,192.0,40.0,2,Bakery,Bread,DailyBake,45.0,30.0,5,Hypermarket,Bengaluru,45000,9000,27.1,0.9,0,0,0,0,1
2026-01-22,S03,P002,Artisanal White Bread 400g,79.0,45.0,0.0,0,192.0,0.0,113.0,40.0,2,Bakery,Bread,DailyBake,45.0,30.0,5,Hypermarket,Bengaluru,45000,9000,22.6,0.4,0,0,0,0,1
2026-01-23,S03,P002,Artisanal White Bread 400g,58.0,45.0,0.0,0,113.0,0.0,55.0,40.0,2,Bakery,Bread,DailyBake,45.0,30.0,5,Hypermarket,Bengaluru,45000,9000,25.3,0.5,0,0,0,0,1
2026-01-24,S03,P002,Artisanal White Bread 400g,55.0,45.0,0.0,0,55.0,0.0,0.0,40.0,2,Bakery,Bread,DailyBake,45.0,30.0,5,Hypermarket,Bengaluru,45000,9000,22.0,0.1,0,0,1,0,1
2026-01-25,S03,P002,Artisanal White Bread 400g,0.0,36.0,0.2,1,0.0,0.0,0.0,40.0,2,Bakery,Bread,DailyBake,45.0,30.0,5,Hypermarket,Bengaluru,45000,9000,26.9,0.2,0,0,1,0,1
2026-01-26,S03,P002,Artisanal White Bread 400g,91.0,45.0,0.0,0,525.0,525.0,434.0,40.0,2,Bakery,Bread,DailyBake,45.0,30.0,5,Hypermarket,Bengaluru,45000,9000,22.1,0.0,1,1,0,0,1
2026-01-27,S03,P002,Artisanal White Bread 400g,82.0,45.0,0.0,0,434.0,0.0,352.0,40.0,2,Bakery,Bread,DailyBake,45.0,30.0,5,Hypermarket,Bengaluru,45000,9000,25.3,0.3,0,0,0,0,1
2026-01-28,S03,P002,Artisanal White Bread 400g,60.0,45.0,0.0,0,352.0,0.0,292.0,40.0,2,Bakery,Bread,DailyBake,45.0,30.0,5,Hypermarket,Bengaluru,45000,9000,24.9,0.8,0,0,0,0,1
2026-01-29,S03,P002,Artisanal White Bread 400g,79.0,45.0,0.0,0,292.0,0.0,213.0,40.0,2,Bakery,Bread,DailyBake,45.0,30.0,5,Hypermarket,Bengaluru,45000,9000,23.5,0.4,0,0,0,0,1
2026-01-30,S03,P002,Artisanal White Bread 400g,72.0,45.0,0.0,0,213.0,0.0,141.0,40.0,2,Bakery,Bread,DailyBake,45.0,30.0,5,Hypermarket,Bengaluru,45000,9000,22.4,0.1,0,0,0,0,1
2026-01-31,S03,P002,Artisanal White Bread 400g,98.0,45.0,0.0,0,141.0,0.0,43.0,40.0,2,Bakery,Bread,DailyBake,45.0,30.0,5,Hypermarket,Bengaluru,45000,9000,23.5,0.7,0,0,1,0,1
2026-02-01,S03,P002,Artisanal White Bread 400g,43.0,45.0,0.0,0,43.0,0.0,0.0,40.0,2,Bakery,Bread,DailyBake,45.0,30.0,5,Hypermarket,Bengaluru,45000,9000,28.1,0.4,0,0,1,0,1
2026-02-02,S03,P002,Artisanal White Bread 400g,0.0,36.0,0.2,1,0.0,0.0,0.0,40.0,2,Bakery,Bread,DailyBake,45.0,30.0,5,Hypermarket,Bengaluru,45000,9000,25.7,1.5,0,0,0,0,1
2026-02-03,S03,P002,Artisanal White Bread 400g,74.0,45.0,0.0,0,525.0,525.0,451.0,40.0,2,Bakery,Bread,DailyBake,45.0,30.0,5,Hypermarket,Bengaluru,45000,9000,25.6,0.9,0,0,0,0,1
2026-02-04,S03,P002,Artisanal White Bread 400g,62.0,45.0,0.0,0,451.0,0.0,389.0,40.0,2,Bakery,Bread,DailyBake,45.0,30.0,5,Hypermarket,Bengaluru,45000,9000,27.7,0.1,0,0,0,0,1
2026-02-05,S03,P002,Artisanal White Bread 400g,84.0,45.0,0.0,0,389.0,0.0,305.0,40.0,2,Bakery,Bread,DailyBake,45.0,30.0,5,Hypermarket,Bengaluru,45000,9000,26.8,0.7,0,0,0,0,1
2026-02-06,S03,P002,Artisanal White Bread 400g,97.0,36.0,0.2,1,305.0,0.0,208.0,40.0,2,Bakery,Bread,DailyBake,45.0,30.0,5,Hypermarket,Bengaluru,45000,9000,27.9,0.3,0,0,0,0,1
2026-02-07,S03,P002,Artisanal White Bread 400g,112.0,45.0,0.0,0,208.0,0.0,96.0,40.0,2,Bakery,Bread,DailyBake,45.0,30.0,5,Hypermarket,Bengaluru,45000,9000,25.3,0.1,0,0,1,0,1
2026-02-08,S03,P002,Artisanal White Bread 400g,96.0,45.0,0.0,0,96.0,0.0,0.0,40.0,2,Bakery,Bread,DailyBake,45.0,30.0,5,Hypermarket,Bengaluru,45000,9000,26.5,1.5,0,0,1,1,1
2026-02-09,S03,P002,Artisanal White Bread 400g,0.0,45.0,0.0,0,0.0,0.0,0.0,40.0,2,Bakery,Bread,DailyBake,45.0,30.0,5,Hypermarket,Bengaluru,45000,9000,28.5,0.2,0,0,0,0,1
2026-02-10,S03,P002,Artisanal White Bread 400g,74.0,45.0,0.0,0,525.0,525.0,451.0,40.0,2,Bakery,Bread,DailyBake,45.0,30.0,5,Hypermarket,Bengaluru,45000,9000,25.0,0.5,0,0,0,0,1
2026-02-11,S03,P002,Artisanal White Bread 400g,85.0,36.0,0.2,1,451.0,0.0,366.0,40.0,2,Bakery,Bread,DailyBake,45.0,30.0,5,Hypermarket,Bengaluru,45000,9000,27.7,0.1,0,0,0,0,1
2026-02-12,S03,P002,Artisanal White Bread 400g,74.0,45.0,0.0,0,366.0,0.0,292.0,40.0,2,Bakery,Bread,DailyBake,45.0,30.0,5,Hypermarket,Bengaluru,45000,9000,30.2,0.7,0,0,0,0,1
2026-02-13,S03,P002,Artisanal White Bread 400g,73.0,45.0,0.0,0,292.0,0.0,219.0,40.0,2,Bakery,Bread,DailyBake,45.0,30.0,5,Hypermarket,Bengaluru,45000,9000,27.8,0.7,0,0,0,0,1
2026-02-14,S03,P002,Artisanal White Bread 400g,148.0,36.0,0.2,1,219.0,0.0,71.0,40.0,2,Bakery,Bread,DailyBake,45.0,30.0,5,Hypermarket,Bengaluru,45000,9000,30.1,1.0,0,0,1,0,1
2026-02-15,S03,P002,Artisanal White Bread 400g,71.0,40.5,0.1,1,71.0,0.0,0.0,40.0,2,Bakery,Bread,DailyBake,45.0,30.0,5,Hypermarket,Bengaluru,45000,9000,27.4,0.3,0,0,1,1,1
2026-02-16,S03,P002,Artisanal White Bread 400g,0.0,45.0,0.0,0,0.0,0.0,0.0,40.0,2,Bakery,Bread,DailyBake,45.0,30.0,5,Hypermarket,Bengaluru,45000,9000,26.7,0.6,0,0,0,0,1
2026-02-17,S03,P002,Artisanal White Bread 400g,77.0,45.0,0.0,0,525.0,525.0,448.0,40.0,2,Bakery,Bread,DailyBake,45.0,30.0,5,Hypermarket,Bengaluru,45000,9000,21.4,0.1,0,0,0,0,1
2026-02-18,S03,P002,Artisanal White Bread 400g,76.0,45.0,0.0,0,448.0,0.0,372.0,40.0,2,Bakery,Bread,DailyBake,45.0,30.0,5,Hypermarket,Bengaluru,45000,9000,31.6,0.8,0,0,0,0,1
2026-02-19,S03,P002,Artisanal White Bread 400g,73.0,45.0,0.0,0,372.0,0.0,299.0,40.0,2,Bakery,Bread,DailyBake,45.0,30.0,5,Hypermarket,Bengaluru,45000,9000,30.4,0.5,0,0,0,0,1
2026-02-20,S03,P002,Artisanal White Bread 400g,100.0,38.25,0.15,1,299.0,0.0,199.0,40.0,2,Bakery,Bread,DailyBake,45.0,30.0,5,Hypermarket,Bengaluru,45000,9000,28.0,0.5,0,0,0,0,1
2026-02-21,S03,P002,Artisanal White Bread 400g,104.0,45.0,0.0,0,199.0,0.0,95.0,40.0,2,Bakery,Bread,DailyBake,45.0,30.0,5,Hypermarket,Bengaluru,45000,9000,28.5,0.4,0,0,1,0,1
2026-02-22,S03,P002,Artisanal White Bread 400g,95.0,45.0,0.0,0,95.0,0.0,0.0,40.0,2,Bakery,Bread,DailyBake,45.0,30.0,5,Hypermarket,Bengaluru,45000,9000,27.0,0.1,0,0,1,0,1
2026-02-23,S03,P002,Artisanal White Bread 400g,0.0,45.0,0.0,0,0.0,0.0,0.0,40.0,2,Bakery,Bread,DailyBake,45.0,30.0,5,Hypermarket,Bengaluru,45000,9000,29.9,0.3,0,0,0,0,1
2026-02-24,S03,P002,Artisanal White Bread 400g,90.0,45.0,0.0,0,525.0,525.0,435.0,40.0,2,Bakery,Bread,DailyBake,45.0,30.0,5,Hypermarket,Bengaluru,45000,9000,28.0,0.1,0,0,0,0,1
2026-02-25,S03,P002,Artisanal White Bread 400g,88.0,45.0,0.0,0,435.0,0.0,347.0,40.0,2,Bakery,Bread,DailyBake,45.0,30.0,5,Hypermarket,Bengaluru,45000,9000,29.7,0.6,0,0,0,0,1
2026-02-26,S03,P002,Artisanal White Bread 400g,76.0,45.0,0.0,0,347.0,0.0,271.0,40.0,2,Bakery,Bread,DailyBake,45.0,30.0,5,Hypermarket,Bengaluru,45000,9000,28.6,0.0,0,0,0,0,1
2026-02-27,S03,P002,Artisanal White Bread 400g,80.0,45.0,0.0,0,271.0,0.0,191.0,40.0,2,Bakery,Bread,DailyBake,45.0,30.0,5,Hypermarket,Bengaluru,45000,9000,31.3,0.1,0,0,0,0,1
2026-02-28,S03,P002,Artisanal White Bread 400g,78.0,45.0,0.0,0,191.0,0.0,113.0,40.0,2,Bakery,Bread,DailyBake,45.0,30.0,5,Hypermarket,Bengaluru,45000,9000,29.8,0.1,0,0,1,0,1
2026-03-01,S03,P002,Artisanal White Bread 400g,98.0,45.0,0.0,0,113.0,0.0,15.0,40.0,2,Bakery,Bread,DailyBake,45.0,30.0,5,Hypermarket,Bengaluru,45000,9000,31.2,0.4,0,0,1,0,1
2026-03-02,S03,P002,Artisanal White Bread 400g,15.0,45.0,0.0,0,15.0,0.0,0.0,40.0,2,Bakery,Bread,DailyBake,45.0,30.0,5,Hypermarket,Bengaluru,45000,9000,23.9,0.1,0,0,0,0,1
2026-03-03,S03,P002,Artisanal White Bread 400g,67.0,45.0,0.0,0,525.0,525.0,458.0,40.0,2,Bakery,Bread,DailyBake,45.0,30.0,5,Hypermarket,Bengaluru,45000,9000,28.6,0.2,0,0,0,0,1
2026-03-04,S03,P002,Artisanal White Bread 400g,89.0,45.0,0.0,0,458.0,0.0,369.0,40.0,2,Bakery,Bread,DailyBake,45.0,30.0,5,Hypermarket,Bengaluru,45000,9000,29.4,0.6,0,0,0,0,1
2026-03-05,S03,P002,Artisanal White Bread 400g,103.0,36.0,0.2,1,369.0,0.0,266.0,40.0,2,Bakery,Bread,DailyBake,45.0,30.0,5,Hypermarket,Bengaluru,45000,9000,31.7,0.2,0,0,0,0,1
2026-03-06,S03,P002,Artisanal White Bread 400g,56.0,45.0,0.0,0,266.0,0.0,210.0,40.0,2,Bakery,Bread,DailyBake,45.0,30.0,5,Hypermarket,Bengaluru,45000,9000,27.5,0.2,0,0,0,0,1
2026-03-07,S03,P002,Artisanal White Bread 400g,106.0,45.0,0.0,0,210.0,0.0,104.0,40.0,2,Bakery,Bread,DailyBake,45.0,30.0,5,Hypermarket,Bengaluru,45000,9000,29.5,1.1,0,0,1,0,1
2026-03-08,S03,P002,Artisanal White Bread 400g,104.0,45.0,0.0,0,104.0,0.0,0.0,40.0,2,Bakery,Bread,DailyBake,45.0,30.0,5,Hypermarket,Bengaluru,45000,9000,28.6,1.6,0,1,1,0,1
2026-03-09,S03,P002,Artisanal White Bread 400g,0.0,45.0,0.0,0,0.0,0.0,0.0,40.0,2,Bakery,Bread,DailyBake,45.0,30.0,5,Hypermarket,Bengaluru,45000,9000,28.0,0.7,0,0,0,0,1
2026-03-10,S03,P002,Artisanal White Bread 400g,66.0,45.0,0.0,0,525.0,525.0,459.0,40.0,2,Bakery,Bread,DailyBake,45.0,30.0,5,Hypermarket,Bengaluru,45000,9000,27.6,0.4,0,0,0,0,1
2026-03-11,S03,P002,Artisanal White Bread 400g,69.0,45.0,0.0,0,459.0,0.0,390.0,40.0,2,Bakery,Bread,DailyBake,45.0,30.0,5,Hypermarket,Bengaluru,45000,9000,26.9,0.3,0,0,0,0,1
2026-03-12,S03,P002,Artisanal White Bread 400g,80.0,45.0,0.0,0,390.0,0.0,310.0,40.0,2,Bakery,Bread,DailyBake,45.0,30.0,5,Hypermarket,Bengaluru,45000,9000,25.8,0.2,0,0,0,0,1
2026-03-13,S03,P002,Artisanal White Bread 400g,83.0,45.0,0.0,0,310.0,0.0,227.0,40.0,2,Bakery,Bread,DailyBake,45.0,30.0,5,Hypermarket,Bengaluru,45000,9000,27.3,0.5,0,0,0,0,1
2026-03-14,S03,P002,Artisanal White Bread 400g,105.0,45.0,0.0,0,227.0,0.0,122.0,40.0,2,Bakery,Bread,DailyBake,45.0,30.0,5,Hypermarket,Bengaluru,45000,9000,29.0,0.9,0,0,1,0,1
2026-03-15,S03,P002,Artisanal White Bread 400g,101.0,45.0,0.0,0,122.0,0.0,21.0,40.0,2,Bakery,Bread,DailyBake,45.0,30.0,5,Hypermarket,Bengaluru,45000,9000,30.0,0.8,0,0,1,0,1
2026-03-16,S03,P002,Artisanal White Bread 400g,21.0,45.0,0.0,0,21.0,0.0,0.0,40.0,2,Bakery,Bread,DailyBake,45.0,30.0,5,Hypermarket,Bengaluru,45000,9000,26.5,0.0,0,0,0,0,1
2026-03-17,S03,P002,Artisanal White Bread 400g,82.0,45.0,0.0,0,525.0,525.0,443.0,40.0,2,Bakery,Bread,DailyBake,45.0,30.0,5,Hypermarket,Bengaluru,45000,9000,27.4,0.4,0,0,0,0,1
2026-03-18,S03,P002,Artisanal White Bread 400g,78.0,45.0,0.0,0,443.0,0.0,365.0,40.0,2,Bakery,Bread,DailyBake,45.0,30.0,5,Hypermarket,Bengaluru,45000,9000,29.0,0.2,0,0,0,0,1
2026-03-19,S03,P002,Artisanal White Bread 400g,66.0,45.0,0.0,0,365.0,0.0,299.0,40.0,2,Bakery,Bread,DailyBake,45.0,30.0,5,Hypermarket,Bengaluru,45000,9000,29.6,0.6,0,0,0,0,1
2026-03-20,S03,P002,Artisanal White Bread 400g,89.0,40.5,0.1,1,299.0,0.0,210.0,40.0,2,Bakery,Bread,DailyBake,45.0,30.0,5,Hypermarket,Bengaluru,45000,9000,31.9,0.2,0,0,0,0,1
2026-03-21,S03,P002,Artisanal White Bread 400g,86.0,45.0,0.0,0,210.0,0.0,124.0,40.0,2,Bakery,Bread,DailyBake,45.0,30.0,5,Hypermarket,Bengaluru,45000,9000,27.3,0.0,0,0,1,0,1
2026-03-22,S03,P002,Artisanal White Bread 400g,93.0,45.0,0.0,0,124.0,0.0,31.0,40.0,2,Bakery,Bread,DailyBake,45.0,30.0,5,Hypermarket,Bengaluru,45000,9000,32.7,0.5,0,0,1,0,1
2026-03-23,S03,P002,Artisanal White Bread 400g,31.0,36.0,0.2,1,31.0,0.0,0.0,40.0,2,Bakery,Bread,DailyBake,45.0,30.0,5,Hypermarket,Bengaluru,45000,9000,31.4,0.6,0,0,0,0,1
2026-03-24,S03,P002,Artisanal White Bread 400g,88.0,45.0,0.0,0,525.0,525.0,437.0,40.0,2,Bakery,Bread,DailyBake,45.0,30.0,5,Hypermarket,Bengaluru,45000,9000,28.2,0.2,0,0,0,0,1
2026-03-25,S03,P002,Artisanal White Bread 400g,137.0,45.0,0.0,0,437.0,0.0,300.0,40.0,2,Bakery,Bread,DailyBake,45.0,30.0,5,Hypermarket,Bengaluru,45000,9000,28.7,0.1,0,1,0,0,1
2026-03-26,S03,P002,Artisanal White Bread 400g,78.0,45.0,0.0,0,300.0,0.0,222.0,40.0,2,Bakery,Bread,DailyBake,45.0,30.0,5,Hypermarket,Bengaluru,45000,9000,33.2,0.2,0,0,0,0,1
2026-03-27,S03,P002,Artisanal White Bread 400g,68.0,45.0,0.0,0,222.0,0.0,154.0,40.0,2,Bakery,Bread,DailyBake,45.0,30.0,5,Hypermarket,Bengaluru,45000,9000,29.8,0.2,0,0,0,0,1
2026-03-28,S03,P002,Artisanal White Bread 400g,108.0,45.0,0.0,0,154.0,0.0,46.0,40.0,2,Bakery,Bread,DailyBake,45.0,30.0,5,Hypermarket,Bengaluru,45000,9000,33.4,0.9,0,0,1,1,1
2026-03-29,S03,P002,Artisanal White Bread 400g,46.0,45.0,0.0,0,46.0,0.0,0.0,40.0,2,Bakery,Bread,DailyBake,45.0,30.0,5,Hypermarket,Bengaluru,45000,9000,26.9,0.2,0,0,1,0,1
2026-03-30,S03,P002,Artisanal White Bread 400g,0.0,40.5,0.1,1,0.0,0.0,0.0,40.0,2,Bakery,Bread,DailyBake,45.0,30.0,5,Hypermarket,Bengaluru,45000,9000,27.5,0.1,0,0,0,0,1
2026-03-31,S03,P002,Artisanal White Bread 400g,75.0,45.0,0.0,0,525.0,525.0,450.0,40.0,2,Bakery,Bread,DailyBake,45.0,30.0,5,Hypermarket,Bengaluru,45000,9000,28.1,0.7,0,0,0,0,1
2026-04-01,S03,P002,Artisanal White Bread 400g,71.0,45.0,0.0,0,450.0,0.0,379.0,40.0,2,Bakery,Bread,DailyBake,45.0,30.0,5,Hypermarket,Bengaluru,45000,9000,29.5,0.8,0,0,0,0,1
2026-04-02,S03,P002,Artisanal White Bread 400g,95.0,40.5,0.1,1,379.0,0.0,284.0,40.0,2,Bakery,Bread,DailyBake,45.0,30.0,5,Hypermarket,Bengaluru,45000,9000,30.5,0.8,0,0,0,0,1
2026-04-03,S03,P002,Artisanal White Bread 400g,68.0,45.0,0.0,0,284.0,0.0,216.0,40.0,2,Bakery,Bread,DailyBake,45.0,30.0,5,Hypermarket,Bengaluru,45000,9000,32.6,0.4,0,0,0,1,1
2026-04-04,S03,P002,Artisanal White Bread 400g,115.0,45.0,0.0,0,216.0,0.0,101.0,40.0,2,Bakery,Bread,DailyBake,45.0,30.0,5,Hypermarket,Bengaluru,45000,9000,30.1,0.4,0,0,1,0,1
2026-04-05,S03,P002,Artisanal White Bread 400g,100.0,45.0,0.0,0,101.0,0.0,1.0,40.0,2,Bakery,Bread,DailyBake,45.0,30.0,5,Hypermarket,Bengaluru,45000,9000,32.7,0.7,0,0,1,0,1
2026-04-06,S03,P002,Artisanal White Bread 400g,1.0,45.0,0.0,1,1.0,0.0,0.0,40.0,2,Bakery,Bread,DailyBake,45.0,30.0,5,Hypermarket,Bengaluru,45000,9000,27.9,1.3,0,0,0,0,1
2026-04-07,S03,P002,Artisanal White Bread 400g,86.0,45.0,0.0,0,525.0,525.0,439.0,40.0,2,Bakery,Bread,DailyBake,45.0,30.0,5,Hypermarket,Bengaluru,45000,9000,29.0,0.8,0,0,0,0,1
2026-04-08,S03,P002,Artisanal White Bread 400g,72.0,45.0,0.0,0,439.0,0.0,367.0,40.0,2,Bakery,Bread,DailyBake,45.0,30.0,5,Hypermarket,Bengaluru,45000,9000,29.8,1.2,0,0,0,0,1
2026-04-09,S03,P002,Artisanal White Bread 400g,85.0,45.0,0.0,0,367.0,0.0,282.0,40.0,2,Bakery,Bread,DailyBake,45.0,30.0,5,Hypermarket,Bengaluru,45000,9000,28.6,0.0,0,0,0,0,1
2026-04-10,S03,P002,Artisanal White Bread 400g,100.0,38.25,0.15,1,282.0,0.0,182.0,40.0,2,Bakery,Bread,DailyBake,45.0,30.0,5,Hypermarket,Bengaluru,45000,9000,26.5,0.0,0,0,0,0,1
2026-04-11,S03,P002,Artisanal White Bread 400g,97.0,45.0,0.0,0,182.0,0.0,85.0,40.0,2,Bakery,Bread,DailyBake,45.0,30.0,5,Hypermarket,Bengaluru,45000,9000,26.4,0.3,0,0,1,0,1
2026-04-12,S03,P002,Artisanal White Bread 400g,85.0,45.0,0.0,0,85.0,0.0,0.0,40.0,2,Bakery,Bread,DailyBake,45.0,30.0,5,Hypermarket,Bengaluru,45000,9000,29.1,0.1,0,0,1,0,1
2026-04-13,S03,P002,Artisanal White Bread 400g,0.0,45.0,0.0,0,0.0,0.0,0.0,40.0,2,Bakery,Bread,DailyBake,45.0,30.0,5,Hypermarket,Bengaluru,45000,9000,30.7,0.7,0,0,0,1,1
2026-04-14,S03,P002,Artisanal White Bread 400g,87.0,45.0,0.0,0,525.0,525.0,438.0,40.0,2,Bakery,Bread,DailyBake,45.0,30.0,5,Hypermarket,Bengaluru,45000,9000,29.8,1.1,1,0,0,0,1
2026-04-15,S03,P002,Artisanal White Bread 400g,54.0,45.0,0.0,0,438.0,0.0,384.0,40.0,2,Bakery,Bread,DailyBake,45.0,30.0,5,Hypermarket,Bengaluru,45000,9000,30.8,0.6,0,0,0,1,1
2026-04-16,S03,P002,Artisanal White Bread 400g,53.0,45.0,0.0,0,384.0,0.0,331.0,40.0,2,Bakery,Bread,DailyBake,45.0,30.0,5,Hypermarket,Bengaluru,45000,9000,29.8,1.5,0,0,0,0,1
2026-04-17,S03,P002,Artisanal White Bread 400g,73.0,45.0,0.0,0,331.0,0.0,258.0,40.0,2,Bakery,Bread,DailyBake,45.0,30.0,5,Hypermarket,Bengaluru,45000,9000,32.4,0.2,0,0,0,0,1
2026-04-18,S03,P002,Artisanal White Bread 400g,99.0,45.0,0.0,0,258.0,0.0,159.0,40.0,2,Bakery,Bread,DailyBake,45.0,30.0,5,Hypermarket,Bengaluru,45000,9000,29.5,0.6,0,0,1,0,1
2026-04-19,S03,P002,Artisanal White Bread 400g,101.0,38.25,0.15,1,159.0,0.0,58.0,40.0,2,Bakery,Bread,DailyBake,45.0,30.0,5,Hypermarket,Bengaluru,45000,9000,26.7,0.1,0,0,1,0,1
2026-04-20,S03,P002,Artisanal White Bread 400g,58.0,45.0,0.0,0,58.0,0.0,0.0,40.0,2,Bakery,Bread,DailyBake,45.0,30.0,5,Hypermarket,Bengaluru,45000,9000,28.5,0.1,0,0,0,0,1
2026-04-21,S03,P002,Artisanal White Bread 400g,0.0,45.0,0.0,0,0.0,0.0,0.0,40.0,2,Bakery,Bread,DailyBake,45.0,30.0,5,Hypermarket,Bengaluru,45000,9000,29.4,0.0,0,0,0,0,1
2026-04-22,S03,P002,Artisanal White Bread 400g,83.0,45.0,0.0,0,525.0,525.0,442.0,40.0,2,Bakery,Bread,DailyBake,45.0,30.0,5,Hypermarket,Bengaluru,45000,9000,26.9,0.4,0,0,0,0,1
2026-04-23,S03,P002,Artisanal White Bread 400g,64.0,45.0,0.0,0,442.0,0.0,378.0,40.0,2,Bakery,Bread,DailyBake,45.0,30.0,5,Hypermarket,Bengaluru,45000,9000,27.8,0.3,0,0,0,0,1
2026-04-24,S03,P002,Artisanal White Bread 400g,88.0,40.5,0.1,1,378.0,0.0,290.0,40.0,2,Bakery,Bread,DailyBake,45.0,30.0,5,Hypermarket,Bengaluru,45000,9000,27.4,0.2,0,0,0,0,1
2026-04-25,S03,P002,Artisanal White Bread 400g,103.0,45.0,0.0,0,290.0,0.0,187.0,40.0,2,Bakery,Bread,DailyBake,45.0,30.0,5,Hypermarket,Bengaluru,45000,9000,27.9,0.1,0,0,1,0,1
2026-04-26,S03,P002,Artisanal White Bread 400g,119.0,45.0,0.0,0,187.0,0.0,68.0,40.0,2,Bakery,Bread,DailyBake,45.0,30.0,5,Hypermarket,Bengaluru,45000,9000,34.1,0.2,0,0,1,1,1
2026-04-27,S03,P002,Artisanal White Bread 400g,65.0,45.0,0.0,0,68.0,0.0,3.0,40.0,2,Bakery,Bread,DailyBake,45.0,30.0,5,Hypermarket,Bengaluru,45000,9000,29.3,0.7,0,0,0,0,1
2026-04-28,S03,P002,Artisanal White Bread 400g,3.0,45.0,0.0,0,3.0,0.0,0.0,40.0,2,Bakery,Bread,DailyBake,45.0,30.0,5,Hypermarket,Bengaluru,45000,9000,30.2,0.4,0,0,0,0,1
2026-04-29,S03,P002,Artisanal White Bread 400g,74.0,45.0,0.0,0,525.0,525.0,451.0,40.0,2,Bakery,Bread,DailyBake,45.0,30.0,5,Hypermarket,Bengaluru,45000,9000,23.9,0.6,0,0,0,0,1
2026-04-30,S03,P002,Artisanal White Bread 400g,72.0,45.0,0.0,0,451.0,0.0,379.0,40.0,2,Bakery,Bread,DailyBake,45.0,30.0,5,Hypermarket,Bengaluru,45000,9000,30.3,0.9,0,0,0,0,1
2026-05-01,S03,P002,Artisanal White Bread 400g,141.0,45.0,0.0,0,379.0,0.0,238.0,40.0,2,Bakery,Bread,DailyBake,45.0,30.0,5,Hypermarket,Bengaluru,45000,9000,29.9,0.2,1,1,0,0,1
2026-05-02,S03,P002,Artisanal White Bread 400g,96.0,45.0,0.0,0,238.0,0.0,142.0,40.0,2,Bakery,Bread,DailyBake,45.0,30.0,5,Hypermarket,Bengaluru,45000,9000,32.0,0.4,0,0,1,1,1
2026-05-03,S03,P002,Artisanal White Bread 400g,98.0,45.0,0.0,0,142.0,0.0,44.0,40.0,2,Bakery,Bread,DailyBake,45.0,30.0,5,Hypermarket,Bengaluru,45000,9000,27.6,1.4,0,0,1,0,1
2026-05-04,S03,P002,Artisanal White Bread 400g,44.0,45.0,0.0,0,44.0,0.0,0.0,40.0,2,Bakery,Bread,DailyBake,45.0,30.0,5,Hypermarket,Bengaluru,45000,9000,29.3,0.5,0,0,0,0,1
2026-05-05,S03,P002,Artisanal White Bread 400g,0.0,45.0,0.0,0,0.0,0.0,0.0,40.0,2,Bakery,Bread,DailyBake,45.0,30.0,5,Hypermarket,Bengaluru,45000,9000,29.9,1.6,0,0,0,0,1
2026-05-06,S03,P002,Artisanal White Bread 400g,65.0,45.0,0.0,0,525.0,525.0,460.0,40.0,2,Bakery,Bread,DailyBake,45.0,30.0,5,Hypermarket,Bengaluru,45000,9000,27.9,0.1,0,0,0,0,1
2026-05-07,S03,P002,Artisanal White Bread 400g,84.0,45.0,0.0,0,460.0,0.0,376.0,40.0,2,Bakery,Bread,DailyBake,45.0,30.0,5,Hypermarket,Bengaluru,45000,9000,30.6,0.0,0,0,0,0,1
2026-05-08,S03,P002,Artisanal White Bread 400g,81.0,45.0,0.0,0,376.0,0.0,295.0,40.0,2,Bakery,Bread,DailyBake,45.0,30.0,5,Hypermarket,Bengaluru,45000,9000,26.1,0.3,0,0,0,0,1
2026-05-09,S03,P002,Artisanal White Bread 400g,120.0,45.0,0.0,0,295.0,0.0,175.0,40.0,2,Bakery,Bread,DailyBake,45.0,30.0,5,Hypermarket,Bengaluru,45000,9000,29.5,0.3,0,0,1,0,1
2026-05-10,S03,P002,Artisanal White Bread 400g,113.0,45.0,0.0,0,175.0,0.0,62.0,40.0,2,Bakery,Bread,DailyBake,45.0,30.0,5,Hypermarket,Bengaluru,45000,9000,26.9,0.2,0,0,1,0,1
2026-05-11,S03,P002,Artisanal White Bread 400g,62.0,45.0,0.0,0,62.0,0.0,0.0,40.0,2,Bakery,Bread,DailyBake,45.0,30.0,5,Hypermarket,Bengaluru,45000,9000,30.0,0.1,0,0,0,0,1
2026-05-12,S03,P002,Artisanal White Bread 400g,0.0,45.0,0.0,0,0.0,0.0,0.0,40.0,2,Bakery,Bread,DailyBake,45.0,30.0,5,Hypermarket,Bengaluru,45000,9000,27.3,0.4,0,0,0,0,1
2026-05-13,S03,P002,Artisanal White Bread 400g,94.0,36.0,0.2,1,525.0,525.0,431.0,40.0,2,Bakery,Bread,DailyBake,45.0,30.0,5,Hypermarket,Bengaluru,45000,9000,30.4,0.4,0,0,0,0,1
2026-05-14,S03,P002,Artisanal White Bread 400g,72.0,45.0,0.0,0,431.0,0.0,359.0,40.0,2,Bakery,Bread,DailyBake,45.0,30.0,5,Hypermarket,Bengaluru,45000,9000,30.8,0.9,0,0,0,0,1
2026-05-15,S03,P002,Artisanal White Bread 400g,70.0,45.0,0.0,0,359.0,0.0,289.0,40.0,2,Bakery,Bread,DailyBake,45.0,30.0,5,Hypermarket,Bengaluru,45000,9000,27.7,0.8,0,0,0,0,1
2026-05-16,S03,P002,Artisanal White Bread 400g,102.0,45.0,0.0,0,289.0,0.0,187.0,40.0,2,Bakery,Bread,DailyBake,45.0,30.0,5,Hypermarket,Bengaluru,45000,9000,25.9,0.4,0,0,1,0,1
2026-05-17,S03,P002,Artisanal White Bread 400g,104.0,45.0,0.0,0,187.0,0.0,83.0,40.0,2,Bakery,Bread,DailyBake,45.0,30.0,5,Hypermarket,Bengaluru,45000,9000,29.5,0.6,0,0,1,0,1
2026-05-18,S03,P002,Artisanal White Bread 400g,72.0,45.0,0.0,0,83.0,0.0,11.0,40.0,2,Bakery,Bread,DailyBake,45.0,30.0,5,Hypermarket,Bengaluru,45000,9000,28.8,1.1,0,0,0,0,1
2026-05-19,S03,P002,Artisanal White Bread 400g,11.0,45.0,0.0,0,11.0,0.0,0.0,40.0,2,Bakery,Bread,DailyBake,45.0,30.0,5,Hypermarket,Bengaluru,45000,9000,27.6,0.2,0,0,0,0,1
2026-05-20,S03,P002,Artisanal White Bread 400g,92.0,40.5,0.1,1,525.0,525.0,433.0,40.0,2,Bakery,Bread,DailyBake,45.0,30.0,5,Hypermarket,Bengaluru,45000,9000,26.6,0.0,0,0,0,0,1
2026-05-21,S03,P002,Artisanal White Bread 400g,91.0,45.0,0.0,0,433.0,0.0,342.0,40.0,2,Bakery,Bread,DailyBake,45.0,30.0,5,Hypermarket,Bengaluru,45000,9000,26.5,0.3,0,0,0,0,1
2026-05-22,S03,P002,Artisanal White Bread 400g,71.0,45.0,0.0,0,342.0,0.0,271.0,40.0,2,Bakery,Bread,DailyBake,45.0,30.0,5,Hypermarket,Bengaluru,45000,9000,25.9,1.1,0,0,0,1,1
2026-05-23,S03,P002,Artisanal White Bread 400g,93.0,45.0,0.0,0,271.0,0.0,178.0,40.0,2,Bakery,Bread,DailyBake,45.0,30.0,5,Hypermarket,Bengaluru,45000,9000,27.8,0.0,0,0,1,0,1
2026-05-24,S03,P002,Artisanal White Bread 400g,108.0,45.0,0.0,0,178.0,0.0,70.0,40.0,2,Bakery,Bread,DailyBake,45.0,30.0,5,Hypermarket,Bengaluru,45000,9000,26.8,0.5,0,0,1,0,1
2026-05-25,S03,P002,Artisanal White Bread 400g,70.0,45.0,0.0,0,70.0,0.0,0.0,40.0,2,Bakery,Bread,DailyBake,45.0,30.0,5,Hypermarket,Bengaluru,45000,9000,25.4,0.8,0,0,0,0,1
2026-05-26,S03,P002,Artisanal White Bread 400g,0.0,45.0,0.0,0,0.0,0.0,0.0,40.0,2,Bakery,Bread,DailyBake,45.0,30.0,5,Hypermarket,Bengaluru,45000,9000,32.2,0.9,0,0,0,0,1
2026-05-27,S03,P002,Artisanal White Bread 400g,76.0,45.0,0.0,0,525.0,525.0,449.0,40.0,2,Bakery,Bread,DailyBake,45.0,30.0,5,Hypermarket,Bengaluru,45000,9000,24.8,0.3,0,0,0,0,1
2026-05-28,S03,P002,Artisanal White Bread 400g,82.0,45.0,0.0,0,449.0,0.0,367.0,40.0,2,Bakery,Bread,DailyBake,45.0,30.0,5,Hypermarket,Bengaluru,45000,9000,24.7,0.1,0,0,0,0,1
2026-05-29,S03,P002,Artisanal White Bread 400g,99.0,38.25,0.15,1,367.0,0.0,268.0,40.0,2,Bakery,Bread,DailyBake,45.0,30.0,5,Hypermarket,Bengaluru,45000,9000,27.6,0.5,0,0,0,0,1
2026-05-30,S03,P002,Artisanal White Bread 400g,144.0,36.0,0.2,1,268.0,0.0,124.0,40.0,2,Bakery,Bread,DailyBake,45.0,30.0,5,Hypermarket,Bengaluru,45000,9000,26.9,0.1,0,0,1,0,1
2026-05-31,S03,P002,Artisanal White Bread 400g,121.0,45.0,0.0,0,124.0,0.0,3.0,40.0,2,Bakery,Bread,DailyBake,45.0,30.0,5,Hypermarket,Bengaluru,45000,9000,25.4,0.2,0,0,1,0,1
2026-06-01,S03,P002,Artisanal White Bread 400g,3.0,45.0,0.0,0,3.0,0.0,0.0,40.0,2,Bakery,Bread,DailyBake,45.0,30.0,5,Hypermarket,Bengaluru,45000,9000,29.4,8.5,0,0,0,0,1
2026-06-02,S03,P002,Artisanal White Bread 400g,70.0,45.0,0.0,0,525.0,525.0,455.0,40.0,2,Bakery,Bread,DailyBake,45.0,30.0,5,Hypermarket,Bengaluru,45000,9000,28.5,3.6,0,0,0,0,1
2026-06-03,S03,P002,Artisanal White Bread 400g,79.0,45.0,0.0,0,455.0,0.0,376.0,40.0,2,Bakery,Bread,DailyBake,45.0,30.0,5,Hypermarket,Bengaluru,45000,9000,25.3,1.0,0,0,0,0,1
2026-06-04,S03,P002,Artisanal White Bread 400g,71.0,45.0,0.0,0,376.0,0.0,305.0,40.0,2,Bakery,Bread,DailyBake,45.0,30.0,5,Hypermarket,Bengaluru,45000,9000,23.4,0.5,0,0,0,0,1
2026-06-05,S03,P002,Artisanal White Bread 400g,67.0,45.0,0.0,1,305.0,0.0,238.0,40.0,2,Bakery,Bread,DailyBake,45.0,30.0,5,Hypermarket,Bengaluru,45000,9000,26.5,0.1,0,0,0,0,1
2026-06-06,S03,P002,Artisanal White Bread 400g,112.0,45.0,0.0,0,238.0,0.0,126.0,40.0,2,Bakery,Bread,DailyBake,45.0,30.0,5,Hypermarket,Bengaluru,45000,9000,26.3,15.4,0,0,1,0,1
2026-06-07,S03,P002,Artisanal White Bread 400g,94.0,45.0,0.0,0,126.0,0.0,32.0,40.0,2,Bakery,Bread,DailyBake,45.0,30.0,5,Hypermarket,Bengaluru,45000,9000,23.3,4.0,0,0,1,0,1
2026-06-08,S03,P002,Artisanal White Bread 400g,32.0,40.5,0.1,1,32.0,0.0,0.0,40.0,2,Bakery,Bread,DailyBake,45.0,30.0,5,Hypermarket,Bengaluru,45000,9000,24.6,7.0,0,0,0,0,1
2026-06-09,S03,P002,Artisanal White Bread 400g,71.0,45.0,0.0,0,525.0,525.0,454.0,40.0,2,Bakery,Bread,DailyBake,45.0,30.0,5,Hypermarket,Bengaluru,45000,9000,27.1,2.8,0,0,0,0,1
2026-06-10,S03,P002,Artisanal White Bread 400g,80.0,45.0,0.0,0,454.0,0.0,374.0,40.0,2,Bakery,Bread,DailyBake,45.0,30.0,5,Hypermarket,Bengaluru,45000,9000,26.8,5.4,0,0,0,1,1
2026-06-11,S03,P002,Artisanal White Bread 400g,88.0,45.0,0.0,0,374.0,0.0,286.0,40.0,2,Bakery,Bread,DailyBake,45.0,30.0,5,Hypermarket,Bengaluru,45000,9000,21.0,2.8,0,0,0,0,1
2026-06-12,S03,P002,Artisanal White Bread 400g,75.0,45.0,0.0,0,286.0,0.0,211.0,40.0,2,Bakery,Bread,DailyBake,45.0,30.0,5,Hypermarket,Bengaluru,45000,9000,24.0,0.2,0,0,0,0,1
2026-06-13,S03,P002,Artisanal White Bread 400g,121.0,45.0,0.0,0,211.0,0.0,90.0,40.0,2,Bakery,Bread,DailyBake,45.0,30.0,5,Hypermarket,Bengaluru,45000,9000,23.0,0.2,0,0,1,0,1
2026-06-14,S03,P002,Artisanal White Bread 400g,90.0,45.0,0.0,0,90.0,0.0,0.0,40.0,2,Bakery,Bread,DailyBake,45.0,30.0,5,Hypermarket,Bengaluru,45000,9000,22.9,3.9,0,0,1,0,1
2026-06-15,S03,P002,Artisanal White Bread 400g,0.0,40.5,0.1,1,0.0,0.0,0.0,40.0,2,Bakery,Bread,DailyBake,45.0,30.0,5,Hypermarket,Bengaluru,45000,9000,23.4,0.6,0,1,0,0,1
2026-06-16,S03,P002,Artisanal White Bread 400g,75.0,45.0,0.0,0,525.0,525.0,450.0,40.0,2,Bakery,Bread,DailyBake,45.0,30.0,5,Hypermarket,Bengaluru,45000,9000,24.9,16.1,0,0,0,0,1
2026-06-17,S03,P002,Artisanal White Bread 400g,101.0,38.25,0.15,1,450.0,0.0,349.0,40.0,2,Bakery,Bread,DailyBake,45.0,30.0,5,Hypermarket,Bengaluru,45000,9000,23.2,4.9,0,0,0,0,1
2026-06-18,S03,P002,Artisanal White Bread 400g,80.0,45.0,0.0,0,349.0,0.0,269.0,40.0,2,Bakery,Bread,DailyBake,45.0,30.0,5,Hypermarket,Bengaluru,45000,9000,23.3,6.1,0,0,0,0,1
2026-06-19,S03,P002,Artisanal White Bread 400g,74.0,38.25,0.15,1,269.0,0.0,195.0,40.0,2,Bakery,Bread,DailyBake,45.0,30.0,5,Hypermarket,Bengaluru,45000,9000,23.9,5.5,0,0,0,0,1
2026-06-20,S03,P002,Artisanal White Bread 400g,77.0,45.0,0.0,0,195.0,0.0,118.0,40.0,2,Bakery,Bread,DailyBake,45.0,30.0,5,Hypermarket,Bengaluru,45000,9000,23.6,2.1,0,0,1,0,1
2026-06-21,S03,P002,Artisanal White Bread 400g,114.0,45.0,0.0,0,118.0,0.0,4.0,40.0,2,Bakery,Bread,DailyBake,45.0,30.0,5,Hypermarket,Bengaluru,45000,9000,23.7,1.4,0,0,1,0,1
2026-06-22,S03,P002,Artisanal White Bread 400g,4.0,45.0,0.0,0,4.0,0.0,0.0,40.0,2,Bakery,Bread,DailyBake,45.0,30.0,5,Hypermarket,Bengaluru,45000,9000,24.3,2.2,0,0,0,0,1
2026-06-23,S03,P002,Artisanal White Bread 400g,77.0,45.0,0.0,0,525.0,525.0,448.0,40.0,2,Bakery,Bread,DailyBake,45.0,30.0,5,Hypermarket,Bengaluru,45000,9000,22.2,2.5,0,0,0,0,1
2026-06-24,S03,P002,Artisanal White Bread 400g,68.0,45.0,0.0,0,448.0,0.0,380.0,40.0,2,Bakery,Bread,DailyBake,45.0,30.0,5,Hypermarket,Bengaluru,45000,9000,22.0,2.0,0,0,0,0,1
2026-06-25,S03,P002,Artisanal White Bread 400g,90.0,45.0,0.0,0,380.0,0.0,290.0,40.0,2,Bakery,Bread,DailyBake,45.0,30.0,5,Hypermarket,Bengaluru,45000,9000,23.0,8.3,0,0,0,0,1
2026-06-26,S03,P002,Artisanal White Bread 400g,76.0,45.0,0.0,0,290.0,0.0,214.0,40.0,2,Bakery,Bread,DailyBake,45.0,30.0,5,Hypermarket,Bengaluru,45000,9000,23.9,7.9,0,0,0,0,1
2026-06-27,S03,P002,Artisanal White Bread 400g,110.0,45.0,0.0,0,214.0,0.0,104.0,40.0,2,Bakery,Bread,DailyBake,45.0,30.0,5,Hypermarket,Bengaluru,45000,9000,22.4,2.0,0,0,1,0,1
2026-06-28,S03,P002,Artisanal White Bread 400g,98.0,38.25,0.15,1,104.0,0.0,6.0,40.0,2,Bakery,Bread,DailyBake,45.0,30.0,5,Hypermarket,Bengaluru,45000,9000,21.7,2.7,0,0,1,0,1
2026-06-29,S03,P002,Artisanal White Bread 400g,6.0,45.0,0.0,0,6.0,0.0,0.0,40.0,2,Bakery,Bread,DailyBake,45.0,30.0,5,Hypermarket,Bengaluru,45000,9000,22.8,5.4,0,0,0,0,1
2026-01-01,S03,P003,Sparkling Soda 500ml,130.0,35.0,0.0,0,210.0,0.0,80.0,70.0,3,Beverages,Cold Drinks,FizzPop,35.0,20.0,180,Hypermarket,Bengaluru,45000,9000,22.3,0.4,1,0,0,0,1
2026-01-02,S03,P003,Sparkling Soda 500ml,80.0,35.0,0.0,0,80.0,0.0,0.0,70.0,3,Beverages,Cold Drinks,FizzPop,35.0,20.0,180,Hypermarket,Bengaluru,45000,9000,22.1,0.1,0,0,0,0,1
2026-01-03,S03,P003,Sparkling Soda 500ml,0.0,35.0,0.0,0,0.0,0.0,0.0,70.0,3,Beverages,Cold Drinks,FizzPop,35.0,20.0,180,Hypermarket,Bengaluru,45000,9000,21.0,0.7,0,0,1,0,1
2026-01-04,S03,P003,Sparkling Soda 500ml,0.0,35.0,0.0,0,0.0,0.0,0.0,70.0,3,Beverages,Cold Drinks,FizzPop,35.0,20.0,180,Hypermarket,Bengaluru,45000,9000,24.0,0.0,0,0,1,0,1
2026-01-05,S03,P003,Sparkling Soda 500ml,127.0,35.0,0.0,0,962.0,962.0,835.0,70.0,3,Beverages,Cold Drinks,FizzPop,35.0,20.0,180,Hypermarket,Bengaluru,45000,9000,26.3,0.2,0,0,0,0,1
2026-01-06,S03,P003,Sparkling Soda 500ml,143.0,35.0,0.0,0,835.0,0.0,692.0,70.0,3,Beverages,Cold Drinks,FizzPop,35.0,20.0,180,Hypermarket,Bengaluru,45000,9000,24.0,0.1,0,0,0,0,1
2026-01-07,S03,P003,Sparkling Soda 500ml,133.0,35.0,0.0,0,692.0,0.0,559.0,70.0,3,Beverages,Cold Drinks,FizzPop,35.0,20.0,180,Hypermarket,Bengaluru,45000,9000,25.3,1.1,0,0,0,0,1
2026-01-08,S03,P003,Sparkling Soda 500ml,122.0,35.0,0.0,0,559.0,0.0,437.0,70.0,3,Beverages,Cold Drinks,FizzPop,35.0,20.0,180,Hypermarket,Bengaluru,45000,9000,22.2,0.4,0,0,0,0,1
2026-01-09,S03,P003,Sparkling Soda 500ml,144.0,35.0,0.0,0,437.0,0.0,293.0,70.0,3,Beverages,Cold Drinks,FizzPop,35.0,20.0,180,Hypermarket,Bengaluru,45000,9000,20.5,0.8,0,0,0,0,1
2026-01-10,S03,P003,Sparkling Soda 500ml,179.0,35.0,0.0,0,293.0,0.0,114.0,70.0,3,Beverages,Cold Drinks,FizzPop,35.0,20.0,180,Hypermarket,Bengaluru,45000,9000,24.3,0.9,0,0,1,0,1
2026-01-11,S03,P003,Sparkling Soda 500ml,114.0,35.0,0.0,0,114.0,0.0,0.0,70.0,3,Beverages,Cold Drinks,FizzPop,35.0,20.0,180,Hypermarket,Bengaluru,45000,9000,24.4,0.1,0,0,1,1,1
2026-01-12,S03,P003,Sparkling Soda 500ml,0.0,35.0,0.0,0,0.0,0.0,0.0,70.0,3,Beverages,Cold Drinks,FizzPop,35.0,20.0,180,Hypermarket,Bengaluru,45000,9000,22.3,0.3,0,0,0,0,1
2026-01-13,S03,P003,Sparkling Soda 500ml,0.0,35.0,0.0,0,0.0,0.0,0.0,70.0,3,Beverages,Cold Drinks,FizzPop,35.0,20.0,180,Hypermarket,Bengaluru,45000,9000,25.2,0.6,0,0,0,0,1
2026-01-14,S03,P003,Sparkling Soda 500ml,120.0,35.0,0.0,0,962.0,962.0,842.0,70.0,3,Beverages,Cold Drinks,FizzPop,35.0,20.0,180,Hypermarket,Bengaluru,45000,9000,22.6,0.4,0,0,0,0,1
2026-01-15,S03,P003,Sparkling Soda 500ml,163.0,35.0,0.0,0,842.0,0.0,679.0,70.0,3,Beverages,Cold Drinks,FizzPop,35.0,20.0,180,Hypermarket,Bengaluru,45000,9000,20.5,1.5,0,0,0,0,1
2026-01-16,S03,P003,Sparkling Soda 500ml,161.0,35.0,0.0,0,679.0,0.0,518.0,70.0,3,Beverages,Cold Drinks,FizzPop,35.0,20.0,180,Hypermarket,Bengaluru,45000,9000,21.1,0.0,0,0,0,0,1
2026-01-17,S03,P003,Sparkling Soda 500ml,151.0,35.0,0.0,0,518.0,0.0,367.0,70.0,3,Beverages,Cold Drinks,FizzPop,35.0,20.0,180,Hypermarket,Bengaluru,45000,9000,26.7,0.9,0,0,1,0,1
2026-01-18,S03,P003,Sparkling Soda 500ml,131.0,35.0,0.0,0,367.0,0.0,236.0,70.0,3,Beverages,Cold Drinks,FizzPop,35.0,20.0,180,Hypermarket,Bengaluru,45000,9000,25.0,0.8,0,0,1,0,1
2026-01-19,S03,P003,Sparkling Soda 500ml,174.0,35.0,0.0,0,236.0,0.0,62.0,70.0,3,Beverages,Cold Drinks,FizzPop,35.0,20.0,180,Hypermarket,Bengaluru,45000,9000,29.5,0.3,0,0,0,0,1
2026-01-20,S03,P003,Sparkling Soda 500ml,62.0,35.0,0.0,0,62.0,0.0,0.0,70.0,3,Beverages,Cold Drinks,FizzPop,35.0,20.0,180,Hypermarket,Bengaluru,45000,9000,26.9,0.0,0,0,0,0,1
2026-01-21,S03,P003,Sparkling Soda 500ml,0.0,35.0,0.0,0,0.0,0.0,0.0,70.0,3,Beverages,Cold Drinks,FizzPop,35.0,20.0,180,Hypermarket,Bengaluru,45000,9000,26.4,1.7,0,0,0,0,1
2026-01-22,S03,P003,Sparkling Soda 500ml,153.0,35.0,0.0,0,962.0,962.0,809.0,70.0,3,Beverages,Cold Drinks,FizzPop,35.0,20.0,180,Hypermarket,Bengaluru,45000,9000,26.4,0.2,0,0,0,0,1
2026-01-23,S03,P003,Sparkling Soda 500ml,184.0,31.5,0.1,1,809.0,0.0,625.0,70.0,3,Beverages,Cold Drinks,FizzPop,35.0,20.0,180,Hypermarket,Bengaluru,45000,9000,25.0,0.1,0,0,0,0,1
2026-01-24,S03,P003,Sparkling Soda 500ml,181.0,35.0,0.0,0,625.0,0.0,444.0,70.0,3,Beverages,Cold Drinks,FizzPop,35.0,20.0,180,Hypermarket,Bengaluru,45000,9000,24.1,0.0,0,0,1,0,1
2026-01-25,S03,P003,Sparkling Soda 500ml,219.0,35.0,0.0,1,444.0,0.0,225.0,70.0,3,Beverages,Cold Drinks,FizzPop,35.0,20.0,180,Hypermarket,Bengaluru,45000,9000,25.2,0.2,0,0,1,0,1
2026-01-26,S03,P003,Sparkling Soda 500ml,203.0,35.0,0.0,0,225.0,0.0,22.0,70.0,3,Beverages,Cold Drinks,FizzPop,35.0,20.0,180,Hypermarket,Bengaluru,45000,9000,23.0,0.1,1,1,0,0,1
2026-01-27,S03,P003,Sparkling Soda 500ml,22.0,35.0,0.0,0,22.0,0.0,0.0,70.0,3,Beverages,Cold Drinks,FizzPop,35.0,20.0,180,Hypermarket,Bengaluru,45000,9000,25.8,0.5,0,0,0,0,1
2026-01-28,S03,P003,Sparkling Soda 500ml,0.0,35.0,0.0,0,0.0,0.0,0.0,70.0,3,Beverages,Cold Drinks,FizzPop,35.0,20.0,180,Hypermarket,Bengaluru,45000,9000,26.3,0.1,0,0,0,0,1
2026-01-29,S03,P003,Sparkling Soda 500ml,126.0,35.0,0.0,0,962.0,962.0,836.0,70.0,3,Beverages,Cold Drinks,FizzPop,35.0,20.0,180,Hypermarket,Bengaluru,45000,9000,26.2,0.0,0,0,0,0,1
2026-01-30,S03,P003,Sparkling Soda 500ml,117.0,35.0,0.0,0,836.0,0.0,719.0,70.0,3,Beverages,Cold Drinks,FizzPop,35.0,20.0,180,Hypermarket,Bengaluru,45000,9000,24.9,0.0,0,0,0,0,1
2026-01-31,S03,P003,Sparkling Soda 500ml,188.0,35.0,0.0,0,719.0,0.0,531.0,70.0,3,Beverages,Cold Drinks,FizzPop,35.0,20.0,180,Hypermarket,Bengaluru,45000,9000,27.2,0.2,0,0,1,0,1
2026-02-01,S03,P003,Sparkling Soda 500ml,151.0,35.0,0.0,0,531.0,0.0,380.0,70.0,3,Beverages,Cold Drinks,FizzPop,35.0,20.0,180,Hypermarket,Bengaluru,45000,9000,25.4,0.7,0,0,1,0,1
2026-02-02,S03,P003,Sparkling Soda 500ml,129.0,35.0,0.0,0,380.0,0.0,251.0,70.0,3,Beverages,Cold Drinks,FizzPop,35.0,20.0,180,Hypermarket,Bengaluru,45000,9000,27.2,0.5,0,0,0,0,1
2026-02-03,S03,P003,Sparkling Soda 500ml,139.0,35.0,0.0,0,251.0,0.0,112.0,70.0,3,Beverages,Cold Drinks,FizzPop,35.0,20.0,180,Hypermarket,Bengaluru,45000,9000,26.6,0.5,0,0,0,0,1
2026-02-04,S03,P003,Sparkling Soda 500ml,112.0,35.0,0.0,0,112.0,0.0,0.0,70.0,3,Beverages,Cold Drinks,FizzPop,35.0,20.0,180,Hypermarket,Bengaluru,45000,9000,27.9,0.5,0,0,0,0,1
2026-02-05,S03,P003,Sparkling Soda 500ml,0.0,35.0,0.0,0,0.0,0.0,0.0,70.0,3,Beverages,Cold Drinks,FizzPop,35.0,20.0,180,Hypermarket,Bengaluru,45000,9000,29.4,0.2,0,0,0,0,1
2026-02-06,S03,P003,Sparkling Soda 500ml,0.0,35.0,0.0,0,0.0,0.0,0.0,70.0,3,Beverages,Cold Drinks,FizzPop,35.0,20.0,180,Hypermarket,Bengaluru,45000,9000,30.2,1.1,0,0,0,0,1
2026-02-07,S03,P003,Sparkling Soda 500ml,228.0,35.0,0.0,0,962.0,962.0,734.0,70.0,3,Beverages,Cold Drinks,FizzPop,35.0,20.0,180,Hypermarket,Bengaluru,45000,9000,26.8,0.3,0,0,1,0,1
2026-02-08,S03,P003,Sparkling Soda 500ml,161.0,35.0,0.0,0,734.0,0.0,573.0,70.0,3,Beverages,Cold Drinks,FizzPop,35.0,20.0,180,Hypermarket,Bengaluru,45000,9000,24.7,0.2,0,0,1,0,1
2026-02-09,S03,P003,Sparkling Soda 500ml,150.0,35.0,0.0,0,573.0,0.0,423.0,70.0,3,Beverages,Cold Drinks,FizzPop,35.0,20.0,180,Hypermarket,Bengaluru,45000,9000,26.4,0.3,0,0,0,0,1
2026-02-10,S03,P003,Sparkling Soda 500ml,139.0,35.0,0.0,0,423.0,0.0,284.0,70.0,3,Beverages,Cold Drinks,FizzPop,35.0,20.0,180,Hypermarket,Bengaluru,45000,9000,27.4,1.0,0,0,0,1,1
2026-02-11,S03,P003,Sparkling Soda 500ml,135.0,35.0,0.0,0,284.0,0.0,149.0,70.0,3,Beverages,Cold Drinks,FizzPop,35.0,20.0,180,Hypermarket,Bengaluru,45000,9000,27.2,0.3,0,0,0,0,1
2026-02-12,S03,P003,Sparkling Soda 500ml,133.0,35.0,0.0,0,149.0,0.0,16.0,70.0,3,Beverages,Cold Drinks,FizzPop,35.0,20.0,180,Hypermarket,Bengaluru,45000,9000,27.1,0.4,0,0,0,0,1
2026-02-13,S03,P003,Sparkling Soda 500ml,16.0,35.0,0.0,0,16.0,0.0,0.0,70.0,3,Beverages,Cold Drinks,FizzPop,35.0,20.0,180,Hypermarket,Bengaluru,45000,9000,28.6,0.9,0,0,0,0,1
2026-02-14,S03,P003,Sparkling Soda 500ml,0.0,35.0,0.0,0,0.0,0.0,0.0,70.0,3,Beverages,Cold Drinks,FizzPop,35.0,20.0,180,Hypermarket,Bengaluru,45000,9000,29.5,1.5,0,0,1,0,1
2026-02-15,S03,P003,Sparkling Soda 500ml,228.0,31.5,0.1,1,962.0,962.0,734.0,70.0,3,Beverages,Cold Drinks,FizzPop,35.0,20.0,180,Hypermarket,Bengaluru,45000,9000,26.0,0.0,0,0,1,0,1
2026-02-16,S03,P003,Sparkling Soda 500ml,148.0,35.0,0.0,0,734.0,0.0,586.0,70.0,3,Beverages,Cold Drinks,FizzPop,35.0,20.0,180,Hypermarket,Bengaluru,45000,9000,26.9,0.2,0,0,0,0,1
2026-02-17,S03,P003,Sparkling Soda 500ml,178.0,35.0,0.0,0,586.0,0.0,408.0,70.0,3,Beverages,Cold Drinks,FizzPop,35.0,20.0,180,Hypermarket,Bengaluru,45000,9000,29.0,0.1,0,0,0,0,1
2026-02-18,S03,P003,Sparkling Soda 500ml,136.0,35.0,0.0,0,408.0,0.0,272.0,70.0,3,Beverages,Cold Drinks,FizzPop,35.0,20.0,180,Hypermarket,Bengaluru,45000,9000,30.3,0.0,0,0,0,0,1
2026-02-19,S03,P003,Sparkling Soda 500ml,155.0,35.0,0.0,0,272.0,0.0,117.0,70.0,3,Beverages,Cold Drinks,FizzPop,35.0,20.0,180,Hypermarket,Bengaluru,45000,9000,27.2,0.2,0,0,0,0,1
2026-02-20,S03,P003,Sparkling Soda 500ml,116.0,35.0,0.0,0,117.0,0.0,1.0,70.0,3,Beverages,Cold Drinks,FizzPop,35.0,20.0,180,Hypermarket,Bengaluru,45000,9000,24.9,0.2,0,0,0,0,1
2026-02-21,S03,P003,Sparkling Soda 500ml,1.0,35.0,0.0,0,1.0,0.0,0.0,70.0,3,Beverages,Cold Drinks,FizzPop,35.0,20.0,180,Hypermarket,Bengaluru,45000,9000,28.5,0.4,0,0,1,0,1
2026-02-22,S03,P003,Sparkling Soda 500ml,0.0,35.0,0.0,0,0.0,0.0,0.0,70.0,3,Beverages,Cold Drinks,FizzPop,35.0,20.0,180,Hypermarket,Bengaluru,45000,9000,28.4,0.3,0,0,1,0,1
2026-02-23,S03,P003,Sparkling Soda 500ml,164.0,35.0,0.0,0,962.0,962.0,798.0,70.0,3,Beverages,Cold Drinks,FizzPop,35.0,20.0,180,Hypermarket,Bengaluru,45000,9000,27.8,1.6,0,0,0,0,1
2026-02-24,S03,P003,Sparkling Soda 500ml,174.0,35.0,0.0,0,798.0,0.0,624.0,70.0,3,Beverages,Cold Drinks,FizzPop,35.0,20.0,180,Hypermarket,Bengaluru,45000,9000,28.8,1.0,0,0,0,0,1
2026-02-25,S03,P003,Sparkling Soda 500ml,143.0,35.0,0.0,0,624.0,0.0,481.0,70.0,3,Beverages,Cold Drinks,FizzPop,35.0,20.0,180,Hypermarket,Bengaluru,45000,9000,26.4,0.4,0,0,0,0,1
2026-02-26,S03,P003,Sparkling Soda 500ml,150.0,35.0,0.0,0,481.0,0.0,331.0,70.0,3,Beverages,Cold Drinks,FizzPop,35.0,20.0,180,Hypermarket,Bengaluru,45000,9000,23.7,0.2,0,0,0,0,1
2026-02-27,S03,P003,Sparkling Soda 500ml,172.0,35.0,0.0,0,331.0,0.0,159.0,70.0,3,Beverages,Cold Drinks,FizzPop,35.0,20.0,180,Hypermarket,Bengaluru,45000,9000,30.4,0.1,0,0,0,0,1
2026-02-28,S03,P003,Sparkling Soda 500ml,159.0,35.0,0.0,0,159.0,0.0,0.0,70.0,3,Beverages,Cold Drinks,FizzPop,35.0,20.0,180,Hypermarket,Bengaluru,45000,9000,31.7,0.2,0,0,1,0,1
2026-03-01,S03,P003,Sparkling Soda 500ml,0.0,35.0,0.0,0,0.0,0.0,0.0,70.0,3,Beverages,Cold Drinks,FizzPop,35.0,20.0,180,Hypermarket,Bengaluru,45000,9000,28.6,0.6,0,0,1,0,1
2026-03-02,S03,P003,Sparkling Soda 500ml,0.0,35.0,0.0,0,0.0,0.0,0.0,70.0,3,Beverages,Cold Drinks,FizzPop,35.0,20.0,180,Hypermarket,Bengaluru,45000,9000,25.9,0.5,0,0,0,0,1
2026-03-03,S03,P003,Sparkling Soda 500ml,184.0,35.0,0.0,0,962.0,962.0,778.0,70.0,3,Beverages,Cold Drinks,FizzPop,35.0,20.0,180,Hypermarket,Bengaluru,45000,9000,29.3,0.1,0,0,0,1,1
2026-03-04,S03,P003,Sparkling Soda 500ml,129.0,35.0,0.0,0,778.0,0.0,649.0,70.0,3,Beverages,Cold Drinks,FizzPop,35.0,20.0,180,Hypermarket,Bengaluru,45000,9000,27.0,0.1,0,0,0,0,1
2026-03-05,S03,P003,Sparkling Soda 500ml,169.0,35.0,0.0,1,649.0,0.0,480.0,70.0,3,Beverages,Cold Drinks,FizzPop,35.0,20.0,180,Hypermarket,Bengaluru,45000,9000,28.9,0.1,0,0,0,0,1
2026-03-06,S03,P003,Sparkling Soda 500ml,154.0,35.0,0.0,0,480.0,0.0,326.0,70.0,3,Beverages,Cold Drinks,FizzPop,35.0,20.0,180,Hypermarket,Bengaluru,45000,9000,29.0,0.3,0,0,0,0,1
2026-03-07,S03,P003,Sparkling Soda 500ml,231.0,35.0,0.0,0,326.0,0.0,95.0,70.0,3,Beverages,Cold Drinks,FizzPop,35.0,20.0,180,Hypermarket,Bengaluru,45000,9000,32.1,0.4,0,0,1,0,1
2026-03-08,S03,P003,Sparkling Soda 500ml,95.0,35.0,0.0,0,95.0,0.0,0.0,70.0,3,Beverages,Cold Drinks,FizzPop,35.0,20.0,180,Hypermarket,Bengaluru,45000,9000,30.6,1.8,0,1,1,0,1
2026-03-09,S03,P003,Sparkling Soda 500ml,0.0,35.0,0.0,0,0.0,0.0,0.0,70.0,3,Beverages,Cold Drinks,FizzPop,35.0,20.0,180,Hypermarket,Bengaluru,45000,9000,31.8,0.3,0,0,0,0,1
2026-03-10,S03,P003,Sparkling Soda 500ml,0.0,35.0,0.0,0,0.0,0.0,0.0,70.0,3,Beverages,Cold Drinks,FizzPop,35.0,20.0,180,Hypermarket,Bengaluru,45000,9000,31.7,0.3,0,0,0,0,1
2026-03-11,S03,P003,Sparkling Soda 500ml,182.0,35.0,0.0,0,962.0,962.0,780.0,70.0,3,Beverages,Cold Drinks,FizzPop,35.0,20.0,180,Hypermarket,Bengaluru,45000,9000,30.3,0.4,0,0,0,0,1
2026-03-12,S03,P003,Sparkling Soda 500ml,152.0,35.0,0.0,0,780.0,0.0,628.0,70.0,3,Beverages,Cold Drinks,FizzPop,35.0,20.0,180,Hypermarket,Bengaluru,45000,9000,29.4,0.8,0,0,0,0,1
2026-03-13,S03,P003,Sparkling Soda 500ml,158.0,35.0,0.0,0,628.0,0.0,470.0,70.0,3,Beverages,Cold Drinks,FizzPop,35.0,20.0,180,Hypermarket,Bengaluru,45000,9000,29.5,0.0,0,0,0,0,1
2026-03-14,S03,P003,Sparkling Soda 500ml,254.0,35.0,0.0,0,470.0,0.0,216.0,70.0,3,Beverages,Cold Drinks,FizzPop,35.0,20.0,180,Hypermarket,Bengaluru,45000,9000,30.2,0.2,0,0,1,0,1
2026-03-15,S03,P003,Sparkling Soda 500ml,202.0,35.0,0.0,0,216.0,0.0,14.0,70.0,3,Beverages,Cold Drinks,FizzPop,35.0,20.0,180,Hypermarket,Bengaluru,45000,9000,30.1,1.2,0,0,1,0,1
2026-03-16,S03,P003,Sparkling Soda 500ml,14.0,35.0,0.0,0,14.0,0.0,0.0,70.0,3,Beverages,Cold Drinks,FizzPop,35.0,20.0,180,Hypermarket,Bengaluru,45000,9000,29.8,0.6,0,0,0,0,1
2026-03-17,S03,P003,Sparkling Soda 500ml,0.0,35.0,0.0,0,0.0,0.0,0.0,70.0,3,Beverages,Cold Drinks,FizzPop,35.0,20.0,180,Hypermarket,Bengaluru,45000,9000,32.2,1.4,0,0,0,0,1
2026-03-18,S03,P003,Sparkling Soda 500ml,162.0,35.0,0.0,0,962.0,962.0,800.0,70.0,3,Beverages,Cold Drinks,FizzPop,35.0,20.0,180,Hypermarket,Bengaluru,45000,9000,29.2,0.3,0,0,0,0,1
2026-03-19,S03,P003,Sparkling Soda 500ml,115.0,35.0,0.0,0,800.0,0.0,685.0,70.0,3,Beverages,Cold Drinks,FizzPop,35.0,20.0,180,Hypermarket,Bengaluru,45000,9000,27.9,2.2,0,0,0,0,1
2026-03-20,S03,P003,Sparkling Soda 500ml,183.0,35.0,0.0,0,685.0,0.0,502.0,70.0,3,Beverages,Cold Drinks,FizzPop,35.0,20.0,180,Hypermarket,Bengaluru,45000,9000,30.5,1.1,0,0,0,0,1
2026-03-21,S03,P003,Sparkling Soda 500ml,237.0,35.0,0.0,0,502.0,0.0,265.0,70.0,3,Beverages,Cold Drinks,FizzPop,35.0,20.0,180,Hypermarket,Bengaluru,45000,9000,29.3,1.2,0,0,1,0,1
2026-03-22,S03,P003,Sparkling Soda 500ml,169.0,35.0,0.0,0,265.0,0.0,96.0,70.0,3,Beverages,Cold Drinks,FizzPop,35.0,20.0,180,Hypermarket,Bengaluru,45000,9000,27.6,0.2,0,0,1,0,1
2026-03-23,S03,P003,Sparkling Soda 500ml,96.0,35.0,0.0,0,96.0,0.0,0.0,70.0,3,Beverages,Cold Drinks,FizzPop,35.0,20.0,180,Hypermarket,Bengaluru,45000,9000,25.9,0.3,0,0,0,0,1
2026-03-24,S03,P003,Sparkling Soda 500ml,0.0,35.0,0.0,0,0.0,0.0,0.0,70.0,3,Beverages,Cold Drinks,FizzPop,35.0,20.0,180,Hypermarket,Bengaluru,45000,9000,30.6,0.5,0,0,0,0,1
2026-03-25,S03,P003,Sparkling Soda 500ml,0.0,35.0,0.0,0,0.0,0.0,0.0,70.0,3,Beverages,Cold Drinks,FizzPop,35.0,20.0,180,Hypermarket,Bengaluru,45000,9000,32.6,0.2,0,1,0,0,1
2026-03-26,S03,P003,Sparkling Soda 500ml,267.0,28.0,0.2,1,962.0,962.0,695.0,70.0,3,Beverages,Cold Drinks,FizzPop,35.0,20.0,180,Hypermarket,Bengaluru,45000,9000,28.8,0.4,0,0,0,1,1
2026-03-27,S03,P003,Sparkling Soda 500ml,172.0,35.0,0.0,0,695.0,0.0,523.0,70.0,3,Beverages,Cold Drinks,FizzPop,35.0,20.0,180,Hypermarket,Bengaluru,45000,9000,33.9,0.5,0,0,0,0,1
2026-03-28,S03,P003,Sparkling Soda 500ml,244.0,35.0,0.0,0,523.0,0.0,279.0,70.0,3,Beverages,Cold Drinks,FizzPop,35.0,20.0,180,Hypermarket,Bengaluru,45000,9000,28.5,0.6,0,0,1,0,1
2026-03-29,S03,P003,Sparkling Soda 500ml,247.0,35.0,0.0,0,279.0,0.0,32.0,70.0,3,Beverages,Cold Drinks,FizzPop,35.0,20.0,180,Hypermarket,Bengaluru,45000,9000,31.4,0.0,0,0,1,0,1
2026-03-30,S03,P003,Sparkling Soda 500ml,32.0,35.0,0.0,0,32.0,0.0,0.0,70.0,3,Beverages,Cold Drinks,FizzPop,35.0,20.0,180,Hypermarket,Bengaluru,45000,9000,26.6,0.0,0,0,0,0,1
2026-03-31,S03,P003,Sparkling Soda 500ml,0.0,35.0,0.0,0,0.0,0.0,0.0,70.0,3,Beverages,Cold Drinks,FizzPop,35.0,20.0,180,Hypermarket,Bengaluru,45000,9000,30.3,0.9,0,0,0,0,1
2026-04-01,S03,P003,Sparkling Soda 500ml,151.0,35.0,0.0,0,962.0,962.0,811.0,70.0,3,Beverages,Cold Drinks,FizzPop,35.0,20.0,180,Hypermarket,Bengaluru,45000,9000,31.3,1.5,0,0,0,0,1
2026-04-02,S03,P003,Sparkling Soda 500ml,164.0,35.0,0.0,1,811.0,0.0,647.0,70.0,3,Beverages,Cold Drinks,FizzPop,35.0,20.0,180,Hypermarket,Bengaluru,45000,9000,27.4,0.3,0,0,0,0,1
2026-04-03,S03,P003,Sparkling Soda 500ml,162.0,35.0,0.0,0,647.0,0.0,485.0,70.0,3,Beverages,Cold Drinks,FizzPop,35.0,20.0,180,Hypermarket,Bengaluru,45000,9000,33.1,0.8,0,0,0,0,1
2026-04-04,S03,P003,Sparkling Soda 500ml,213.0,35.0,0.0,0,485.0,0.0,272.0,70.0,3,Beverages,Cold Drinks,FizzPop,35.0,20.0,180,Hypermarket,Bengaluru,45000,9000,26.2,0.1,0,0,1,0,1
2026-04-05,S03,P003,Sparkling Soda 500ml,227.0,35.0,0.0,0,272.0,0.0,45.0,70.0,3,Beverages,Cold Drinks,FizzPop,35.0,20.0,180,Hypermarket,Bengaluru,45000,9000,31.3,0.8,0,0,1,0,1
2026-04-06,S03,P003,Sparkling Soda 500ml,45.0,35.0,0.0,0,45.0,0.0,0.0,70.0,3,Beverages,Cold Drinks,FizzPop,35.0,20.0,180,Hypermarket,Bengaluru,45000,9000,30.5,0.6,0,0,0,0,1
2026-04-07,S03,P003,Sparkling Soda 500ml,0.0,35.0,0.0,0,0.0,0.0,0.0,70.0,3,Beverages,Cold Drinks,FizzPop,35.0,20.0,180,Hypermarket,Bengaluru,45000,9000,30.5,1.0,0,0,0,0,1
2026-04-08,S03,P003,Sparkling Soda 500ml,222.0,29.75,0.15,1,962.0,962.0,740.0,70.0,3,Beverages,Cold Drinks,FizzPop,35.0,20.0,180,Hypermarket,Bengaluru,45000,9000,33.3,0.3,0,0,0,0,1
2026-04-09,S03,P003,Sparkling Soda 500ml,181.0,35.0,0.0,0,740.0,0.0,559.0,70.0,3,Beverages,Cold Drinks,FizzPop,35.0,20.0,180,Hypermarket,Bengaluru,45000,9000,30.2,0.7,0,0,0,0,1
2026-04-10,S03,P003,Sparkling Soda 500ml,151.0,35.0,0.0,0,559.0,0.0,408.0,70.0,3,Beverages,Cold Drinks,FizzPop,35.0,20.0,180,Hypermarket,Bengaluru,45000,9000,30.0,0.6,0,0,0,1,1
2026-04-11,S03,P003,Sparkling Soda 500ml,257.0,35.0,0.0,0,408.0,0.0,151.0,70.0,3,Beverages,Cold Drinks,FizzPop,35.0,20.0,180,Hypermarket,Bengaluru,45000,9000,29.2,0.7,0,0,1,0,1
2026-04-12,S03,P003,Sparkling Soda 500ml,146.0,35.0,0.0,0,151.0,0.0,5.0,70.0,3,Beverages,Cold Drinks,FizzPop,35.0,20.0,180,Hypermarket,Bengaluru,45000,9000,27.8,0.1,0,0,1,0,1
2026-04-13,S03,P003,Sparkling Soda 500ml,5.0,35.0,0.0,0,5.0,0.0,0.0,70.0,3,Beverages,Cold Drinks,FizzPop,35.0,20.0,180,Hypermarket,Bengaluru,45000,9000,29.5,0.1,0,0,0,0,1
2026-04-14,S03,P003,Sparkling Soda 500ml,0.0,31.5,0.1,1,0.0,0.0,0.0,70.0,3,Beverages,Cold Drinks,FizzPop,35.0,20.0,180,Hypermarket,Bengaluru,45000,9000,27.8,0.7,1,0,0,0,1
2026-04-15,S03,P003,Sparkling Soda 500ml,151.0,35.0,0.0,0,962.0,962.0,811.0,70.0,3,Beverages,Cold Drinks,FizzPop,35.0,20.0,180,Hypermarket,Bengaluru,45000,9000,32.9,1.0,0,0,0,0,1
2026-04-16,S03,P003,Sparkling Soda 500ml,167.0,35.0,0.0,0,811.0,0.0,644.0,70.0,3,Beverages,Cold Drinks,FizzPop,35.0,20.0,180,Hypermarket,Bengaluru,45000,9000,29.5,0.3,0,0,0,0,1
2026-04-17,S03,P003,Sparkling Soda 500ml,154.0,35.0,0.0,0,644.0,0.0,490.0,70.0,3,Beverages,Cold Drinks,FizzPop,35.0,20.0,180,Hypermarket,Bengaluru,45000,9000,25.6,1.0,0,0,0,0,1
2026-04-18,S03,P003,Sparkling Soda 500ml,207.0,35.0,0.0,0,490.0,0.0,283.0,70.0,3,Beverages,Cold Drinks,FizzPop,35.0,20.0,180,Hypermarket,Bengaluru,45000,9000,28.7,0.1,0,0,1,0,1
2026-04-19,S03,P003,Sparkling Soda 500ml,186.0,35.0,0.0,0,283.0,0.0,97.0,70.0,3,Beverages,Cold Drinks,FizzPop,35.0,20.0,180,Hypermarket,Bengaluru,45000,9000,28.2,0.9,0,0,1,0,1
2026-04-20,S03,P003,Sparkling Soda 500ml,97.0,35.0,0.0,0,97.0,0.0,0.0,70.0,3,Beverages,Cold Drinks,FizzPop,35.0,20.0,180,Hypermarket,Bengaluru,45000,9000,31.0,0.1,0,0,0,0,1
2026-04-21,S03,P003,Sparkling Soda 500ml,0.0,28.0,0.2,1,0.0,0.0,0.0,70.0,3,Beverages,Cold Drinks,FizzPop,35.0,20.0,180,Hypermarket,Bengaluru,45000,9000,28.1,0.1,0,0,0,0,1
2026-04-22,S03,P003,Sparkling Soda 500ml,0.0,35.0,0.0,0,0.0,0.0,0.0,70.0,3,Beverages,Cold Drinks,FizzPop,35.0,20.0,180,Hypermarket,Bengaluru,45000,9000,29.4,0.1,0,0,0,0,1
2026-04-23,S03,P003,Sparkling Soda 500ml,154.0,35.0,0.0,0,962.0,962.0,808.0,70.0,3,Beverages,Cold Drinks,FizzPop,35.0,20.0,180,Hypermarket,Bengaluru,45000,9000,30.5,0.3,0,0,0,0,1
2026-04-24,S03,P003,Sparkling Soda 500ml,145.0,35.0,0.0,1,808.0,0.0,663.0,70.0,3,Beverages,Cold Drinks,FizzPop,35.0,20.0,180,Hypermarket,Bengaluru,45000,9000,30.4,0.4,0,0,0,0,1
2026-04-25,S03,P003,Sparkling Soda 500ml,204.0,35.0,0.0,0,663.0,0.0,459.0,70.0,3,Beverages,Cold Drinks,FizzPop,35.0,20.0,180,Hypermarket,Bengaluru,45000,9000,29.4,0.0,0,0,1,0,1
2026-04-26,S03,P003,Sparkling Soda 500ml,209.0,35.0,0.0,1,459.0,0.0,250.0,70.0,3,Beverages,Cold Drinks,FizzPop,35.0,20.0,180,Hypermarket,Bengaluru,45000,9000,29.3,0.7,0,0,1,0,1
2026-04-27,S03,P003,Sparkling Soda 500ml,126.0,35.0,0.0,0,250.0,0.0,124.0,70.0,3,Beverages,Cold Drinks,FizzPop,35.0,20.0,180,Hypermarket,Bengaluru,45000,9000,27.2,0.2,0,0,0,0,1
2026-04-28,S03,P003,Sparkling Soda 500ml,124.0,35.0,0.0,0,124.0,0.0,0.0,70.0,3,Beverages,Cold Drinks,FizzPop,35.0,20.0,180,Hypermarket,Bengaluru,45000,9000,28.7,0.1,0,0,0,0,1
2026-04-29,S03,P003,Sparkling Soda 500ml,0.0,35.0,0.0,0,0.0,0.0,0.0,70.0,3,Beverages,Cold Drinks,FizzPop,35.0,20.0,180,Hypermarket,Bengaluru,45000,9000,30.7,0.4,0,0,0,0,1
2026-04-30,S03,P003,Sparkling Soda 500ml,0.0,35.0,0.0,0,0.0,0.0,0.0,70.0,3,Beverages,Cold Drinks,FizzPop,35.0,20.0,180,Hypermarket,Bengaluru,45000,9000,28.5,0.0,0,0,0,0,1
2026-05-01,S03,P003,Sparkling Soda 500ml,262.0,35.0,0.0,0,962.0,962.0,700.0,70.0,3,Beverages,Cold Drinks,FizzPop,35.0,20.0,180,Hypermarket,Bengaluru,45000,9000,28.4,0.1,1,1,0,0,1
2026-05-02,S03,P003,Sparkling Soda 500ml,235.0,35.0,0.0,0,700.0,0.0,465.0,70.0,3,Beverages,Cold Drinks,FizzPop,35.0,20.0,180,Hypermarket,Bengaluru,45000,9000,30.9,0.2,0,0,1,0,1
2026-05-03,S03,P003,Sparkling Soda 500ml,176.0,35.0,0.0,0,465.0,0.0,289.0,70.0,3,Beverages,Cold Drinks,FizzPop,35.0,20.0,180,Hypermarket,Bengaluru,45000,9000,27.1,0.5,0,0,1,0,1
2026-05-04,S03,P003,Sparkling Soda 500ml,196.0,35.0,0.0,0,289.0,0.0,93.0,70.0,3,Beverages,Cold Drinks,FizzPop,35.0,20.0,180,Hypermarket,Bengaluru,45000,9000,29.3,0.5,0,0,0,0,1
2026-05-05,S03,P003,Sparkling Soda 500ml,93.0,35.0,0.0,0,93.0,0.0,0.0,70.0,3,Beverages,Cold Drinks,FizzPop,35.0,20.0,180,Hypermarket,Bengaluru,45000,9000,31.4,0.5,0,0,0,0,1
2026-05-06,S03,P003,Sparkling Soda 500ml,0.0,35.0,0.0,0,0.0,0.0,0.0,70.0,3,Beverages,Cold Drinks,FizzPop,35.0,20.0,180,Hypermarket,Bengaluru,45000,9000,23.7,0.1,0,0,0,0,1
2026-05-07,S03,P003,Sparkling Soda 500ml,0.0,28.0,0.2,1,0.0,0.0,0.0,70.0,3,Beverages,Cold Drinks,FizzPop,35.0,20.0,180,Hypermarket,Bengaluru,45000,9000,32.5,1.1,0,0,0,0,1
2026-05-08,S03,P003,Sparkling Soda 500ml,147.0,35.0,0.0,0,962.0,962.0,815.0,70.0,3,Beverages,Cold Drinks,FizzPop,35.0,20.0,180,Hypermarket,Bengaluru,45000,9000,31.6,0.6,0,0,0,1,1
2026-05-09,S03,P003,Sparkling Soda 500ml,223.0,35.0,0.0,0,815.0,0.0,592.0,70.0,3,Beverages,Cold Drinks,FizzPop,35.0,20.0,180,Hypermarket,Bengaluru,45000,9000,29.2,0.1,0,0,1,0,1
2026-05-10,S03,P003,Sparkling Soda 500ml,203.0,35.0,0.0,0,592.0,0.0,389.0,70.0,3,Beverages,Cold Drinks,FizzPop,35.0,20.0,180,Hypermarket,Bengaluru,45000,9000,29.5,0.2,0,0,1,0,1
2026-05-11,S03,P003,Sparkling Soda 500ml,112.0,35.0,0.0,0,389.0,0.0,277.0,70.0,3,Beverages,Cold Drinks,FizzPop,35.0,20.0,180,Hypermarket,Bengaluru,45000,9000,27.4,0.3,0,0,0,0,1
2026-05-12,S03,P003,Sparkling Soda 500ml,181.0,29.75,0.15,1,277.0,0.0,96.0,70.0,3,Beverages,Cold Drinks,FizzPop,35.0,20.0,180,Hypermarket,Bengaluru,45000,9000,28.7,1.1,0,0,0,0,1
2026-05-13,S03,P003,Sparkling Soda 500ml,96.0,35.0,0.0,1,96.0,0.0,0.0,70.0,3,Beverages,Cold Drinks,FizzPop,35.0,20.0,180,Hypermarket,Bengaluru,45000,9000,29.4,0.2,0,0,0,0,1
2026-05-14,S03,P003,Sparkling Soda 500ml,0.0,35.0,0.0,0,0.0,0.0,0.0,70.0,3,Beverages,Cold Drinks,FizzPop,35.0,20.0,180,Hypermarket,Bengaluru,45000,9000,25.5,0.3,0,0,0,0,1
2026-05-15,S03,P003,Sparkling Soda 500ml,0.0,35.0,0.0,0,0.0,0.0,0.0,70.0,3,Beverages,Cold Drinks,FizzPop,35.0,20.0,180,Hypermarket,Bengaluru,45000,9000,29.4,3.5,0,0,0,0,1
2026-05-16,S03,P003,Sparkling Soda 500ml,258.0,35.0,0.0,0,962.0,962.0,704.0,70.0,3,Beverages,Cold Drinks,FizzPop,35.0,20.0,180,Hypermarket,Bengaluru,45000,9000,28.6,0.1,0,0,1,0,1
2026-05-17,S03,P003,Sparkling Soda 500ml,228.0,35.0,0.0,0,704.0,0.0,476.0,70.0,3,Beverages,Cold Drinks,FizzPop,35.0,20.0,180,Hypermarket,Bengaluru,45000,9000,25.3,0.4,0,0,1,0,1
2026-05-18,S03,P003,Sparkling Soda 500ml,147.0,35.0,0.0,0,476.0,0.0,329.0,70.0,3,Beverages,Cold Drinks,FizzPop,35.0,20.0,180,Hypermarket,Bengaluru,45000,9000,27.4,0.4,0,0,0,0,1
2026-05-19,S03,P003,Sparkling Soda 500ml,166.0,35.0,0.0,0,329.0,0.0,163.0,70.0,3,Beverages,Cold Drinks,FizzPop,35.0,20.0,180,Hypermarket,Bengaluru,45000,9000,28.6,0.1,0,0,0,0,1
2026-05-20,S03,P003,Sparkling Soda 500ml,163.0,29.75,0.15,1,163.0,0.0,0.0,70.0,3,Beverages,Cold Drinks,FizzPop,35.0,20.0,180,Hypermarket,Bengaluru,45000,9000,30.2,0.6,0,0,0,0,1
2026-05-21,S03,P003,Sparkling Soda 500ml,0.0,35.0,0.0,0,0.0,0.0,0.0,70.0,3,Beverages,Cold Drinks,FizzPop,35.0,20.0,180,Hypermarket,Bengaluru,45000,9000,28.4,0.5,0,0,0,0,1
2026-05-22,S03,P003,Sparkling Soda 500ml,0.0,35.0,0.0,0,0.0,0.0,0.0,70.0,3,Beverages,Cold Drinks,FizzPop,35.0,20.0,180,Hypermarket,Bengaluru,45000,9000,27.7,0.4,0,0,0,0,1
2026-05-23,S03,P003,Sparkling Soda 500ml,211.0,35.0,0.0,0,962.0,962.0,751.0,70.0,3,Beverages,Cold Drinks,FizzPop,35.0,20.0,180,Hypermarket,Bengaluru,45000,9000,25.7,0.1,0,0,1,0,1
2026-05-24,S03,P003,Sparkling Soda 500ml,316.0,28.0,0.2,1,751.0,0.0,435.0,70.0,3,Beverages,Cold Drinks,FizzPop,35.0,20.0,180,Hypermarket,Bengaluru,45000,9000,28.2,0.2,0,0,1,0,1
2026-05-25,S03,P003,Sparkling Soda 500ml,167.0,35.0,0.0,0,435.0,0.0,268.0,70.0,3,Beverages,Cold Drinks,FizzPop,35.0,20.0,180,Hypermarket,Bengaluru,45000,9000,28.6,0.5,0,0,0,0,1
2026-05-26,S03,P003,Sparkling Soda 500ml,165.0,35.0,0.0,0,268.0,0.0,103.0,70.0,3,Beverages,Cold Drinks,FizzPop,35.0,20.0,180,Hypermarket,Bengaluru,45000,9000,28.9,0.8,0,0,0,0,1
2026-05-27,S03,P003,Sparkling Soda 500ml,103.0,35.0,0.0,1,103.0,0.0,0.0,70.0,3,Beverages,Cold Drinks,FizzPop,35.0,20.0,180,Hypermarket,Bengaluru,45000,9000,25.9,0.7,0,0,0,0,1
2026-05-28,S03,P003,Sparkling Soda 500ml,0.0,35.0,0.0,0,0.0,0.0,0.0,70.0,3,Beverages,Cold Drinks,FizzPop,35.0,20.0,180,Hypermarket,Bengaluru,45000,9000,23.9,1.9,0,0,0,0,1
2026-05-29,S03,P003,Sparkling Soda 500ml,0.0,35.0,0.0,1,0.0,0.0,0.0,70.0,3,Beverages,Cold Drinks,FizzPop,35.0,20.0,180,Hypermarket,Bengaluru,45000,9000,28.5,1.1,0,0,0,0,1
2026-05-30,S03,P003,Sparkling Soda 500ml,197.0,35.0,0.0,0,962.0,962.0,765.0,70.0,3,Beverages,Cold Drinks,FizzPop,35.0,20.0,180,Hypermarket,Bengaluru,45000,9000,25.7,1.1,0,0,1,0,1
2026-05-31,S03,P003,Sparkling Soda 500ml,212.0,35.0,0.0,0,765.0,0.0,553.0,70.0,3,Beverages,Cold Drinks,FizzPop,35.0,20.0,180,Hypermarket,Bengaluru,45000,9000,23.7,0.4,0,0,1,0,1
2026-06-01,S03,P003,Sparkling Soda 500ml,151.0,35.0,0.0,0,553.0,0.0,402.0,70.0,3,Beverages,Cold Drinks,FizzPop,35.0,20.0,180,Hypermarket,Bengaluru,45000,9000,24.5,9.1,0,0,0,0,1
2026-06-02,S03,P003,Sparkling Soda 500ml,144.0,35.0,0.0,0,402.0,0.0,258.0,70.0,3,Beverages,Cold Drinks,FizzPop,35.0,20.0,180,Hypermarket,Bengaluru,45000,9000,26.2,5.2,0,0,0,0,1
2026-06-03,S03,P003,Sparkling Soda 500ml,145.0,29.75,0.15,1,258.0,0.0,113.0,70.0,3,Beverages,Cold Drinks,FizzPop,35.0,20.0,180,Hypermarket,Bengaluru,45000,9000,27.0,2.6,0,0,0,0,1
2026-06-04,S03,P003,Sparkling Soda 500ml,113.0,35.0,0.0,0,113.0,0.0,0.0,70.0,3,Beverages,Cold Drinks,FizzPop,35.0,20.0,180,Hypermarket,Bengaluru,45000,9000,25.2,8.5,0,0,0,0,1
2026-06-05,S03,P003,Sparkling Soda 500ml,0.0,31.5,0.1,1,0.0,0.0,0.0,70.0,3,Beverages,Cold Drinks,FizzPop,35.0,20.0,180,Hypermarket,Bengaluru,45000,9000,28.1,4.1,0,0,0,0,1
2026-06-06,S03,P003,Sparkling Soda 500ml,0.0,35.0,0.0,0,0.0,0.0,0.0,70.0,3,Beverages,Cold Drinks,FizzPop,35.0,20.0,180,Hypermarket,Bengaluru,45000,9000,26.0,8.0,0,0,1,0,1
2026-06-07,S03,P003,Sparkling Soda 500ml,224.0,35.0,0.0,0,962.0,962.0,738.0,70.0,3,Beverages,Cold Drinks,FizzPop,35.0,20.0,180,Hypermarket,Bengaluru,45000,9000,26.6,1.0,0,0,1,0,1
2026-06-08,S03,P003,Sparkling Soda 500ml,159.0,29.75,0.15,1,738.0,0.0,579.0,70.0,3,Beverages,Cold Drinks,FizzPop,35.0,20.0,180,Hypermarket,Bengaluru,45000,9000,24.4,2.9,0,0,0,1,1
2026-06-09,S03,P003,Sparkling Soda 500ml,204.0,28.0,0.2,1,579.0,0.0,375.0,70.0,3,Beverages,Cold Drinks,FizzPop,35.0,20.0,180,Hypermarket,Bengaluru,45000,9000,24.4,31.6,0,0,0,0,1
2026-06-10,S03,P003,Sparkling Soda 500ml,120.0,35.0,0.0,0,375.0,0.0,255.0,70.0,3,Beverages,Cold Drinks,FizzPop,35.0,20.0,180,Hypermarket,Bengaluru,45000,9000,25.9,0.7,0,0,0,1,1
2026-06-11,S03,P003,Sparkling Soda 500ml,151.0,35.0,0.0,0,255.0,0.0,104.0,70.0,3,Beverages,Cold Drinks,FizzPop,35.0,20.0,180,Hypermarket,Bengaluru,45000,9000,27.6,0.9,0,0,0,0,1
2026-06-12,S03,P003,Sparkling Soda 500ml,104.0,29.75,0.15,1,104.0,0.0,0.0,70.0,3,Beverages,Cold Drinks,FizzPop,35.0,20.0,180,Hypermarket,Bengaluru,45000,9000,25.5,0.9,0,0,0,0,1
2026-06-13,S03,P003,Sparkling Soda 500ml,0.0,29.75,0.15,1,0.0,0.0,0.0,70.0,3,Beverages,Cold Drinks,FizzPop,35.0,20.0,180,Hypermarket,Bengaluru,45000,9000,25.9,14.5,0,0,1,0,1
2026-06-14,S03,P003,Sparkling Soda 500ml,0.0,35.0,0.0,1,0.0,0.0,0.0,70.0,3,Beverages,Cold Drinks,FizzPop,35.0,20.0,180,Hypermarket,Bengaluru,45000,9000,24.8,8.9,0,0,1,0,1
2026-06-15,S03,P003,Sparkling Soda 500ml,230.0,35.0,0.0,0,962.0,962.0,732.0,70.0,3,Beverages,Cold Drinks,FizzPop,35.0,20.0,180,Hypermarket,Bengaluru,45000,9000,24.6,10.1,0,1,0,0,1
2026-06-16,S03,P003,Sparkling Soda 500ml,146.0,35.0,0.0,0,732.0,0.0,586.0,70.0,3,Beverages,Cold Drinks,FizzPop,35.0,20.0,180,Hypermarket,Bengaluru,45000,9000,23.8,0.1,0,0,0,1,1
2026-06-17,S03,P003,Sparkling Soda 500ml,116.0,35.0,0.0,0,586.0,0.0,470.0,70.0,3,Beverages,Cold Drinks,FizzPop,35.0,20.0,180,Hypermarket,Bengaluru,45000,9000,24.5,5.1,0,0,0,0,1
2026-06-18,S03,P003,Sparkling Soda 500ml,144.0,35.0,0.0,0,470.0,0.0,326.0,70.0,3,Beverages,Cold Drinks,FizzPop,35.0,20.0,180,Hypermarket,Bengaluru,45000,9000,24.1,9.4,0,0,0,0,1
2026-06-19,S03,P003,Sparkling Soda 500ml,143.0,35.0,0.0,0,326.0,0.0,183.0,70.0,3,Beverages,Cold Drinks,FizzPop,35.0,20.0,180,Hypermarket,Bengaluru,45000,9000,23.8,10.1,0,0,0,0,1
2026-06-20,S03,P003,Sparkling Soda 500ml,183.0,35.0,0.0,0,183.0,0.0,0.0,70.0,3,Beverages,Cold Drinks,FizzPop,35.0,20.0,180,Hypermarket,Bengaluru,45000,9000,23.4,0.2,0,0,1,0,1
2026-06-21,S03,P003,Sparkling Soda 500ml,0.0,35.0,0.0,0,0.0,0.0,0.0,70.0,3,Beverages,Cold Drinks,FizzPop,35.0,20.0,180,Hypermarket,Bengaluru,45000,9000,21.7,2.2,0,0,1,0,1
2026-06-22,S03,P003,Sparkling Soda 500ml,0.0,35.0,0.0,0,0.0,0.0,0.0,70.0,3,Beverages,Cold Drinks,FizzPop,35.0,20.0,180,Hypermarket,Bengaluru,45000,9000,23.5,3.9,0,0,0,0,1
2026-06-23,S03,P003,Sparkling Soda 500ml,158.0,35.0,0.0,0,962.0,962.0,804.0,70.0,3,Beverages,Cold Drinks,FizzPop,35.0,20.0,180,Hypermarket,Bengaluru,45000,9000,22.6,5.1,0,0,0,0,1
2026-06-24,S03,P003,Sparkling Soda 500ml,122.0,35.0,0.0,0,804.0,0.0,682.0,70.0,3,Beverages,Cold Drinks,FizzPop,35.0,20.0,180,Hypermarket,Bengaluru,45000,9000,26.8,1.0,0,0,0,0,1
2026-06-25,S03,P003,Sparkling Soda 500ml,138.0,35.0,0.0,0,682.0,0.0,544.0,70.0,3,Beverages,Cold Drinks,FizzPop,35.0,20.0,180,Hypermarket,Bengaluru,45000,9000,24.5,2.6,0,0,0,0,1
2026-06-26,S03,P003,Sparkling Soda 500ml,175.0,28.0,0.2,1,544.0,0.0,369.0,70.0,3,Beverages,Cold Drinks,FizzPop,35.0,20.0,180,Hypermarket,Bengaluru,45000,9000,23.0,1.6,0,0,0,0,1
2026-06-27,S03,P003,Sparkling Soda 500ml,179.0,35.0,0.0,0,369.0,0.0,190.0,70.0,3,Beverages,Cold Drinks,FizzPop,35.0,20.0,180,Hypermarket,Bengaluru,45000,9000,20.2,0.8,0,0,1,0,1
2026-06-28,S03,P003,Sparkling Soda 500ml,169.0,35.0,0.0,0,190.0,0.0,21.0,70.0,3,Beverages,Cold Drinks,FizzPop,35.0,20.0,180,Hypermarket,Bengaluru,45000,9000,24.0,0.5,0,0,1,0,1
2026-06-29,S03,P003,Sparkling Soda 500ml,21.0,35.0,0.0,0,21.0,0.0,0.0,70.0,3,Beverages,Cold Drinks,FizzPop,35.0,20.0,180,Hypermarket,Bengaluru,45000,9000,22.8,10.7,0,0,0,0,1
2026-01-01,S03,P004,Basmati Premium Rice 5kg,33.0,450.0,0.0,0,90.0,0.0,57.0,30.0,5,Pantry,Grains,RoyalGrains,450.0,320.0,365,Hypermarket,Bengaluru,45000,9000,24.0,0.1,1,0,0,0,1
2026-01-02,S03,P004,Basmati Premium Rice 5kg,48.0,360.0,0.2,1,57.0,0.0,9.0,30.0,5,Pantry,Grains,RoyalGrains,450.0,320.0,365,Hypermarket,Bengaluru,45000,9000,24.0,0.2,0,0,0,0,1
2026-01-03,S03,P004,Basmati Premium Rice 5kg,9.0,450.0,0.0,0,9.0,0.0,0.0,30.0,5,Pantry,Grains,RoyalGrains,450.0,320.0,365,Hypermarket,Bengaluru,45000,9000,19.9,0.2,0,0,1,0,1
2026-01-04,S03,P004,Basmati Premium Rice 5kg,0.0,450.0,0.0,0,0.0,0.0,0.0,30.0,5,Pantry,Grains,RoyalGrains,450.0,320.0,365,Hypermarket,Bengaluru,45000,9000,21.6,0.1,0,0,1,0,1
2026-01-05,S03,P004,Basmati Premium Rice 5kg,0.0,450.0,0.0,0,0.0,0.0,0.0,30.0,5,Pantry,Grains,RoyalGrains,450.0,320.0,365,Hypermarket,Bengaluru,45000,9000,24.2,0.5,0,0,0,0,1
2026-01-06,S03,P004,Basmati Premium Rice 5kg,0.0,450.0,0.0,0,0.0,0.0,0.0,30.0,5,Pantry,Grains,RoyalGrains,450.0,320.0,365,Hypermarket,Bengaluru,45000,9000,23.1,0.0,0,0,0,0,1
2026-01-07,S03,P004,Basmati Premium Rice 5kg,39.0,450.0,0.0,0,262.0,262.0,223.0,30.0,5,Pantry,Grains,RoyalGrains,450.0,320.0,365,Hypermarket,Bengaluru,45000,9000,18.8,0.4,0,0,0,0,1
2026-01-08,S03,P004,Basmati Premium Rice 5kg,38.0,450.0,0.0,0,223.0,0.0,185.0,30.0,5,Pantry,Grains,RoyalGrains,450.0,320.0,365,Hypermarket,Bengaluru,45000,9000,22.4,0.0,0,0,0,0,1
2026-01-09,S03,P004,Basmati Premium Rice 5kg,40.0,450.0,0.0,0,185.0,0.0,145.0,30.0,5,Pantry,Grains,RoyalGrains,450.0,320.0,365,Hypermarket,Bengaluru,45000,9000,26.8,0.1,0,0,0,0,1
2026-01-10,S03,P004,Basmati Premium Rice 5kg,61.0,450.0,0.0,0,145.0,0.0,84.0,30.0,5,Pantry,Grains,RoyalGrains,450.0,320.0,365,Hypermarket,Bengaluru,45000,9000,20.6,0.5,0,0,1,0,1
2026-01-11,S03,P004,Basmati Premium Rice 5kg,49.0,405.0,0.1,1,84.0,0.0,35.0,30.0,5,Pantry,Grains,RoyalGrains,450.0,320.0,365,Hypermarket,Bengaluru,45000,9000,21.9,0.0,0,0,1,0,1
2026-01-12,S03,P004,Basmati Premium Rice 5kg,33.0,450.0,0.0,0,35.0,0.0,2.0,30.0,5,Pantry,Grains,RoyalGrains,450.0,320.0,365,Hypermarket,Bengaluru,45000,9000,22.8,0.6,0,0,0,0,1
2026-01-13,S03,P004,Basmati Premium Rice 5kg,2.0,382.5,0.15,1,2.0,0.0,0.0,30.0,5,Pantry,Grains,RoyalGrains,450.0,320.0,365,Hypermarket,Bengaluru,45000,9000,22.6,0.0,0,0,0,0,1
2026-01-14,S03,P004,Basmati Premium Rice 5kg,0.0,450.0,0.0,0,0.0,0.0,0.0,30.0,5,Pantry,Grains,RoyalGrains,450.0,320.0,365,Hypermarket,Bengaluru,45000,9000,24.1,0.4,0,0,0,0,1
2026-01-15,S03,P004,Basmati Premium Rice 5kg,0.0,450.0,0.0,0,0.0,0.0,0.0,30.0,5,Pantry,Grains,RoyalGrains,450.0,320.0,365,Hypermarket,Bengaluru,45000,9000,23.4,0.3,0,0,0,0,1
2026-01-16,S03,P004,Basmati Premium Rice 5kg,0.0,450.0,0.0,0,0.0,0.0,0.0,30.0,5,Pantry,Grains,RoyalGrains,450.0,320.0,365,Hypermarket,Bengaluru,45000,9000,24.8,0.3,0,0,0,0,1
2026-01-17,S03,P004,Basmati Premium Rice 5kg,45.0,450.0,0.0,0,262.0,262.0,217.0,30.0,5,Pantry,Grains,RoyalGrains,450.0,320.0,365,Hypermarket,Bengaluru,45000,9000,25.7,0.7,0,0,1,0,1
2026-01-18,S03,P004,Basmati Premium Rice 5kg,59.0,405.0,0.1,1,217.0,0.0,158.0,30.0,5,Pantry,Grains,RoyalGrains,450.0,320.0,365,Hypermarket,Bengaluru,45000,9000,22.6,0.0,0,0,1,0,1
2026-01-19,S03,P004,Basmati Premium Rice 5kg,37.0,450.0,0.0,0,158.0,0.0,121.0,30.0,5,Pantry,Grains,RoyalGrains,450.0,320.0,365,Hypermarket,Bengaluru,45000,9000,23.5,0.3,0,0,0,0,1
2026-01-20,S03,P004,Basmati Premium Rice 5kg,35.0,450.0,0.0,0,121.0,0.0,86.0,30.0,5,Pantry,Grains,RoyalGrains,450.0,320.0,365,Hypermarket,Bengaluru,45000,9000,21.2,0.2,0,0,0,0,1
2026-01-21,S03,P004,Basmati Premium Rice 5kg,35.0,450.0,0.0,0,86.0,0.0,51.0,30.0,5,Pantry,Grains,RoyalGrains,450.0,320.0,365,Hypermarket,Bengaluru,45000,9000,24.4,1.7,0,0,0,0,1
2026-01-22,S03,P004,Basmati Premium Rice 5kg,29.0,450.0,0.0,0,51.0,0.0,22.0,30.0,5,Pantry,Grains,RoyalGrains,450.0,320.0,365,Hypermarket,Bengaluru,45000,9000,27.0,0.1,0,0,0,0,1
2026-01-23,S03,P004,Basmati Premium Rice 5kg,22.0,450.0,0.0,0,22.0,0.0,0.0,30.0,5,Pantry,Grains,RoyalGrains,450.0,320.0,365,Hypermarket,Bengaluru,45000,9000,25.6,0.1,0,0,0,0,1
2026-01-24,S03,P004,Basmati Premium Rice 5kg,0.0,450.0,0.0,0,0.0,0.0,0.0,30.0,5,Pantry,Grains,RoyalGrains,450.0,320.0,365,Hypermarket,Bengaluru,45000,9000,26.0,0.0,0,0,1,0,1
2026-01-25,S03,P004,Basmati Premium Rice 5kg,0.0,405.0,0.1,1,0.0,0.0,0.0,30.0,5,Pantry,Grains,RoyalGrains,450.0,320.0,365,Hypermarket,Bengaluru,45000,9000,26.9,0.1,0,0,1,0,1
2026-01-26,S03,P004,Basmati Premium Rice 5kg,0.0,450.0,0.0,0,0.0,0.0,0.0,30.0,5,Pantry,Grains,RoyalGrains,450.0,320.0,365,Hypermarket,Bengaluru,45000,9000,22.4,0.3,1,1,0,0,1
2026-01-27,S03,P004,Basmati Premium Rice 5kg,36.0,450.0,0.0,0,262.0,262.0,226.0,30.0,5,Pantry,Grains,RoyalGrains,450.0,320.0,365,Hypermarket,Bengaluru,45000,9000,28.1,0.0,0,0,0,0,1
2026-01-28,S03,P004,Basmati Premium Rice 5kg,33.0,450.0,0.0,0,226.0,0.0,193.0,30.0,5,Pantry,Grains,RoyalGrains,450.0,320.0,365,Hypermarket,Bengaluru,45000,9000,27.3,1.8,0,0,0,0,1
2026-01-29,S03,P004,Basmati Premium Rice 5kg,42.0,450.0,0.0,0,193.0,0.0,151.0,30.0,5,Pantry,Grains,RoyalGrains,450.0,320.0,365,Hypermarket,Bengaluru,45000,9000,27.9,0.6,0,0,0,0,1
2026-01-30,S03,P004,Basmati Premium Rice 5kg,49.0,450.0,0.0,0,151.0,0.0,102.0,30.0,5,Pantry,Grains,RoyalGrains,450.0,320.0,365,Hypermarket,Bengaluru,45000,9000,24.9,0.7,0,0,0,0,1
2026-01-31,S03,P004,Basmati Premium Rice 5kg,55.0,405.0,0.1,1,102.0,0.0,47.0,30.0,5,Pantry,Grains,RoyalGrains,450.0,320.0,365,Hypermarket,Bengaluru,45000,9000,24.2,0.2,0,0,1,0,1
2026-02-01,S03,P004,Basmati Premium Rice 5kg,47.0,450.0,0.0,0,47.0,0.0,0.0,30.0,5,Pantry,Grains,RoyalGrains,450.0,320.0,365,Hypermarket,Bengaluru,45000,9000,23.6,0.1,0,0,1,0,1
2026-02-02,S03,P004,Basmati Premium Rice 5kg,0.0,450.0,0.0,0,0.0,0.0,0.0,30.0,5,Pantry,Grains,RoyalGrains,450.0,320.0,365,Hypermarket,Bengaluru,45000,9000,24.4,0.4,0,0,0,0,1
2026-02-03,S03,P004,Basmati Premium Rice 5kg,0.0,450.0,0.0,0,0.0,0.0,0.0,30.0,5,Pantry,Grains,RoyalGrains,450.0,320.0,365,Hypermarket,Bengaluru,45000,9000,27.0,0.1,0,0,0,0,1
2026-02-04,S03,P004,Basmati Premium Rice 5kg,0.0,450.0,0.0,0,0.0,0.0,0.0,30.0,5,Pantry,Grains,RoyalGrains,450.0,320.0,365,Hypermarket,Bengaluru,45000,9000,26.8,0.1,0,0,0,0,1
2026-02-05,S03,P004,Basmati Premium Rice 5kg,0.0,450.0,0.0,0,0.0,0.0,0.0,30.0,5,Pantry,Grains,RoyalGrains,450.0,320.0,365,Hypermarket,Bengaluru,45000,9000,24.1,0.3,0,0,0,0,1
2026-02-06,S03,P004,Basmati Premium Rice 5kg,39.0,450.0,0.0,0,262.0,262.0,223.0,30.0,5,Pantry,Grains,RoyalGrains,450.0,320.0,365,Hypermarket,Bengaluru,45000,9000,29.9,0.3,0,0,0,0,1
2026-02-07,S03,P004,Basmati Premium Rice 5kg,52.0,450.0,0.0,0,223.0,0.0,171.0,30.0,5,Pantry,Grains,RoyalGrains,450.0,320.0,365,Hypermarket,Bengaluru,45000,9000,25.8,0.5,0,0,1,0,1
2026-02-08,S03,P004,Basmati Premium Rice 5kg,56.0,450.0,0.0,0,171.0,0.0,115.0,30.0,5,Pantry,Grains,RoyalGrains,450.0,320.0,365,Hypermarket,Bengaluru,45000,9000,26.0,0.4,0,0,1,0,1
2026-02-09,S03,P004,Basmati Premium Rice 5kg,39.0,450.0,0.0,0,115.0,0.0,76.0,30.0,5,Pantry,Grains,RoyalGrains,450.0,320.0,365,Hypermarket,Bengaluru,45000,9000,26.5,0.2,0,0,0,0,1
2026-02-10,S03,P004,Basmati Premium Rice 5kg,37.0,450.0,0.0,0,76.0,0.0,39.0,30.0,5,Pantry,Grains,RoyalGrains,450.0,320.0,365,Hypermarket,Bengaluru,45000,9000,26.4,0.1,0,0,0,0,1
2026-02-11,S03,P004,Basmati Premium Rice 5kg,36.0,450.0,0.0,0,39.0,0.0,3.0,30.0,5,Pantry,Grains,RoyalGrains,450.0,320.0,365,Hypermarket,Bengaluru,45000,9000,26.7,0.1,0,0,0,0,1
2026-02-12,S03,P004,Basmati Premium Rice 5kg,3.0,450.0,0.0,0,3.0,0.0,0.0,30.0,5,Pantry,Grains,RoyalGrains,450.0,320.0,365,Hypermarket,Bengaluru,45000,9000,30.7,0.6,0,0,0,0,1
2026-02-13,S03,P004,Basmati Premium Rice 5kg,0.0,450.0,0.0,0,0.0,0.0,0.0,30.0,5,Pantry,Grains,RoyalGrains,450.0,320.0,365,Hypermarket,Bengaluru,45000,9000,27.1,0.2,0,0,0,0,1
2026-02-14,S03,P004,Basmati Premium Rice 5kg,0.0,450.0,0.0,0,0.0,0.0,0.0,30.0,5,Pantry,Grains,RoyalGrains,450.0,320.0,365,Hypermarket,Bengaluru,45000,9000,29.6,0.3,0,0,1,0,1
2026-02-15,S03,P004,Basmati Premium Rice 5kg,0.0,450.0,0.0,1,0.0,0.0,0.0,30.0,5,Pantry,Grains,RoyalGrains,450.0,320.0,365,Hypermarket,Bengaluru,45000,9000,25.6,0.2,0,0,1,0,1
2026-02-16,S03,P004,Basmati Premium Rice 5kg,46.0,450.0,0.0,0,262.0,262.0,216.0,30.0,5,Pantry,Grains,RoyalGrains,450.0,320.0,365,Hypermarket,Bengaluru,45000,9000,24.2,0.4,0,0,0,0,1
2026-02-17,S03,P004,Basmati Premium Rice 5kg,38.0,450.0,0.0,0,216.0,0.0,178.0,30.0,5,Pantry,Grains,RoyalGrains,450.0,320.0,365,Hypermarket,Bengaluru,45000,9000,29.8,0.2,0,0,0,0,1
2026-02-18,S03,P004,Basmati Premium Rice 5kg,41.0,450.0,0.0,0,178.0,0.0,137.0,30.0,5,Pantry,Grains,RoyalGrains,450.0,320.0,365,Hypermarket,Bengaluru,45000,9000,27.2,0.1,0,0,0,0,1
2026-02-19,S03,P004,Basmati Premium Rice 5kg,33.0,450.0,0.0,0,137.0,0.0,104.0,30.0,5,Pantry,Grains,RoyalGrains,450.0,320.0,365,Hypermarket,Bengaluru,45000,9000,25.1,0.5,0,0,0,0,1
2026-02-20,S03,P004,Basmati Premium Rice 5kg,44.0,450.0,0.0,0,104.0,0.0,60.0,30.0,5,Pantry,Grains,RoyalGrains,450.0,320.0,365,Hypermarket,Bengaluru,45000,9000,28.0,1.0,0,0,0,0,1
2026-02-21,S03,P004,Basmati Premium Rice 5kg,60.0,450.0,0.0,0,60.0,0.0,0.0,30.0,5,Pantry,Grains,RoyalGrains,450.0,320.0,365,Hypermarket,Bengaluru,45000,9000,26.7,0.4,0,0,1,1,1
2026-02-22,S03,P004,Basmati Premium Rice 5kg,0.0,450.0,0.0,0,0.0,0.0,0.0,30.0,5,Pantry,Grains,RoyalGrains,450.0,320.0,365,Hypermarket,Bengaluru,45000,9000,30.9,0.0,0,0,1,0,1
2026-02-23,S03,P004,Basmati Premium Rice 5kg,0.0,450.0,0.0,0,0.0,0.0,0.0,30.0,5,Pantry,Grains,RoyalGrains,450.0,320.0,365,Hypermarket,Bengaluru,45000,9000,25.1,0.2,0,0,0,0,1
2026-02-24,S03,P004,Basmati Premium Rice 5kg,0.0,450.0,0.0,0,0.0,0.0,0.0,30.0,5,Pantry,Grains,RoyalGrains,450.0,320.0,365,Hypermarket,Bengaluru,45000,9000,26.3,0.0,0,0,0,0,1
2026-02-25,S03,P004,Basmati Premium Rice 5kg,0.0,405.0,0.1,1,0.0,0.0,0.0,30.0,5,Pantry,Grains,RoyalGrains,450.0,320.0,365,Hypermarket,Bengaluru,45000,9000,29.0,0.3,0,0,0,0,1
2026-02-26,S03,P004,Basmati Premium Rice 5kg,31.0,450.0,0.0,0,262.0,262.0,231.0,30.0,5,Pantry,Grains,RoyalGrains,450.0,320.0,365,Hypermarket,Bengaluru,45000,9000,30.2,0.6,0,0,0,0,1
2026-02-27,S03,P004,Basmati Premium Rice 5kg,41.0,450.0,0.0,0,231.0,0.0,190.0,30.0,5,Pantry,Grains,RoyalGrains,450.0,320.0,365,Hypermarket,Bengaluru,45000,9000,30.8,1.1,0,0,0,0,1
2026-02-28,S03,P004,Basmati Premium Rice 5kg,54.0,450.0,0.0,0,190.0,0.0,136.0,30.0,5,Pantry,Grains,RoyalGrains,450.0,320.0,365,Hypermarket,Bengaluru,45000,9000,31.2,0.6,0,0,1,0,1
2026-03-01,S03,P004,Basmati Premium Rice 5kg,61.0,450.0,0.0,0,136.0,0.0,75.0,30.0,5,Pantry,Grains,RoyalGrains,450.0,320.0,365,Hypermarket,Bengaluru,45000,9000,29.0,0.6,0,0,1,0,1
2026-03-02,S03,P004,Basmati Premium Rice 5kg,33.0,450.0,0.0,0,75.0,0.0,42.0,30.0,5,Pantry,Grains,RoyalGrains,450.0,320.0,365,Hypermarket,Bengaluru,45000,9000,30.9,0.2,0,0,0,0,1
2026-03-03,S03,P004,Basmati Premium Rice 5kg,39.0,450.0,0.0,0,42.0,0.0,3.0,30.0,5,Pantry,Grains,RoyalGrains,450.0,320.0,365,Hypermarket,Bengaluru,45000,9000,28.0,0.1,0,0,0,0,1
2026-03-04,S03,P004,Basmati Premium Rice 5kg,3.0,450.0,0.0,0,3.0,0.0,0.0,30.0,5,Pantry,Grains,RoyalGrains,450.0,320.0,365,Hypermarket,Bengaluru,45000,9000,29.1,0.2,0,0,0,0,1
2026-03-05,S03,P004,Basmati Premium Rice 5kg,0.0,450.0,0.0,0,0.0,0.0,0.0,30.0,5,Pantry,Grains,RoyalGrains,450.0,320.0,365,Hypermarket,Bengaluru,45000,9000,28.8,0.2,0,0,0,0,1
2026-03-06,S03,P004,Basmati Premium Rice 5kg,0.0,360.0,0.2,1,0.0,0.0,0.0,30.0,5,Pantry,Grains,RoyalGrains,450.0,320.0,365,Hypermarket,Bengaluru,45000,9000,27.5,0.2,0,0,0,0,1
2026-03-07,S03,P004,Basmati Premium Rice 5kg,0.0,450.0,0.0,0,0.0,0.0,0.0,30.0,5,Pantry,Grains,RoyalGrains,450.0,320.0,365,Hypermarket,Bengaluru,45000,9000,31.8,0.9,0,0,1,0,1
2026-03-08,S03,P004,Basmati Premium Rice 5kg,83.0,450.0,0.0,0,262.0,262.0,179.0,30.0,5,Pantry,Grains,RoyalGrains,450.0,320.0,365,Hypermarket,Bengaluru,45000,9000,31.1,0.1,0,1,1,0,1
2026-03-09,S03,P004,Basmati Premium Rice 5kg,34.0,450.0,0.0,0,179.0,0.0,145.0,30.0,5,Pantry,Grains,RoyalGrains,450.0,320.0,365,Hypermarket,Bengaluru,45000,9000,32.0,0.5,0,0,0,0,1
2026-03-10,S03,P004,Basmati Premium Rice 5kg,40.0,450.0,0.0,0,145.0,0.0,105.0,30.0,5,Pantry,Grains,RoyalGrains,450.0,320.0,365,Hypermarket,Bengaluru,45000,9000,28.5,0.3,0,0,0,0,1
2026-03-11,S03,P004,Basmati Premium Rice 5kg,32.0,450.0,0.0,1,105.0,0.0,73.0,30.0,5,Pantry,Grains,RoyalGrains,450.0,320.0,365,Hypermarket,Bengaluru,45000,9000,27.9,0.3,0,0,0,0,1
2026-03-12,S03,P004,Basmati Premium Rice 5kg,49.0,382.5,0.15,1,73.0,0.0,24.0,30.0,5,Pantry,Grains,RoyalGrains,450.0,320.0,365,Hypermarket,Bengaluru,45000,9000,26.9,0.8,0,0,0,0,1
2026-03-13,S03,P004,Basmati Premium Rice 5kg,24.0,450.0,0.0,0,24.0,0.0,0.0,30.0,5,Pantry,Grains,RoyalGrains,450.0,320.0,365,Hypermarket,Bengaluru,45000,9000,29.8,2.4,0,0,0,0,1
2026-03-14,S03,P004,Basmati Premium Rice 5kg,0.0,450.0,0.0,0,0.0,0.0,0.0,30.0,5,Pantry,Grains,RoyalGrains,450.0,320.0,365,Hypermarket,Bengaluru,45000,9000,28.9,1.0,0,0,1,0,1
2026-03-15,S03,P004,Basmati Premium Rice 5kg,0.0,450.0,0.0,0,0.0,0.0,0.0,30.0,5,Pantry,Grains,RoyalGrains,450.0,320.0,365,Hypermarket,Bengaluru,45000,9000,33.2,0.2,0,0,1,0,1
2026-03-16,S03,P004,Basmati Premium Rice 5kg,0.0,450.0,0.0,0,0.0,0.0,0.0,30.0,5,Pantry,Grains,RoyalGrains,450.0,320.0,365,Hypermarket,Bengaluru,45000,9000,32.6,0.1,0,0,0,0,1
2026-03-17,S03,P004,Basmati Premium Rice 5kg,41.0,450.0,0.0,0,262.0,262.0,221.0,30.0,5,Pantry,Grains,RoyalGrains,450.0,320.0,365,Hypermarket,Bengaluru,45000,9000,29.9,0.8,0,0,0,0,1
2026-03-18,S03,P004,Basmati Premium Rice 5kg,37.0,450.0,0.0,0,221.0,0.0,184.0,30.0,5,Pantry,Grains,RoyalGrains,450.0,320.0,365,Hypermarket,Bengaluru,45000,9000,31.1,0.7,0,0,0,0,1
2026-03-19,S03,P004,Basmati Premium Rice 5kg,48.0,450.0,0.0,0,184.0,0.0,136.0,30.0,5,Pantry,Grains,RoyalGrains,450.0,320.0,365,Hypermarket,Bengaluru,45000,9000,26.6,1.3,0,0,0,1,1
2026-03-20,S03,P004,Basmati Premium Rice 5kg,35.0,450.0,0.0,0,136.0,0.0,101.0,30.0,5,Pantry,Grains,RoyalGrains,450.0,320.0,365,Hypermarket,Bengaluru,45000,9000,26.9,0.1,0,0,0,0,1
2026-03-21,S03,P004,Basmati Premium Rice 5kg,52.0,450.0,0.0,0,101.0,0.0,49.0,30.0,5,Pantry,Grains,RoyalGrains,450.0,320.0,365,Hypermarket,Bengaluru,45000,9000,30.2,0.2,0,0,1,0,1
2026-03-22,S03,P004,Basmati Premium Rice 5kg,49.0,450.0,0.0,0,49.0,0.0,0.0,30.0,5,Pantry,Grains,RoyalGrains,450.0,320.0,365,Hypermarket,Bengaluru,45000,9000,29.5,0.3,0,0,1,0,1
2026-03-23,S03,P004,Basmati Premium Rice 5kg,0.0,450.0,0.0,0,0.0,0.0,0.0,30.0,5,Pantry,Grains,RoyalGrains,450.0,320.0,365,Hypermarket,Bengaluru,45000,9000,28.5,0.8,0,0,0,0,1
2026-03-24,S03,P004,Basmati Premium Rice 5kg,0.0,450.0,0.0,0,0.0,0.0,0.0,30.0,5,Pantry,Grains,RoyalGrains,450.0,320.0,365,Hypermarket,Bengaluru,45000,9000,32.1,0.0,0,0,0,0,1
2026-03-25,S03,P004,Basmati Premium Rice 5kg,0.0,450.0,0.0,0,0.0,0.0,0.0,30.0,5,Pantry,Grains,RoyalGrains,450.0,320.0,365,Hypermarket,Bengaluru,45000,9000,31.6,0.4,0,1,0,0,1
2026-03-26,S03,P004,Basmati Premium Rice 5kg,0.0,450.0,0.0,0,0.0,0.0,0.0,30.0,5,Pantry,Grains,RoyalGrains,450.0,320.0,365,Hypermarket,Bengaluru,45000,9000,31.0,0.8,0,0,0,0,1
2026-03-27,S03,P004,Basmati Premium Rice 5kg,49.0,360.0,0.2,1,262.0,262.0,213.0,30.0,5,Pantry,Grains,RoyalGrains,450.0,320.0,365,Hypermarket,Bengaluru,45000,9000,27.5,0.7,0,0,0,0,1
2026-03-28,S03,P004,Basmati Premium Rice 5kg,54.0,450.0,0.0,0,213.0,0.0,159.0,30.0,5,Pantry,Grains,RoyalGrains,450.0,320.0,365,Hypermarket,Bengaluru,45000,9000,33.1,0.2,0,0,1,0,1
2026-03-29,S03,P004,Basmati Premium Rice 5kg,46.0,450.0,0.0,0,159.0,0.0,113.0,30.0,5,Pantry,Grains,RoyalGrains,450.0,320.0,365,Hypermarket,Bengaluru,45000,9000,33.1,0.5,0,0,1,0,1
2026-03-30,S03,P004,Basmati Premium Rice 5kg,45.0,450.0,0.0,0,113.0,0.0,68.0,30.0,5,Pantry,Grains,RoyalGrains,450.0,320.0,365,Hypermarket,Bengaluru,45000,9000,32.1,0.1,0,0,0,0,1
2026-03-31,S03,P004,Basmati Premium Rice 5kg,39.0,450.0,0.0,0,68.0,0.0,29.0,30.0,5,Pantry,Grains,RoyalGrains,450.0,320.0,365,Hypermarket,Bengaluru,45000,9000,31.7,0.3,0,0,0,0,1
2026-04-01,S03,P004,Basmati Premium Rice 5kg,29.0,450.0,0.0,0,29.0,0.0,0.0,30.0,5,Pantry,Grains,RoyalGrains,450.0,320.0,365,Hypermarket,Bengaluru,45000,9000,27.7,1.2,0,0,0,0,1
2026-04-02,S03,P004,Basmati Premium Rice 5kg,0.0,450.0,0.0,1,0.0,0.0,0.0,30.0,5,Pantry,Grains,RoyalGrains,450.0,320.0,365,Hypermarket,Bengaluru,45000,9000,31.9,0.2,0,0,0,1,1
2026-04-03,S03,P004,Basmati Premium Rice 5kg,0.0,382.5,0.15,1,0.0,0.0,0.0,30.0,5,Pantry,Grains,RoyalGrains,450.0,320.0,365,Hypermarket,Bengaluru,45000,9000,29.7,0.3,0,0,0,0,1
2026-04-04,S03,P004,Basmati Premium Rice 5kg,0.0,450.0,0.0,0,0.0,0.0,0.0,30.0,5,Pantry,Grains,RoyalGrains,450.0,320.0,365,Hypermarket,Bengaluru,45000,9000,27.0,0.2,0,0,1,0,1
2026-04-05,S03,P004,Basmati Premium Rice 5kg,55.0,405.0,0.1,1,262.0,262.0,207.0,30.0,5,Pantry,Grains,RoyalGrains,450.0,320.0,365,Hypermarket,Bengaluru,45000,9000,27.2,0.1,0,0,1,0,1
2026-04-06,S03,P004,Basmati Premium Rice 5kg,48.0,450.0,0.0,0,207.0,0.0,159.0,30.0,5,Pantry,Grains,RoyalGrains,450.0,320.0,365,Hypermarket,Bengaluru,45000,9000,28.0,0.3,0,0,0,0,1
2026-04-07,S03,P004,Basmati Premium Rice 5kg,37.0,450.0,0.0,0,159.0,0.0,122.0,30.0,5,Pantry,Grains,RoyalGrains,450.0,320.0,365,Hypermarket,Bengaluru,45000,9000,29.7,0.1,0,0,0,1,1
2026-04-08,S03,P004,Basmati Premium Rice 5kg,40.0,450.0,0.0,0,122.0,0.0,82.0,30.0,5,Pantry,Grains,RoyalGrains,450.0,320.0,365,Hypermarket,Bengaluru,45000,9000,30.9,0.3,0,0,0,0,1
2026-04-09,S03,P004,Basmati Premium Rice 5kg,45.0,450.0,0.0,0,82.0,0.0,37.0,30.0,5,Pantry,Grains,RoyalGrains,450.0,320.0,365,Hypermarket,Bengaluru,45000,9000,23.9,0.5,0,0,0,0,1
2026-04-10,S03,P004,Basmati Premium Rice 5kg,37.0,450.0,0.0,0,37.0,0.0,0.0,30.0,5,Pantry,Grains,RoyalGrains,450.0,320.0,365,Hypermarket,Bengaluru,45000,9000,32.9,0.5,0,0,0,0,1
2026-04-11,S03,P004,Basmati Premium Rice 5kg,0.0,450.0,0.0,0,0.0,0.0,0.0,30.0,5,Pantry,Grains,RoyalGrains,450.0,320.0,365,Hypermarket,Bengaluru,45000,9000,26.7,0.0,0,0,1,0,1
2026-04-12,S03,P004,Basmati Premium Rice 5kg,0.0,450.0,0.0,0,0.0,0.0,0.0,30.0,5,Pantry,Grains,RoyalGrains,450.0,320.0,365,Hypermarket,Bengaluru,45000,9000,29.7,0.3,0,0,1,0,1
2026-04-13,S03,P004,Basmati Premium Rice 5kg,0.0,450.0,0.0,0,0.0,0.0,0.0,30.0,5,Pantry,Grains,RoyalGrains,450.0,320.0,365,Hypermarket,Bengaluru,45000,9000,28.4,0.5,0,0,0,0,1
2026-04-14,S03,P004,Basmati Premium Rice 5kg,0.0,450.0,0.0,0,0.0,0.0,0.0,30.0,5,Pantry,Grains,RoyalGrains,450.0,320.0,365,Hypermarket,Bengaluru,45000,9000,29.5,0.2,1,0,0,0,1
2026-04-15,S03,P004,Basmati Premium Rice 5kg,35.0,450.0,0.0,0,262.0,262.0,227.0,30.0,5,Pantry,Grains,RoyalGrains,450.0,320.0,365,Hypermarket,Bengaluru,45000,9000,29.3,1.8,0,0,0,0,1
2026-04-16,S03,P004,Basmati Premium Rice 5kg,42.0,450.0,0.0,0,227.0,0.0,185.0,30.0,5,Pantry,Grains,RoyalGrains,450.0,320.0,365,Hypermarket,Bengaluru,45000,9000,29.5,0.2,0,0,0,0,1
2026-04-17,S03,P004,Basmati Premium Rice 5kg,43.0,450.0,0.0,0,185.0,0.0,142.0,30.0,5,Pantry,Grains,RoyalGrains,450.0,320.0,365,Hypermarket,Bengaluru,45000,9000,29.8,0.8,0,0,0,0,1
2026-04-18,S03,P004,Basmati Premium Rice 5kg,59.0,450.0,0.0,0,142.0,0.0,83.0,30.0,5,Pantry,Grains,RoyalGrains,450.0,320.0,365,Hypermarket,Bengaluru,45000,9000,29.6,0.0,0,0,1,0,1
2026-04-19,S03,P004,Basmati Premium Rice 5kg,52.0,450.0,0.0,0,83.0,0.0,31.0,30.0,5,Pantry,Grains,RoyalGrains,450.0,320.0,365,Hypermarket,Bengaluru,45000,9000,28.2,1.5,0,0,1,0,1
2026-04-20,S03,P004,Basmati Premium Rice 5kg,31.0,450.0,0.0,0,31.0,0.0,0.0,30.0,5,Pantry,Grains,RoyalGrains,450.0,320.0,365,Hypermarket,Bengaluru,45000,9000,31.6,0.3,0,0,0,0,1
2026-04-21,S03,P004,Basmati Premium Rice 5kg,0.0,450.0,0.0,0,0.0,0.0,0.0,30.0,5,Pantry,Grains,RoyalGrains,450.0,320.0,365,Hypermarket,Bengaluru,45000,9000,26.4,1.9,0,0,0,0,1
2026-04-22,S03,P004,Basmati Premium Rice 5kg,0.0,450.0,0.0,0,0.0,0.0,0.0,30.0,5,Pantry,Grains,RoyalGrains,450.0,320.0,365,Hypermarket,Bengaluru,45000,9000,30.3,0.1,0,0,0,0,1
2026-04-23,S03,P004,Basmati Premium Rice 5kg,0.0,405.0,0.1,1,0.0,0.0,0.0,30.0,5,Pantry,Grains,RoyalGrains,450.0,320.0,365,Hypermarket,Bengaluru,45000,9000,32.3,0.2,0,0,0,0,1
2026-04-24,S03,P004,Basmati Premium Rice 5kg,0.0,450.0,0.0,0,0.0,0.0,0.0,30.0,5,Pantry,Grains,RoyalGrains,450.0,320.0,365,Hypermarket,Bengaluru,45000,9000,28.8,0.1,0,0,0,0,1
2026-04-25,S03,P004,Basmati Premium Rice 5kg,45.0,450.0,0.0,1,262.0,262.0,217.0,30.0,5,Pantry,Grains,RoyalGrains,450.0,320.0,365,Hypermarket,Bengaluru,45000,9000,30.8,0.5,0,0,1,0,1
2026-04-26,S03,P004,Basmati Premium Rice 5kg,54.0,450.0,0.0,0,217.0,0.0,163.0,30.0,5,Pantry,Grains,RoyalGrains,450.0,320.0,365,Hypermarket,Bengaluru,45000,9000,27.6,1.2,0,0,1,0,1
2026-04-27,S03,P004,Basmati Premium Rice 5kg,40.0,450.0,0.0,0,163.0,0.0,123.0,30.0,5,Pantry,Grains,RoyalGrains,450.0,320.0,365,Hypermarket,Bengaluru,45000,9000,28.4,0.0,0,0,0,0,1
2026-04-28,S03,P004,Basmati Premium Rice 5kg,35.0,450.0,0.0,0,123.0,0.0,88.0,30.0,5,Pantry,Grains,RoyalGrains,450.0,320.0,365,Hypermarket,Bengaluru,45000,9000,28.6,2.5,0,0,0,0,1
2026-04-29,S03,P004,Basmati Premium Rice 5kg,34.0,450.0,0.0,0,88.0,0.0,54.0,30.0,5,Pantry,Grains,RoyalGrains,450.0,320.0,365,Hypermarket,Bengaluru,45000,9000,27.2,0.1,0,0,0,0,1
2026-04-30,S03,P004,Basmati Premium Rice 5kg,35.0,450.0,0.0,0,54.0,0.0,19.0,30.0,5,Pantry,Grains,RoyalGrains,450.0,320.0,365,Hypermarket,Bengaluru,45000,9000,31.0,0.1,0,0,0,0,1
2026-05-01,S03,P004,Basmati Premium Rice 5kg,19.0,450.0,0.0,0,19.0,0.0,0.0,30.0,5,Pantry,Grains,RoyalGrains,450.0,320.0,365,Hypermarket,Bengaluru,45000,9000,27.6,1.9,1,1,0,1,1
2026-05-02,S03,P004,Basmati Premium Rice 5kg,0.0,450.0,0.0,0,0.0,0.0,0.0,30.0,5,Pantry,Grains,RoyalGrains,450.0,320.0,365,Hypermarket,Bengaluru,45000,9000,29.3,0.7,0,0,1,0,1
2026-05-03,S03,P004,Basmati Premium Rice 5kg,0.0,450.0,0.0,0,0.0,0.0,0.0,30.0,5,Pantry,Grains,RoyalGrains,450.0,320.0,365,Hypermarket,Bengaluru,45000,9000,30.0,0.8,0,0,1,0,1
2026-05-04,S03,P004,Basmati Premium Rice 5kg,0.0,450.0,0.0,0,0.0,0.0,0.0,30.0,5,Pantry,Grains,RoyalGrains,450.0,320.0,365,Hypermarket,Bengaluru,45000,9000,31.6,0.8,0,0,0,0,1
2026-05-05,S03,P004,Basmati Premium Rice 5kg,33.0,450.0,0.0,0,262.0,262.0,229.0,30.0,5,Pantry,Grains,RoyalGrains,450.0,320.0,365,Hypermarket,Bengaluru,45000,9000,26.7,0.1,0,0,0,0,1
2026-05-06,S03,P004,Basmati Premium Rice 5kg,42.0,450.0,0.0,0,229.0,0.0,187.0,30.0,5,Pantry,Grains,RoyalGrains,450.0,320.0,365,Hypermarket,Bengaluru,45000,9000,30.3,0.1,0,0,0,0,1
2026-05-07,S03,P004,Basmati Premium Rice 5kg,39.0,450.0,0.0,0,187.0,0.0,148.0,30.0,5,Pantry,Grains,RoyalGrains,450.0,320.0,365,Hypermarket,Bengaluru,45000,9000,29.5,1.0,0,0,0,0,1
2026-05-08,S03,P004,Basmati Premium Rice 5kg,47.0,405.0,0.1,1,148.0,0.0,101.0,30.0,5,Pantry,Grains,RoyalGrains,450.0,320.0,365,Hypermarket,Bengaluru,45000,9000,28.4,0.8,0,0,0,0,1
2026-05-09,S03,P004,Basmati Premium Rice 5kg,35.0,450.0,0.0,0,101.0,0.0,66.0,30.0,5,Pantry,Grains,RoyalGrains,450.0,320.0,365,Hypermarket,Bengaluru,45000,9000,30.5,0.2,0,0,1,0,1
2026-05-10,S03,P004,Basmati Premium Rice 5kg,49.0,450.0,0.0,0,66.0,0.0,17.0,30.0,5,Pantry,Grains,RoyalGrains,450.0,320.0,365,Hypermarket,Bengaluru,45000,9000,30.5,0.2,0,0,1,0,1
2026-05-11,S03,P004,Basmati Premium Rice 5kg,17.0,450.0,0.0,0,17.0,0.0,0.0,30.0,5,Pantry,Grains,RoyalGrains,450.0,320.0,365,Hypermarket,Bengaluru,45000,9000,27.5,0.5,0,0,0,0,1
2026-05-12,S03,P004,Basmati Premium Rice 5kg,0.0,450.0,0.0,0,0.0,0.0,0.0,30.0,5,Pantry,Grains,RoyalGrains,450.0,320.0,365,Hypermarket,Bengaluru,45000,9000,28.2,0.1,0,0,0,0,1
2026-05-13,S03,P004,Basmati Premium Rice 5kg,0.0,450.0,0.0,0,0.0,0.0,0.0,30.0,5,Pantry,Grains,RoyalGrains,450.0,320.0,365,Hypermarket,Bengaluru,45000,9000,33.6,0.6,0,0,0,0,1
2026-05-14,S03,P004,Basmati Premium Rice 5kg,0.0,360.0,0.2,1,0.0,0.0,0.0,30.0,5,Pantry,Grains,RoyalGrains,450.0,320.0,365,Hypermarket,Bengaluru,45000,9000,28.5,0.1,0,0,0,0,1
2026-05-15,S03,P004,Basmati Premium Rice 5kg,42.0,405.0,0.1,1,262.0,262.0,220.0,30.0,5,Pantry,Grains,RoyalGrains,450.0,320.0,365,Hypermarket,Bengaluru,45000,9000,26.3,0.3,0,0,0,0,1
2026-05-16,S03,P004,Basmati Premium Rice 5kg,49.0,450.0,0.0,0,220.0,0.0,171.0,30.0,5,Pantry,Grains,RoyalGrains,450.0,320.0,365,Hypermarket,Bengaluru,45000,9000,28.2,1.3,0,0,1,0,1
2026-05-17,S03,P004,Basmati Premium Rice 5kg,41.0,450.0,0.0,0,171.0,0.0,130.0,30.0,5,Pantry,Grains,RoyalGrains,450.0,320.0,365,Hypermarket,Bengaluru,45000,9000,31.1,0.1,0,0,1,0,1
2026-05-18,S03,P004,Basmati Premium Rice 5kg,49.0,450.0,0.0,0,130.0,0.0,81.0,30.0,5,Pantry,Grains,RoyalGrains,450.0,320.0,365,Hypermarket,Bengaluru,45000,9000,33.2,0.8,0,0,0,0,1
2026-05-19,S03,P004,Basmati Premium Rice 5kg,41.0,450.0,0.0,0,81.0,0.0,40.0,30.0,5,Pantry,Grains,RoyalGrains,450.0,320.0,365,Hypermarket,Bengaluru,45000,9000,26.4,0.2,0,0,0,0,1
2026-05-20,S03,P004,Basmati Premium Rice 5kg,29.0,450.0,0.0,0,40.0,0.0,11.0,30.0,5,Pantry,Grains,RoyalGrains,450.0,320.0,365,Hypermarket,Bengaluru,45000,9000,28.8,0.4,0,0,0,1,1
2026-05-21,S03,P004,Basmati Premium Rice 5kg,11.0,450.0,0.0,0,11.0,0.0,0.0,30.0,5,Pantry,Grains,RoyalGrains,450.0,320.0,365,Hypermarket,Bengaluru,45000,9000,25.9,1.2,0,0,0,0,1
2026-05-22,S03,P004,Basmati Premium Rice 5kg,0.0,450.0,0.0,0,0.0,0.0,0.0,30.0,5,Pantry,Grains,RoyalGrains,450.0,320.0,365,Hypermarket,Bengaluru,45000,9000,25.0,0.4,0,0,0,0,1
2026-05-23,S03,P004,Basmati Premium Rice 5kg,0.0,360.0,0.2,1,0.0,0.0,0.0,30.0,5,Pantry,Grains,RoyalGrains,450.0,320.0,365,Hypermarket,Bengaluru,45000,9000,25.5,0.3,0,0,1,0,1
2026-05-24,S03,P004,Basmati Premium Rice 5kg,0.0,450.0,0.0,0,0.0,0.0,0.0,30.0,5,Pantry,Grains,RoyalGrains,450.0,320.0,365,Hypermarket,Bengaluru,45000,9000,28.1,0.2,0,0,1,0,1
2026-05-25,S03,P004,Basmati Premium Rice 5kg,45.0,450.0,0.0,0,262.0,262.0,217.0,30.0,5,Pantry,Grains,RoyalGrains,450.0,320.0,365,Hypermarket,Bengaluru,45000,9000,28.4,0.1,0,0,0,0,1
2026-05-26,S03,P004,Basmati Premium Rice 5kg,35.0,450.0,0.0,0,217.0,0.0,182.0,30.0,5,Pantry,Grains,RoyalGrains,450.0,320.0,365,Hypermarket,Bengaluru,45000,9000,28.2,0.5,0,0,0,0,1
2026-05-27,S03,P004,Basmati Premium Rice 5kg,37.0,450.0,0.0,0,182.0,0.0,145.0,30.0,5,Pantry,Grains,RoyalGrains,450.0,320.0,365,Hypermarket,Bengaluru,45000,9000,28.0,0.0,0,0,0,0,1
2026-05-28,S03,P004,Basmati Premium Rice 5kg,38.0,450.0,0.0,0,145.0,0.0,107.0,30.0,5,Pantry,Grains,RoyalGrains,450.0,320.0,365,Hypermarket,Bengaluru,45000,9000,28.4,0.3,0,0,0,0,1
2026-05-29,S03,P004,Basmati Premium Rice 5kg,38.0,450.0,0.0,0,107.0,0.0,69.0,30.0,5,Pantry,Grains,RoyalGrains,450.0,320.0,365,Hypermarket,Bengaluru,45000,9000,26.9,0.3,0,0,0,0,1
2026-05-30,S03,P004,Basmati Premium Rice 5kg,48.0,450.0,0.0,0,69.0,0.0,21.0,30.0,5,Pantry,Grains,RoyalGrains,450.0,320.0,365,Hypermarket,Bengaluru,45000,9000,25.1,0.4,0,0,1,1,1
2026-05-31,S03,P004,Basmati Premium Rice 5kg,21.0,405.0,0.1,1,21.0,0.0,0.0,30.0,5,Pantry,Grains,RoyalGrains,450.0,320.0,365,Hypermarket,Bengaluru,45000,9000,22.6,1.1,0,0,1,1,1
2026-06-01,S03,P004,Basmati Premium Rice 5kg,0.0,450.0,0.0,0,0.0,0.0,0.0,30.0,5,Pantry,Grains,RoyalGrains,450.0,320.0,365,Hypermarket,Bengaluru,45000,9000,25.3,4.8,0,0,0,0,1
2026-06-02,S03,P004,Basmati Premium Rice 5kg,0.0,450.0,0.0,0,0.0,0.0,0.0,30.0,5,Pantry,Grains,RoyalGrains,450.0,320.0,365,Hypermarket,Bengaluru,45000,9000,24.5,14.9,0,0,0,0,1
2026-06-03,S03,P004,Basmati Premium Rice 5kg,0.0,450.0,0.0,0,0.0,0.0,0.0,30.0,5,Pantry,Grains,RoyalGrains,450.0,320.0,365,Hypermarket,Bengaluru,45000,9000,25.5,1.1,0,0,0,0,1
2026-06-04,S03,P004,Basmati Premium Rice 5kg,38.0,450.0,0.0,0,262.0,262.0,224.0,30.0,5,Pantry,Grains,RoyalGrains,450.0,320.0,365,Hypermarket,Bengaluru,45000,9000,24.9,12.5,0,0,0,0,1
2026-06-05,S03,P004,Basmati Premium Rice 5kg,27.0,450.0,0.0,0,224.0,0.0,197.0,30.0,5,Pantry,Grains,RoyalGrains,450.0,320.0,365,Hypermarket,Bengaluru,45000,9000,25.7,2.2,0,0,0,0,1
2026-06-06,S03,P004,Basmati Premium Rice 5kg,64.0,450.0,0.0,0,197.0,0.0,133.0,30.0,5,Pantry,Grains,RoyalGrains,450.0,320.0,365,Hypermarket,Bengaluru,45000,9000,22.7,1.3,0,0,1,0,1
2026-06-07,S03,P004,Basmati Premium Rice 5kg,55.0,450.0,0.0,0,133.0,0.0,78.0,30.0,5,Pantry,Grains,RoyalGrains,450.0,320.0,365,Hypermarket,Bengaluru,45000,9000,24.7,6.8,0,0,1,0,1
2026-06-08,S03,P004,Basmati Premium Rice 5kg,31.0,450.0,0.0,0,78.0,0.0,47.0,30.0,5,Pantry,Grains,RoyalGrains,450.0,320.0,365,Hypermarket,Bengaluru,45000,9000,28.3,0.2,0,0,0,0,1
2026-06-09,S03,P004,Basmati Premium Rice 5kg,36.0,450.0,0.0,0,47.0,0.0,11.0,30.0,5,Pantry,Grains,RoyalGrains,450.0,320.0,365,Hypermarket,Bengaluru,45000,9000,23.3,9.1,0,0,0,0,1
2026-06-10,S03,P004,Basmati Premium Rice 5kg,11.0,450.0,0.0,0,11.0,0.0,0.0,30.0,5,Pantry,Grains,RoyalGrains,450.0,320.0,365,Hypermarket,Bengaluru,45000,9000,26.7,0.7,0,0,0,0,1
2026-06-11,S03,P004,Basmati Premium Rice 5kg,0.0,405.0,0.1,1,0.0,0.0,0.0,30.0,5,Pantry,Grains,RoyalGrains,450.0,320.0,365,Hypermarket,Bengaluru,45000,9000,24.2,2.2,0,0,0,0,1
2026-06-12,S03,P004,Basmati Premium Rice 5kg,0.0,382.5,0.15,1,0.0,0.0,0.0,30.0,5,Pantry,Grains,RoyalGrains,450.0,320.0,365,Hypermarket,Bengaluru,45000,9000,27.5,0.4,0,0,0,0,1
2026-06-13,S03,P004,Basmati Premium Rice 5kg,0.0,450.0,0.0,0,0.0,0.0,0.0,30.0,5,Pantry,Grains,RoyalGrains,450.0,320.0,365,Hypermarket,Bengaluru,45000,9000,26.2,19.8,0,0,1,0,1
2026-06-14,S03,P004,Basmati Premium Rice 5kg,58.0,450.0,0.0,0,262.0,262.0,204.0,30.0,5,Pantry,Grains,RoyalGrains,450.0,320.0,365,Hypermarket,Bengaluru,45000,9000,22.3,0.5,0,0,1,0,1
2026-06-15,S03,P004,Basmati Premium Rice 5kg,64.0,450.0,0.0,0,204.0,0.0,140.0,30.0,5,Pantry,Grains,RoyalGrains,450.0,320.0,365,Hypermarket,Bengaluru,45000,9000,24.1,5.9,0,1,0,0,1
2026-06-16,S03,P004,Basmati Premium Rice 5kg,48.0,450.0,0.0,0,140.0,0.0,92.0,30.0,5,Pantry,Grains,RoyalGrains,450.0,320.0,365,Hypermarket,Bengaluru,45000,9000,26.1,3.4,0,0,0,0,1
2026-06-17,S03,P004,Basmati Premium Rice 5kg,34.0,450.0,0.0,0,92.0,0.0,58.0,30.0,5,Pantry,Grains,RoyalGrains,450.0,320.0,365,Hypermarket,Bengaluru,45000,9000,28.6,3.4,0,0,0,0,1
2026-06-18,S03,P004,Basmati Premium Rice 5kg,33.0,450.0,0.0,0,58.0,0.0,25.0,30.0,5,Pantry,Grains,RoyalGrains,450.0,320.0,365,Hypermarket,Bengaluru,45000,9000,22.7,2.7,0,0,0,0,1
2026-06-19,S03,P004,Basmati Premium Rice 5kg,25.0,450.0,0.0,0,25.0,0.0,0.0,30.0,5,Pantry,Grains,RoyalGrains,450.0,320.0,365,Hypermarket,Bengaluru,45000,9000,19.4,4.0,0,0,0,0,1
2026-06-20,S03,P004,Basmati Premium Rice 5kg,0.0,450.0,0.0,0,0.0,0.0,0.0,30.0,5,Pantry,Grains,RoyalGrains,450.0,320.0,365,Hypermarket,Bengaluru,45000,9000,24.1,5.6,0,0,1,0,1
2026-06-21,S03,P004,Basmati Premium Rice 5kg,0.0,405.0,0.1,1,0.0,0.0,0.0,30.0,5,Pantry,Grains,RoyalGrains,450.0,320.0,365,Hypermarket,Bengaluru,45000,9000,24.6,1.1,0,0,1,0,1
2026-06-22,S03,P004,Basmati Premium Rice 5kg,0.0,450.0,0.0,0,0.0,0.0,0.0,30.0,5,Pantry,Grains,RoyalGrains,450.0,320.0,365,Hypermarket,Bengaluru,45000,9000,22.6,20.9,0,0,0,0,1
2026-06-23,S03,P004,Basmati Premium Rice 5kg,45.0,450.0,0.0,0,262.0,262.0,217.0,30.0,5,Pantry,Grains,RoyalGrains,450.0,320.0,365,Hypermarket,Bengaluru,45000,9000,17.3,7.0,0,0,0,0,1
2026-06-24,S03,P004,Basmati Premium Rice 5kg,35.0,450.0,0.0,0,217.0,0.0,182.0,30.0,5,Pantry,Grains,RoyalGrains,450.0,320.0,365,Hypermarket,Bengaluru,45000,9000,25.1,1.2,0,0,0,0,1
2026-06-25,S03,P004,Basmati Premium Rice 5kg,37.0,450.0,0.0,0,182.0,0.0,145.0,30.0,5,Pantry,Grains,RoyalGrains,450.0,320.0,365,Hypermarket,Bengaluru,45000,9000,24.0,0.8,0,0,0,0,1
2026-06-26,S03,P004,Basmati Premium Rice 5kg,34.0,450.0,0.0,0,145.0,0.0,111.0,30.0,5,Pantry,Grains,RoyalGrains,450.0,320.0,365,Hypermarket,Bengaluru,45000,9000,22.0,4.1,0,0,0,0,1
2026-06-27,S03,P004,Basmati Premium Rice 5kg,42.0,450.0,0.0,0,111.0,0.0,69.0,30.0,5,Pantry,Grains,RoyalGrains,450.0,320.0,365,Hypermarket,Bengaluru,45000,9000,22.2,6.9,0,0,1,0,1
2026-06-28,S03,P004,Basmati Premium Rice 5kg,51.0,450.0,0.0,0,69.0,0.0,18.0,30.0,5,Pantry,Grains,RoyalGrains,450.0,320.0,365,Hypermarket,Bengaluru,45000,9000,23.7,2.5,0,0,1,1,1
2026-06-29,S03,P004,Basmati Premium Rice 5kg,18.0,450.0,0.0,0,18.0,0.0,0.0,30.0,5,Pantry,Grains,RoyalGrains,450.0,320.0,365,Hypermarket,Bengaluru,45000,9000,24.5,4.1,0,0,0,0,1
2026-01-01,S03,P005,Herbal Shampoo 250ml,32.0,220.0,0.0,0,75.0,0.0,43.0,25.0,4,Personal Care,Haircare,Botanica,220.0,140.0,730,Hypermarket,Bengaluru,45000,9000,22.8,0.7,1,0,0,0,1
2026-01-02,S03,P005,Herbal Shampoo 250ml,34.0,220.0,0.0,0,43.0,0.0,9.0,25.0,4,Personal Care,Haircare,Botanica,220.0,140.0,730,Hypermarket,Bengaluru,45000,9000,20.9,0.4,0,0,0,0,1
2026-01-03,S03,P005,Herbal Shampoo 250ml,9.0,220.0,0.0,0,9.0,0.0,0.0,25.0,4,Personal Care,Haircare,Botanica,220.0,140.0,730,Hypermarket,Bengaluru,45000,9000,20.0,0.4,0,0,1,0,1
2026-01-04,S03,P005,Herbal Shampoo 250ml,0.0,187.0,0.15,1,0.0,0.0,0.0,25.0,4,Personal Care,Haircare,Botanica,220.0,140.0,730,Hypermarket,Bengaluru,45000,9000,21.5,2.1,0,0,1,0,1
2026-01-05,S03,P005,Herbal Shampoo 250ml,0.0,220.0,0.0,0,0.0,0.0,0.0,25.0,4,Personal Care,Haircare,Botanica,220.0,140.0,730,Hypermarket,Bengaluru,45000,9000,24.6,0.1,0,0,0,0,1
2026-01-06,S03,P005,Herbal Shampoo 250ml,29.0,220.0,0.0,0,210.0,210.0,181.0,25.0,4,Personal Care,Haircare,Botanica,220.0,140.0,730,Hypermarket,Bengaluru,45000,9000,19.9,0.3,0,0,0,0,1
2026-01-07,S03,P005,Herbal Shampoo 250ml,32.0,198.0,0.1,1,181.0,0.0,149.0,25.0,4,Personal Care,Haircare,Botanica,220.0,140.0,730,Hypermarket,Bengaluru,45000,9000,21.0,0.7,0,0,0,0,1
2026-01-08,S03,P005,Herbal Shampoo 250ml,29.0,220.0,0.0,0,149.0,0.0,120.0,25.0,4,Personal Care,Haircare,Botanica,220.0,140.0,730,Hypermarket,Bengaluru,45000,9000,23.4,0.4,0,0,0,0,1
2026-01-09,S03,P005,Herbal Shampoo 250ml,38.0,220.0,0.0,0,120.0,0.0,82.0,25.0,4,Personal Care,Haircare,Botanica,220.0,140.0,730,Hypermarket,Bengaluru,45000,9000,19.3,0.4,0,0,0,0,1
2026-01-10,S03,P005,Herbal Shampoo 250ml,38.0,220.0,0.0,0,82.0,0.0,44.0,25.0,4,Personal Care,Haircare,Botanica,220.0,140.0,730,Hypermarket,Bengaluru,45000,9000,21.9,0.1,0,0,1,0,1
2026-01-11,S03,P005,Herbal Shampoo 250ml,39.0,220.0,0.0,0,44.0,0.0,5.0,25.0,4,Personal Care,Haircare,Botanica,220.0,140.0,730,Hypermarket,Bengaluru,45000,9000,21.1,0.7,0,0,1,0,1
2026-01-12,S03,P005,Herbal Shampoo 250ml,5.0,176.0,0.2,1,5.0,0.0,0.0,25.0,4,Personal Care,Haircare,Botanica,220.0,140.0,730,Hypermarket,Bengaluru,45000,9000,25.7,0.0,0,0,0,0,1
2026-01-13,S03,P005,Herbal Shampoo 250ml,0.0,220.0,0.0,0,0.0,0.0,0.0,25.0,4,Personal Care,Haircare,Botanica,220.0,140.0,730,Hypermarket,Bengaluru,45000,9000,25.1,0.2,0,0,0,0,1
2026-01-14,S03,P005,Herbal Shampoo 250ml,0.0,220.0,0.0,0,0.0,0.0,0.0,25.0,4,Personal Care,Haircare,Botanica,220.0,140.0,730,Hypermarket,Bengaluru,45000,9000,22.1,0.1,0,0,0,1,1
2026-01-15,S03,P005,Herbal Shampoo 250ml,29.0,220.0,0.0,0,210.0,210.0,181.0,25.0,4,Personal Care,Haircare,Botanica,220.0,140.0,730,Hypermarket,Bengaluru,45000,9000,23.1,0.4,0,0,0,0,1
2026-01-16,S03,P005,Herbal Shampoo 250ml,30.0,220.0,0.0,0,181.0,0.0,151.0,25.0,4,Personal Care,Haircare,Botanica,220.0,140.0,730,Hypermarket,Bengaluru,45000,9000,24.1,0.3,0,0,0,1,1
2026-01-17,S03,P005,Herbal Shampoo 250ml,35.0,220.0,0.0,0,151.0,0.0,116.0,25.0,4,Personal Care,Haircare,Botanica,220.0,140.0,730,Hypermarket,Bengaluru,45000,9000,24.3,0.3,0,0,1,0,1
2026-01-18,S03,P005,Herbal Shampoo 250ml,48.0,220.0,0.0,0,116.0,0.0,68.0,25.0,4,Personal Care,Haircare,Botanica,220.0,140.0,730,Hypermarket,Bengaluru,45000,9000,26.9,0.1,0,0,1,0,1
2026-01-19,S03,P005,Herbal Shampoo 250ml,26.0,220.0,0.0,0,68.0,0.0,42.0,25.0,4,Personal Care,Haircare,Botanica,220.0,140.0,730,Hypermarket,Bengaluru,45000,9000,25.0,1.9,0,0,0,0,1
2026-01-20,S03,P005,Herbal Shampoo 250ml,27.0,220.0,0.0,0,42.0,0.0,15.0,25.0,4,Personal Care,Haircare,Botanica,220.0,140.0,730,Hypermarket,Bengaluru,45000,9000,23.0,0.3,0,0,0,0,1
2026-01-21,S03,P005,Herbal Shampoo 250ml,15.0,220.0,0.0,0,15.0,0.0,0.0,25.0,4,Personal Care,Haircare,Botanica,220.0,140.0,730,Hypermarket,Bengaluru,45000,9000,22.6,0.4,0,0,0,1,1
2026-01-22,S03,P005,Herbal Shampoo 250ml,0.0,220.0,0.0,0,0.0,0.0,0.0,25.0,4,Personal Care,Haircare,Botanica,220.0,140.0,730,Hypermarket,Bengaluru,45000,9000,20.6,0.9,0,0,0,0,1
2026-01-23,S03,P005,Herbal Shampoo 250ml,0.0,220.0,0.0,0,0.0,0.0,0.0,25.0,4,Personal Care,Haircare,Botanica,220.0,140.0,730,Hypermarket,Bengaluru,45000,9000,25.6,0.6,0,0,0,0,1
2026-01-24,S03,P005,Herbal Shampoo 250ml,32.0,220.0,0.0,0,210.0,210.0,178.0,25.0,4,Personal Care,Haircare,Botanica,220.0,140.0,730,Hypermarket,Bengaluru,45000,9000,26.7,0.5,0,0,1,0,1
2026-01-25,S03,P005,Herbal Shampoo 250ml,48.0,220.0,0.0,0,178.0,0.0,130.0,25.0,4,Personal Care,Haircare,Botanica,220.0,140.0,730,Hypermarket,Bengaluru,45000,9000,26.3,0.1,0,0,1,0,1
2026-01-26,S03,P005,Herbal Shampoo 250ml,47.0,220.0,0.0,0,130.0,0.0,83.0,25.0,4,Personal Care,Haircare,Botanica,220.0,140.0,730,Hypermarket,Bengaluru,45000,9000,22.6,1.5,1,1,0,0,1
2026-01-27,S03,P005,Herbal Shampoo 250ml,27.0,220.0,0.0,0,83.0,0.0,56.0,25.0,4,Personal Care,Haircare,Botanica,220.0,140.0,730,Hypermarket,Bengaluru,45000,9000,25.3,0.6,0,0,0,0,1
2026-01-28,S03,P005,Herbal Shampoo 250ml,29.0,220.0,0.0,0,56.0,0.0,27.0,25.0,4,Personal Care,Haircare,Botanica,220.0,140.0,730,Hypermarket,Bengaluru,45000,9000,27.6,0.3,0,0,0,0,1
2026-01-29,S03,P005,Herbal Shampoo 250ml,26.0,220.0,0.0,0,27.0,0.0,1.0,25.0,4,Personal Care,Haircare,Botanica,220.0,140.0,730,Hypermarket,Bengaluru,45000,9000,23.7,0.8,0,0,0,0,1
2026-01-30,S03,P005,Herbal Shampoo 250ml,1.0,220.0,0.0,0,1.0,0.0,0.0,25.0,4,Personal Care,Haircare,Botanica,220.0,140.0,730,Hypermarket,Bengaluru,45000,9000,26.1,0.6,0,0,0,0,1
2026-01-31,S03,P005,Herbal Shampoo 250ml,0.0,176.0,0.2,1,0.0,0.0,0.0,25.0,4,Personal Care,Haircare,Botanica,220.0,140.0,730,Hypermarket,Bengaluru,45000,9000,25.2,0.3,0,0,1,0,1
2026-02-01,S03,P005,Herbal Shampoo 250ml,0.0,220.0,0.0,0,0.0,0.0,0.0,25.0,4,Personal Care,Haircare,Botanica,220.0,140.0,730,Hypermarket,Bengaluru,45000,9000,25.3,0.1,0,0,1,0,1
2026-02-02,S03,P005,Herbal Shampoo 250ml,30.0,220.0,0.0,0,210.0,210.0,180.0,25.0,4,Personal Care,Haircare,Botanica,220.0,140.0,730,Hypermarket,Bengaluru,45000,9000,29.2,0.4,0,0,0,0,1
2026-02-03,S03,P005,Herbal Shampoo 250ml,34.0,220.0,0.0,0,180.0,0.0,146.0,25.0,4,Personal Care,Haircare,Botanica,220.0,140.0,730,Hypermarket,Bengaluru,45000,9000,28.6,0.3,0,0,0,0,1
2026-02-04,S03,P005,Herbal Shampoo 250ml,32.0,220.0,0.0,0,146.0,0.0,114.0,25.0,4,Personal Care,Haircare,Botanica,220.0,140.0,730,Hypermarket,Bengaluru,45000,9000,27.3,0.1,0,0,0,0,1
2026-02-05,S03,P005,Herbal Shampoo 250ml,33.0,220.0,0.0,1,114.0,0.0,81.0,25.0,4,Personal Care,Haircare,Botanica,220.0,140.0,730,Hypermarket,Bengaluru,45000,9000,28.1,0.8,0,0,0,1,1
2026-02-06,S03,P005,Herbal Shampoo 250ml,28.0,220.0,0.0,0,81.0,0.0,53.0,25.0,4,Personal Care,Haircare,Botanica,220.0,140.0,730,Hypermarket,Bengaluru,45000,9000,26.6,0.1,0,0,0,0,1
2026-02-07,S03,P005,Herbal Shampoo 250ml,40.0,220.0,0.0,0,53.0,0.0,13.0,25.0,4,Personal Care,Haircare,Botanica,220.0,140.0,730,Hypermarket,Bengaluru,45000,9000,28.8,0.8,0,0,1,0,1
2026-02-08,S03,P005,Herbal Shampoo 250ml,13.0,220.0,0.0,0,13.0,0.0,0.0,25.0,4,Personal Care,Haircare,Botanica,220.0,140.0,730,Hypermarket,Bengaluru,45000,9000,28.9,0.4,0,0,1,0,1
2026-02-09,S03,P005,Herbal Shampoo 250ml,0.0,220.0,0.0,0,0.0,0.0,0.0,25.0,4,Personal Care,Haircare,Botanica,220.0,140.0,730,Hypermarket,Bengaluru,45000,9000,27.4,0.0,0,0,0,0,1
2026-02-10,S03,P005,Herbal Shampoo 250ml,0.0,220.0,0.0,0,0.0,0.0,0.0,25.0,4,Personal Care,Haircare,Botanica,220.0,140.0,730,Hypermarket,Bengaluru,45000,9000,27.0,0.9,0,0,0,0,1
2026-02-11,S03,P005,Herbal Shampoo 250ml,33.0,220.0,0.0,0,210.0,210.0,177.0,25.0,4,Personal Care,Haircare,Botanica,220.0,140.0,730,Hypermarket,Bengaluru,45000,9000,26.4,0.4,0,0,0,0,1
2026-02-12,S03,P005,Herbal Shampoo 250ml,36.0,220.0,0.0,0,177.0,0.0,141.0,25.0,4,Personal Care,Haircare,Botanica,220.0,140.0,730,Hypermarket,Bengaluru,45000,9000,26.6,1.1,0,0,0,0,1
2026-02-13,S03,P005,Herbal Shampoo 250ml,30.0,220.0,0.0,0,141.0,0.0,111.0,25.0,4,Personal Care,Haircare,Botanica,220.0,140.0,730,Hypermarket,Bengaluru,45000,9000,26.4,0.3,0,0,0,0,1
2026-02-14,S03,P005,Herbal Shampoo 250ml,46.0,220.0,0.0,0,111.0,0.0,65.0,25.0,4,Personal Care,Haircare,Botanica,220.0,140.0,730,Hypermarket,Bengaluru,45000,9000,29.6,0.4,0,0,1,0,1
2026-02-15,S03,P005,Herbal Shampoo 250ml,45.0,220.0,0.0,0,65.0,0.0,20.0,25.0,4,Personal Care,Haircare,Botanica,220.0,140.0,730,Hypermarket,Bengaluru,45000,9000,28.6,0.7,0,0,1,0,1
2026-02-16,S03,P005,Herbal Shampoo 250ml,20.0,187.0,0.15,1,20.0,0.0,0.0,25.0,4,Personal Care,Haircare,Botanica,220.0,140.0,730,Hypermarket,Bengaluru,45000,9000,28.9,0.3,0,0,0,0,1
2026-02-17,S03,P005,Herbal Shampoo 250ml,0.0,220.0,0.0,1,0.0,0.0,0.0,25.0,4,Personal Care,Haircare,Botanica,220.0,140.0,730,Hypermarket,Bengaluru,45000,9000,29.1,1.0,0,0,0,0,1
2026-02-18,S03,P005,Herbal Shampoo 250ml,0.0,220.0,0.0,0,0.0,0.0,0.0,25.0,4,Personal Care,Haircare,Botanica,220.0,140.0,730,Hypermarket,Bengaluru,45000,9000,29.5,0.3,0,0,0,0,1
2026-02-19,S03,P005,Herbal Shampoo 250ml,34.0,220.0,0.0,0,210.0,210.0,176.0,25.0,4,Personal Care,Haircare,Botanica,220.0,140.0,730,Hypermarket,Bengaluru,45000,9000,27.0,0.1,0,0,0,0,1
2026-02-20,S03,P005,Herbal Shampoo 250ml,30.0,220.0,0.0,0,176.0,0.0,146.0,25.0,4,Personal Care,Haircare,Botanica,220.0,140.0,730,Hypermarket,Bengaluru,45000,9000,25.4,0.5,0,0,0,0,1
2026-02-21,S03,P005,Herbal Shampoo 250ml,32.0,220.0,0.0,0,146.0,0.0,114.0,25.0,4,Personal Care,Haircare,Botanica,220.0,140.0,730,Hypermarket,Bengaluru,45000,9000,30.3,1.3,0,0,1,0,1
2026-02-22,S03,P005,Herbal Shampoo 250ml,44.0,220.0,0.0,0,114.0,0.0,70.0,25.0,4,Personal Care,Haircare,Botanica,220.0,140.0,730,Hypermarket,Bengaluru,45000,9000,30.1,0.8,0,0,1,0,1
2026-02-23,S03,P005,Herbal Shampoo 250ml,31.0,220.0,0.0,0,70.0,0.0,39.0,25.0,4,Personal Care,Haircare,Botanica,220.0,140.0,730,Hypermarket,Bengaluru,45000,9000,27.6,0.1,0,0,0,1,1
2026-02-24,S03,P005,Herbal Shampoo 250ml,25.0,220.0,0.0,0,39.0,0.0,14.0,25.0,4,Personal Care,Haircare,Botanica,220.0,140.0,730,Hypermarket,Bengaluru,45000,9000,29.9,0.2,0,0,0,0,1
2026-02-25,S03,P005,Herbal Shampoo 250ml,14.0,187.0,0.15,1,14.0,0.0,0.0,25.0,4,Personal Care,Haircare,Botanica,220.0,140.0,730,Hypermarket,Bengaluru,45000,9000,27.2,0.3,0,0,0,0,1
2026-02-26,S03,P005,Herbal Shampoo 250ml,0.0,220.0,0.0,0,0.0,0.0,0.0,25.0,4,Personal Care,Haircare,Botanica,220.0,140.0,730,Hypermarket,Bengaluru,45000,9000,32.2,0.8,0,0,0,0,1
2026-02-27,S03,P005,Herbal Shampoo 250ml,0.0,220.0,0.0,0,0.0,0.0,0.0,25.0,4,Personal Care,Haircare,Botanica,220.0,140.0,730,Hypermarket,Bengaluru,45000,9000,31.8,0.7,0,0,0,0,1
2026-02-28,S03,P005,Herbal Shampoo 250ml,43.0,220.0,0.0,0,210.0,210.0,167.0,25.0,4,Personal Care,Haircare,Botanica,220.0,140.0,730,Hypermarket,Bengaluru,45000,9000,32.8,0.1,0,0,1,0,1
2026-03-01,S03,P005,Herbal Shampoo 250ml,41.0,220.0,0.0,0,167.0,0.0,126.0,25.0,4,Personal Care,Haircare,Botanica,220.0,140.0,730,Hypermarket,Bengaluru,45000,9000,27.1,2.7,0,0,1,0,1
2026-03-02,S03,P005,Herbal Shampoo 250ml,27.0,220.0,0.0,0,126.0,0.0,99.0,25.0,4,Personal Care,Haircare,Botanica,220.0,140.0,730,Hypermarket,Bengaluru,45000,9000,31.6,0.3,0,0,0,1,1
2026-03-03,S03,P005,Herbal Shampoo 250ml,24.0,220.0,0.0,0,99.0,0.0,75.0,25.0,4,Personal Care,Haircare,Botanica,220.0,140.0,730,Hypermarket,Bengaluru,45000,9000,27.5,0.1,0,0,0,0,1
2026-03-04,S03,P005,Herbal Shampoo 250ml,29.0,220.0,0.0,0,75.0,0.0,46.0,25.0,4,Personal Care,Haircare,Botanica,220.0,140.0,730,Hypermarket,Bengaluru,45000,9000,30.8,0.3,0,0,0,0,1
2026-03-05,S03,P005,Herbal Shampoo 250ml,30.0,220.0,0.0,0,46.0,0.0,16.0,25.0,4,Personal Care,Haircare,Botanica,220.0,140.0,730,Hypermarket,Bengaluru,45000,9000,30.1,0.2,0,0,0,0,1
2026-03-06,S03,P005,Herbal Shampoo 250ml,16.0,220.0,0.0,0,16.0,0.0,0.0,25.0,4,Personal Care,Haircare,Botanica,220.0,140.0,730,Hypermarket,Bengaluru,45000,9000,29.9,0.7,0,0,0,0,1
2026-03-07,S03,P005,Herbal Shampoo 250ml,0.0,220.0,0.0,0,0.0,0.0,0.0,25.0,4,Personal Care,Haircare,Botanica,220.0,140.0,730,Hypermarket,Bengaluru,45000,9000,30.5,0.4,0,0,1,0,1
2026-03-08,S03,P005,Herbal Shampoo 250ml,0.0,220.0,0.0,0,0.0,0.0,0.0,25.0,4,Personal Care,Haircare,Botanica,220.0,140.0,730,Hypermarket,Bengaluru,45000,9000,28.7,0.4,0,1,1,0,1
2026-03-09,S03,P005,Herbal Shampoo 250ml,28.0,220.0,0.0,0,210.0,210.0,182.0,25.0,4,Personal Care,Haircare,Botanica,220.0,140.0,730,Hypermarket,Bengaluru,45000,9000,27.7,0.0,0,0,0,0,1
2026-03-10,S03,P005,Herbal Shampoo 250ml,29.0,220.0,0.0,1,182.0,0.0,153.0,25.0,4,Personal Care,Haircare,Botanica,220.0,140.0,730,Hypermarket,Bengaluru,45000,9000,28.0,0.3,0,0,0,1,1
2026-03-11,S03,P005,Herbal Shampoo 250ml,28.0,220.0,0.0,0,153.0,0.0,125.0,25.0,4,Personal Care,Haircare,Botanica,220.0,140.0,730,Hypermarket,Bengaluru,45000,9000,28.1,0.2,0,0,0,0,1
2026-03-12,S03,P005,Herbal Shampoo 250ml,34.0,220.0,0.0,0,125.0,0.0,91.0,25.0,4,Personal Care,Haircare,Botanica,220.0,140.0,730,Hypermarket,Bengaluru,45000,9000,26.4,0.6,0,0,0,0,1
2026-03-13,S03,P005,Herbal Shampoo 250ml,33.0,220.0,0.0,1,91.0,0.0,58.0,25.0,4,Personal Care,Haircare,Botanica,220.0,140.0,730,Hypermarket,Bengaluru,45000,9000,31.2,0.2,0,0,0,0,1
2026-03-14,S03,P005,Herbal Shampoo 250ml,38.0,220.0,0.0,0,58.0,0.0,20.0,25.0,4,Personal Care,Haircare,Botanica,220.0,140.0,730,Hypermarket,Bengaluru,45000,9000,29.5,1.1,0,0,1,0,1
2026-03-15,S03,P005,Herbal Shampoo 250ml,20.0,198.0,0.1,1,20.0,0.0,0.0,25.0,4,Personal Care,Haircare,Botanica,220.0,140.0,730,Hypermarket,Bengaluru,45000,9000,30.8,0.7,0,0,1,0,1
2026-03-16,S03,P005,Herbal Shampoo 250ml,0.0,220.0,0.0,0,0.0,0.0,0.0,25.0,4,Personal Care,Haircare,Botanica,220.0,140.0,730,Hypermarket,Bengaluru,45000,9000,28.9,0.1,0,0,0,0,1
2026-03-17,S03,P005,Herbal Shampoo 250ml,0.0,220.0,0.0,0,0.0,0.0,0.0,25.0,4,Personal Care,Haircare,Botanica,220.0,140.0,730,Hypermarket,Bengaluru,45000,9000,27.8,0.3,0,0,0,0,1
2026-03-18,S03,P005,Herbal Shampoo 250ml,39.0,220.0,0.0,0,210.0,210.0,171.0,25.0,4,Personal Care,Haircare,Botanica,220.0,140.0,730,Hypermarket,Bengaluru,45000,9000,27.7,0.6,0,0,0,0,1
2026-03-19,S03,P005,Herbal Shampoo 250ml,27.0,220.0,0.0,0,171.0,0.0,144.0,25.0,4,Personal Care,Haircare,Botanica,220.0,140.0,730,Hypermarket,Bengaluru,45000,9000,30.5,0.7,0,0,0,0,1
2026-03-20,S03,P005,Herbal Shampoo 250ml,26.0,220.0,0.0,0,144.0,0.0,118.0,25.0,4,Personal Care,Haircare,Botanica,220.0,140.0,730,Hypermarket,Bengaluru,45000,9000,31.1,0.2,0,0,0,0,1
2026-03-21,S03,P005,Herbal Shampoo 250ml,32.0,220.0,0.0,0,118.0,0.0,86.0,25.0,4,Personal Care,Haircare,Botanica,220.0,140.0,730,Hypermarket,Bengaluru,45000,9000,29.4,0.9,0,0,1,0,1
2026-03-22,S03,P005,Herbal Shampoo 250ml,44.0,220.0,0.0,0,86.0,0.0,42.0,25.0,4,Personal Care,Haircare,Botanica,220.0,140.0,730,Hypermarket,Bengaluru,45000,9000,32.1,0.1,0,0,1,0,1
2026-03-23,S03,P005,Herbal Shampoo 250ml,31.0,220.0,0.0,0,42.0,0.0,11.0,25.0,4,Personal Care,Haircare,Botanica,220.0,140.0,730,Hypermarket,Bengaluru,45000,9000,30.0,2.1,0,0,0,0,1
2026-03-24,S03,P005,Herbal Shampoo 250ml,11.0,220.0,0.0,0,11.0,0.0,0.0,25.0,4,Personal Care,Haircare,Botanica,220.0,140.0,730,Hypermarket,Bengaluru,45000,9000,27.9,0.3,0,0,0,0,1
2026-03-25,S03,P005,Herbal Shampoo 250ml,0.0,220.0,0.0,0,0.0,0.0,0.0,25.0,4,Personal Care,Haircare,Botanica,220.0,140.0,730,Hypermarket,Bengaluru,45000,9000,31.1,0.2,0,1,0,0,1
2026-03-26,S03,P005,Herbal Shampoo 250ml,0.0,220.0,0.0,0,0.0,0.0,0.0,25.0,4,Personal Care,Haircare,Botanica,220.0,140.0,730,Hypermarket,Bengaluru,45000,9000,27.7,0.3,0,0,0,0,1
2026-03-27,S03,P005,Herbal Shampoo 250ml,32.0,220.0,0.0,0,210.0,210.0,178.0,25.0,4,Personal Care,Haircare,Botanica,220.0,140.0,730,Hypermarket,Bengaluru,45000,9000,30.7,0.2,0,0,0,0,1
2026-03-28,S03,P005,Herbal Shampoo 250ml,39.0,220.0,0.0,0,178.0,0.0,139.0,25.0,4,Personal Care,Haircare,Botanica,220.0,140.0,730,Hypermarket,Bengaluru,45000,9000,29.3,0.1,0,0,1,0,1
2026-03-29,S03,P005,Herbal Shampoo 250ml,36.0,220.0,0.0,0,139.0,0.0,103.0,25.0,4,Personal Care,Haircare,Botanica,220.0,140.0,730,Hypermarket,Bengaluru,45000,9000,30.6,2.3,0,0,1,0,1
2026-03-30,S03,P005,Herbal Shampoo 250ml,29.0,220.0,0.0,0,103.0,0.0,74.0,25.0,4,Personal Care,Haircare,Botanica,220.0,140.0,730,Hypermarket,Bengaluru,45000,9000,32.2,0.1,0,0,0,1,1
2026-03-31,S03,P005,Herbal Shampoo 250ml,35.0,220.0,0.0,1,74.0,0.0,39.0,25.0,4,Personal Care,Haircare,Botanica,220.0,140.0,730,Hypermarket,Bengaluru,45000,9000,32.3,0.1,0,0,0,0,1
2026-04-01,S03,P005,Herbal Shampoo 250ml,29.0,220.0,0.0,0,39.0,0.0,10.0,25.0,4,Personal Care,Haircare,Botanica,220.0,140.0,730,Hypermarket,Bengaluru,45000,9000,29.3,0.2,0,0,0,0,1
2026-04-02,S03,P005,Herbal Shampoo 250ml,10.0,220.0,0.0,0,10.0,0.0,0.0,25.0,4,Personal Care,Haircare,Botanica,220.0,140.0,730,Hypermarket,Bengaluru,45000,9000,31.2,0.4,0,0,0,0,1
2026-04-03,S03,P005,Herbal Shampoo 250ml,0.0,220.0,0.0,0,0.0,0.0,0.0,25.0,4,Personal Care,Haircare,Botanica,220.0,140.0,730,Hypermarket,Bengaluru,45000,9000,30.9,0.6,0,0,0,0,1
2026-04-04,S03,P005,Herbal Shampoo 250ml,0.0,220.0,0.0,0,0.0,0.0,0.0,25.0,4,Personal Care,Haircare,Botanica,220.0,140.0,730,Hypermarket,Bengaluru,45000,9000,28.7,0.8,0,0,1,0,1
2026-04-05,S03,P005,Herbal Shampoo 250ml,33.0,220.0,0.0,0,210.0,210.0,177.0,25.0,4,Personal Care,Haircare,Botanica,220.0,140.0,730,Hypermarket,Bengaluru,45000,9000,27.5,1.1,0,0,1,0,1
2026-04-06,S03,P005,Herbal Shampoo 250ml,36.0,176.0,0.2,1,177.0,0.0,141.0,25.0,4,Personal Care,Haircare,Botanica,220.0,140.0,730,Hypermarket,Bengaluru,45000,9000,27.5,0.5,0,0,0,0,1
2026-04-07,S03,P005,Herbal Shampoo 250ml,37.0,220.0,0.0,0,141.0,0.0,104.0,25.0,4,Personal Care,Haircare,Botanica,220.0,140.0,730,Hypermarket,Bengaluru,45000,9000,31.6,0.2,0,0,0,0,1
2026-04-08,S03,P005,Herbal Shampoo 250ml,33.0,220.0,0.0,0,104.0,0.0,71.0,25.0,4,Personal Care,Haircare,Botanica,220.0,140.0,730,Hypermarket,Bengaluru,45000,9000,29.1,0.1,0,0,0,0,1
2026-04-09,S03,P005,Herbal Shampoo 250ml,25.0,220.0,0.0,0,71.0,0.0,46.0,25.0,4,Personal Care,Haircare,Botanica,220.0,140.0,730,Hypermarket,Bengaluru,45000,9000,28.4,1.1,0,0,0,1,1
2026-04-10,S03,P005,Herbal Shampoo 250ml,30.0,220.0,0.0,0,46.0,0.0,16.0,25.0,4,Personal Care,Haircare,Botanica,220.0,140.0,730,Hypermarket,Bengaluru,45000,9000,34.4,0.3,0,0,0,0,1
2026-04-11,S03,P005,Herbal Shampoo 250ml,16.0,220.0,0.0,0,16.0,0.0,0.0,25.0,4,Personal Care,Haircare,Botanica,220.0,140.0,730,Hypermarket,Bengaluru,45000,9000,29.2,1.1,0,0,1,0,1
2026-04-12,S03,P005,Herbal Shampoo 250ml,0.0,220.0,0.0,0,0.0,0.0,0.0,25.0,4,Personal Care,Haircare,Botanica,220.0,140.0,730,Hypermarket,Bengaluru,45000,9000,29.9,0.3,0,0,1,1,1
2026-04-13,S03,P005,Herbal Shampoo 250ml,0.0,220.0,0.0,0,0.0,0.0,0.0,25.0,4,Personal Care,Haircare,Botanica,220.0,140.0,730,Hypermarket,Bengaluru,45000,9000,24.7,0.1,0,0,0,0,1
2026-04-14,S03,P005,Herbal Shampoo 250ml,31.0,220.0,0.0,0,210.0,210.0,179.0,25.0,4,Personal Care,Haircare,Botanica,220.0,140.0,730,Hypermarket,Bengaluru,45000,9000,29.1,1.0,1,0,0,0,1
2026-04-15,S03,P005,Herbal Shampoo 250ml,35.0,187.0,0.15,1,179.0,0.0,144.0,25.0,4,Personal Care,Haircare,Botanica,220.0,140.0,730,Hypermarket,Bengaluru,45000,9000,29.9,0.8,0,0,0,0,1
2026-04-16,S03,P005,Herbal Shampoo 250ml,29.0,220.0,0.0,0,144.0,0.0,115.0,25.0,4,Personal Care,Haircare,Botanica,220.0,140.0,730,Hypermarket,Bengaluru,45000,9000,30.2,0.1,0,0,0,0,1
2026-04-17,S03,P005,Herbal Shampoo 250ml,32.0,220.0,0.0,0,115.0,0.0,83.0,25.0,4,Personal Care,Haircare,Botanica,220.0,140.0,730,Hypermarket,Bengaluru,45000,9000,29.4,0.9,0,0,0,0,1
2026-04-18,S03,P005,Herbal Shampoo 250ml,55.0,187.0,0.15,1,83.0,0.0,28.0,25.0,4,Personal Care,Haircare,Botanica,220.0,140.0,730,Hypermarket,Bengaluru,45000,9000,27.5,0.2,0,0,1,0,1
2026-04-19,S03,P005,Herbal Shampoo 250ml,28.0,220.0,0.0,0,28.0,0.0,0.0,25.0,4,Personal Care,Haircare,Botanica,220.0,140.0,730,Hypermarket,Bengaluru,45000,9000,33.3,0.2,0,0,1,0,1
2026-04-20,S03,P005,Herbal Shampoo 250ml,0.0,220.0,0.0,0,0.0,0.0,0.0,25.0,4,Personal Care,Haircare,Botanica,220.0,140.0,730,Hypermarket,Bengaluru,45000,9000,26.7,0.3,0,0,0,0,1
2026-04-21,S03,P005,Herbal Shampoo 250ml,0.0,220.0,0.0,0,0.0,0.0,0.0,25.0,4,Personal Care,Haircare,Botanica,220.0,140.0,730,Hypermarket,Bengaluru,45000,9000,32.0,0.4,0,0,0,0,1
2026-04-22,S03,P005,Herbal Shampoo 250ml,0.0,220.0,0.0,0,0.0,0.0,0.0,25.0,4,Personal Care,Haircare,Botanica,220.0,140.0,730,Hypermarket,Bengaluru,45000,9000,28.1,1.6,0,0,0,0,1
2026-04-23,S03,P005,Herbal Shampoo 250ml,24.0,220.0,0.0,0,210.0,210.0,186.0,25.0,4,Personal Care,Haircare,Botanica,220.0,140.0,730,Hypermarket,Bengaluru,45000,9000,32.2,0.2,0,0,0,0,1
2026-04-24,S03,P005,Herbal Shampoo 250ml,26.0,220.0,0.0,1,186.0,0.0,160.0,25.0,4,Personal Care,Haircare,Botanica,220.0,140.0,730,Hypermarket,Bengaluru,45000,9000,29.6,0.4,0,0,0,0,1
2026-04-25,S03,P005,Herbal Shampoo 250ml,64.0,187.0,0.15,1,160.0,0.0,96.0,25.0,4,Personal Care,Haircare,Botanica,220.0,140.0,730,Hypermarket,Bengaluru,45000,9000,30.3,0.0,0,0,1,0,1
2026-04-26,S03,P005,Herbal Shampoo 250ml,36.0,220.0,0.0,0,96.0,0.0,60.0,25.0,4,Personal Care,Haircare,Botanica,220.0,140.0,730,Hypermarket,Bengaluru,45000,9000,29.0,0.2,0,0,1,0,1
2026-04-27,S03,P005,Herbal Shampoo 250ml,28.0,220.0,0.0,0,60.0,0.0,32.0,25.0,4,Personal Care,Haircare,Botanica,220.0,140.0,730,Hypermarket,Bengaluru,45000,9000,30.4,1.3,0,0,0,0,1
2026-04-28,S03,P005,Herbal Shampoo 250ml,32.0,220.0,0.0,0,32.0,0.0,0.0,25.0,4,Personal Care,Haircare,Botanica,220.0,140.0,730,Hypermarket,Bengaluru,45000,9000,29.8,0.3,0,0,0,0,1
2026-04-29,S03,P005,Herbal Shampoo 250ml,0.0,220.0,0.0,0,0.0,0.0,0.0,25.0,4,Personal Care,Haircare,Botanica,220.0,140.0,730,Hypermarket,Bengaluru,45000,9000,27.4,0.1,0,0,0,0,1
2026-04-30,S03,P005,Herbal Shampoo 250ml,0.0,187.0,0.15,1,0.0,0.0,0.0,25.0,4,Personal Care,Haircare,Botanica,220.0,140.0,730,Hypermarket,Bengaluru,45000,9000,25.5,0.6,0,0,0,0,1
2026-05-01,S03,P005,Herbal Shampoo 250ml,0.0,220.0,0.0,0,0.0,0.0,0.0,25.0,4,Personal Care,Haircare,Botanica,220.0,140.0,730,Hypermarket,Bengaluru,45000,9000,28.6,0.3,1,1,0,0,1
2026-05-02,S03,P005,Herbal Shampoo 250ml,46.0,220.0,0.0,0,210.0,210.0,164.0,25.0,4,Personal Care,Haircare,Botanica,220.0,140.0,730,Hypermarket,Bengaluru,45000,9000,28.7,0.4,0,0,1,0,1
2026-05-03,S03,P005,Herbal Shampoo 250ml,40.0,220.0,0.0,0,164.0,0.0,124.0,25.0,4,Personal Care,Haircare,Botanica,220.0,140.0,730,Hypermarket,Bengaluru,45000,9000,31.1,1.1,0,0,1,0,1
2026-05-04,S03,P005,Herbal Shampoo 250ml,38.0,220.0,0.0,0,124.0,0.0,86.0,25.0,4,Personal Care,Haircare,Botanica,220.0,140.0,730,Hypermarket,Bengaluru,45000,9000,25.9,0.7,0,0,0,0,1
2026-05-05,S03,P005,Herbal Shampoo 250ml,28.0,220.0,0.0,0,86.0,0.0,58.0,25.0,4,Personal Care,Haircare,Botanica,220.0,140.0,730,Hypermarket,Bengaluru,45000,9000,24.4,0.5,0,0,0,0,1
2026-05-06,S03,P005,Herbal Shampoo 250ml,33.0,220.0,0.0,0,58.0,0.0,25.0,25.0,4,Personal Care,Haircare,Botanica,220.0,140.0,730,Hypermarket,Bengaluru,45000,9000,27.6,0.1,0,0,0,0,1
2026-05-07,S03,P005,Herbal Shampoo 250ml,25.0,220.0,0.0,0,25.0,0.0,0.0,25.0,4,Personal Care,Haircare,Botanica,220.0,140.0,730,Hypermarket,Bengaluru,45000,9000,28.7,0.2,0,0,0,0,1
2026-05-08,S03,P005,Herbal Shampoo 250ml,0.0,220.0,0.0,0,0.0,0.0,0.0,25.0,4,Personal Care,Haircare,Botanica,220.0,140.0,730,Hypermarket,Bengaluru,45000,9000,29.1,0.1,0,0,0,0,1
2026-05-09,S03,P005,Herbal Shampoo 250ml,0.0,220.0,0.0,0,0.0,0.0,0.0,25.0,4,Personal Care,Haircare,Botanica,220.0,140.0,730,Hypermarket,Bengaluru,45000,9000,24.2,0.0,0,0,1,0,1
2026-05-10,S03,P005,Herbal Shampoo 250ml,33.0,220.0,0.0,0,210.0,210.0,177.0,25.0,4,Personal Care,Haircare,Botanica,220.0,140.0,730,Hypermarket,Bengaluru,45000,9000,26.8,0.1,0,0,1,0,1
2026-05-11,S03,P005,Herbal Shampoo 250ml,32.0,220.0,0.0,0,177.0,0.0,145.0,25.0,4,Personal Care,Haircare,Botanica,220.0,140.0,730,Hypermarket,Bengaluru,45000,9000,30.6,0.3,0,0,0,0,1
2026-05-12,S03,P005,Herbal Shampoo 250ml,28.0,220.0,0.0,0,145.0,0.0,117.0,25.0,4,Personal Care,Haircare,Botanica,220.0,140.0,730,Hypermarket,Bengaluru,45000,9000,31.6,0.3,0,0,0,0,1
2026-05-13,S03,P005,Herbal Shampoo 250ml,26.0,220.0,0.0,0,117.0,0.0,91.0,25.0,4,Personal Care,Haircare,Botanica,220.0,140.0,730,Hypermarket,Bengaluru,45000,9000,27.0,0.1,0,0,0,0,1
2026-05-14,S03,P005,Herbal Shampoo 250ml,31.0,220.0,0.0,0,91.0,0.0,60.0,25.0,4,Personal Care,Haircare,Botanica,220.0,140.0,730,Hypermarket,Bengaluru,45000,9000,30.6,0.8,0,0,0,0,1
2026-05-15,S03,P005,Herbal Shampoo 250ml,36.0,220.0,0.0,0,60.0,0.0,24.0,25.0,4,Personal Care,Haircare,Botanica,220.0,140.0,730,Hypermarket,Bengaluru,45000,9000,24.5,0.9,0,0,0,0,1
2026-05-16,S03,P005,Herbal Shampoo 250ml,24.0,220.0,0.0,0,24.0,0.0,0.0,25.0,4,Personal Care,Haircare,Botanica,220.0,140.0,730,Hypermarket,Bengaluru,45000,9000,27.5,1.0,0,0,1,0,1
2026-05-17,S03,P005,Herbal Shampoo 250ml,0.0,220.0,0.0,0,0.0,0.0,0.0,25.0,4,Personal Care,Haircare,Botanica,220.0,140.0,730,Hypermarket,Bengaluru,45000,9000,29.9,0.2,0,0,1,0,1
2026-05-18,S03,P005,Herbal Shampoo 250ml,0.0,220.0,0.0,0,0.0,0.0,0.0,25.0,4,Personal Care,Haircare,Botanica,220.0,140.0,730,Hypermarket,Bengaluru,45000,9000,29.8,0.0,0,0,0,0,1
2026-05-19,S03,P005,Herbal Shampoo 250ml,26.0,220.0,0.0,0,210.0,210.0,184.0,25.0,4,Personal Care,Haircare,Botanica,220.0,140.0,730,Hypermarket,Bengaluru,45000,9000,27.0,0.1,0,0,0,0,1
2026-05-20,S03,P005,Herbal Shampoo 250ml,41.0,187.0,0.15,1,184.0,0.0,143.0,25.0,4,Personal Care,Haircare,Botanica,220.0,140.0,730,Hypermarket,Bengaluru,45000,9000,29.1,0.5,0,0,0,0,1
2026-05-21,S03,P005,Herbal Shampoo 250ml,36.0,220.0,0.0,0,143.0,0.0,107.0,25.0,4,Personal Care,Haircare,Botanica,220.0,140.0,730,Hypermarket,Bengaluru,45000,9000,28.5,0.2,0,0,0,1,1
2026-05-22,S03,P005,Herbal Shampoo 250ml,33.0,220.0,0.0,0,107.0,0.0,74.0,25.0,4,Personal Care,Haircare,Botanica,220.0,140.0,730,Hypermarket,Bengaluru,45000,9000,27.1,0.0,0,0,0,0,1
2026-05-23,S03,P005,Herbal Shampoo 250ml,49.0,176.0,0.2,1,74.0,0.0,25.0,25.0,4,Personal Care,Haircare,Botanica,220.0,140.0,730,Hypermarket,Bengaluru,45000,9000,25.7,0.4,0,0,1,0,1
2026-05-24,S03,P005,Herbal Shampoo 250ml,25.0,220.0,0.0,0,25.0,0.0,0.0,25.0,4,Personal Care,Haircare,Botanica,220.0,140.0,730,Hypermarket,Bengaluru,45000,9000,24.5,0.0,0,0,1,0,1
2026-05-25,S03,P005,Herbal Shampoo 250ml,0.0,220.0,0.0,0,0.0,0.0,0.0,25.0,4,Personal Care,Haircare,Botanica,220.0,140.0,730,Hypermarket,Bengaluru,45000,9000,28.1,0.8,0,0,0,0,1
2026-05-26,S03,P005,Herbal Shampoo 250ml,0.0,220.0,0.0,0,0.0,0.0,0.0,25.0,4,Personal Care,Haircare,Botanica,220.0,140.0,730,Hypermarket,Bengaluru,45000,9000,27.3,0.7,0,0,0,0,1
2026-05-27,S03,P005,Herbal Shampoo 250ml,29.0,220.0,0.0,0,210.0,210.0,181.0,25.0,4,Personal Care,Haircare,Botanica,220.0,140.0,730,Hypermarket,Bengaluru,45000,9000,27.1,0.2,0,0,0,0,1
2026-05-28,S03,P005,Herbal Shampoo 250ml,31.0,220.0,0.0,0,181.0,0.0,150.0,25.0,4,Personal Care,Haircare,Botanica,220.0,140.0,730,Hypermarket,Bengaluru,45000,9000,27.3,1.3,0,0,0,0,1
2026-05-29,S03,P005,Herbal Shampoo 250ml,40.0,176.0,0.2,1,150.0,0.0,110.0,25.0,4,Personal Care,Haircare,Botanica,220.0,140.0,730,Hypermarket,Bengaluru,45000,9000,26.7,0.3,0,0,0,0,1
2026-05-30,S03,P005,Herbal Shampoo 250ml,41.0,220.0,0.0,0,110.0,0.0,69.0,25.0,4,Personal Care,Haircare,Botanica,220.0,140.0,730,Hypermarket,Bengaluru,45000,9000,27.9,0.2,0,0,1,0,1
2026-05-31,S03,P005,Herbal Shampoo 250ml,47.0,220.0,0.0,0,69.0,0.0,22.0,25.0,4,Personal Care,Haircare,Botanica,220.0,140.0,730,Hypermarket,Bengaluru,45000,9000,24.0,0.1,0,0,1,0,1
2026-06-01,S03,P005,Herbal Shampoo 250ml,22.0,220.0,0.0,0,22.0,0.0,0.0,25.0,4,Personal Care,Haircare,Botanica,220.0,140.0,730,Hypermarket,Bengaluru,45000,9000,30.6,2.7,0,0,0,0,1
2026-06-02,S03,P005,Herbal Shampoo 250ml,0.0,220.0,0.0,0,0.0,0.0,0.0,25.0,4,Personal Care,Haircare,Botanica,220.0,140.0,730,Hypermarket,Bengaluru,45000,9000,29.6,2.7,0,0,0,1,1
2026-06-03,S03,P005,Herbal Shampoo 250ml,0.0,220.0,0.0,0,0.0,0.0,0.0,25.0,4,Personal Care,Haircare,Botanica,220.0,140.0,730,Hypermarket,Bengaluru,45000,9000,26.3,5.6,0,0,0,0,1
2026-06-04,S03,P005,Herbal Shampoo 250ml,29.0,220.0,0.0,0,210.0,210.0,181.0,25.0,4,Personal Care,Haircare,Botanica,220.0,140.0,730,Hypermarket,Bengaluru,45000,9000,26.9,4.7,0,0,0,0,1
2026-06-05,S03,P005,Herbal Shampoo 250ml,33.0,220.0,0.0,0,181.0,0.0,148.0,25.0,4,Personal Care,Haircare,Botanica,220.0,140.0,730,Hypermarket,Bengaluru,45000,9000,26.3,9.2,0,0,0,0,1
2026-06-06,S03,P005,Herbal Shampoo 250ml,45.0,220.0,0.0,0,148.0,0.0,103.0,25.0,4,Personal Care,Haircare,Botanica,220.0,140.0,730,Hypermarket,Bengaluru,45000,9000,27.0,2.1,0,0,1,0,1
2026-06-07,S03,P005,Herbal Shampoo 250ml,45.0,220.0,0.0,0,103.0,0.0,58.0,25.0,4,Personal Care,Haircare,Botanica,220.0,140.0,730,Hypermarket,Bengaluru,45000,9000,24.5,0.8,0,0,1,0,1
2026-06-08,S03,P005,Herbal Shampoo 250ml,41.0,220.0,0.0,0,58.0,0.0,17.0,25.0,4,Personal Care,Haircare,Botanica,220.0,140.0,730,Hypermarket,Bengaluru,45000,9000,27.2,3.9,0,0,0,0,1
2026-06-09,S03,P005,Herbal Shampoo 250ml,17.0,220.0,0.0,0,17.0,0.0,0.0,25.0,4,Personal Care,Haircare,Botanica,220.0,140.0,730,Hypermarket,Bengaluru,45000,9000,26.4,4.1,0,0,0,0,1
2026-06-10,S03,P005,Herbal Shampoo 250ml,0.0,220.0,0.0,0,0.0,0.0,0.0,25.0,4,Personal Care,Haircare,Botanica,220.0,140.0,730,Hypermarket,Bengaluru,45000,9000,22.1,4.0,0,0,0,0,1
2026-06-11,S03,P005,Herbal Shampoo 250ml,0.0,220.0,0.0,0,0.0,0.0,0.0,25.0,4,Personal Care,Haircare,Botanica,220.0,140.0,730,Hypermarket,Bengaluru,45000,9000,22.6,9.9,0,0,0,0,1
2026-06-12,S03,P005,Herbal Shampoo 250ml,29.0,220.0,0.0,0,210.0,210.0,181.0,25.0,4,Personal Care,Haircare,Botanica,220.0,140.0,730,Hypermarket,Bengaluru,45000,9000,27.9,4.0,0,0,0,0,1
2026-06-13,S03,P005,Herbal Shampoo 250ml,40.0,220.0,0.0,0,181.0,0.0,141.0,25.0,4,Personal Care,Haircare,Botanica,220.0,140.0,730,Hypermarket,Bengaluru,45000,9000,24.2,0.2,0,0,1,0,1
2026-06-14,S03,P005,Herbal Shampoo 250ml,42.0,220.0,0.0,0,141.0,0.0,99.0,25.0,4,Personal Care,Haircare,Botanica,220.0,140.0,730,Hypermarket,Bengaluru,45000,9000,25.9,6.0,0,0,1,0,1
2026-06-15,S03,P005,Herbal Shampoo 250ml,51.0,220.0,0.0,0,99.0,0.0,48.0,25.0,4,Personal Care,Haircare,Botanica,220.0,140.0,730,Hypermarket,Bengaluru,45000,9000,20.4,1.6,0,1,0,0,1
2026-06-16,S03,P005,Herbal Shampoo 250ml,33.0,220.0,0.0,0,48.0,0.0,15.0,25.0,4,Personal Care,Haircare,Botanica,220.0,140.0,730,Hypermarket,Bengaluru,45000,9000,23.8,5.7,0,0,0,0,1
2026-06-17,S03,P005,Herbal Shampoo 250ml,15.0,220.0,0.0,1,15.0,0.0,0.0,25.0,4,Personal Care,Haircare,Botanica,220.0,140.0,730,Hypermarket,Bengaluru,45000,9000,23.6,0.4,0,0,0,0,1
2026-06-18,S03,P005,Herbal Shampoo 250ml,0.0,220.0,0.0,0,0.0,0.0,0.0,25.0,4,Personal Care,Haircare,Botanica,220.0,140.0,730,Hypermarket,Bengaluru,45000,9000,23.1,0.9,0,0,0,0,1
2026-06-19,S03,P005,Herbal Shampoo 250ml,0.0,220.0,0.0,0,0.0,0.0,0.0,25.0,4,Personal Care,Haircare,Botanica,220.0,140.0,730,Hypermarket,Bengaluru,45000,9000,21.5,2.9,0,0,0,0,1
2026-06-20,S03,P005,Herbal Shampoo 250ml,43.0,220.0,0.0,0,210.0,210.0,167.0,25.0,4,Personal Care,Haircare,Botanica,220.0,140.0,730,Hypermarket,Bengaluru,45000,9000,24.2,0.4,0,0,1,0,1
2026-06-21,S03,P005,Herbal Shampoo 250ml,43.0,220.0,0.0,0,167.0,0.0,124.0,25.0,4,Personal Care,Haircare,Botanica,220.0,140.0,730,Hypermarket,Bengaluru,45000,9000,22.2,5.6,0,0,1,0,1
2026-06-22,S03,P005,Herbal Shampoo 250ml,29.0,220.0,0.0,0,124.0,0.0,95.0,25.0,4,Personal Care,Haircare,Botanica,220.0,140.0,730,Hypermarket,Bengaluru,45000,9000,22.9,0.5,0,0,0,0,1
2026-06-23,S03,P005,Herbal Shampoo 250ml,31.0,220.0,0.0,0,95.0,0.0,64.0,25.0,4,Personal Care,Haircare,Botanica,220.0,140.0,730,Hypermarket,Bengaluru,45000,9000,21.2,14.5,0,0,0,1,1
2026-06-24,S03,P005,Herbal Shampoo 250ml,30.0,220.0,0.0,0,64.0,0.0,34.0,25.0,4,Personal Care,Haircare,Botanica,220.0,140.0,730,Hypermarket,Bengaluru,45000,9000,22.4,13.4,0,0,0,0,1
2026-06-25,S03,P005,Herbal Shampoo 250ml,29.0,220.0,0.0,0,34.0,0.0,5.0,25.0,4,Personal Care,Haircare,Botanica,220.0,140.0,730,Hypermarket,Bengaluru,45000,9000,21.7,2.5,0,0,0,1,1
2026-06-26,S03,P005,Herbal Shampoo 250ml,5.0,176.0,0.2,1,5.0,0.0,0.0,25.0,4,Personal Care,Haircare,Botanica,220.0,140.0,730,Hypermarket,Bengaluru,45000,9000,20.9,1.4,0,0,0,0,1
2026-06-27,S03,P005,Herbal Shampoo 250ml,0.0,220.0,0.0,0,0.0,0.0,0.0,25.0,4,Personal Care,Haircare,Botanica,220.0,140.0,730,Hypermarket,Bengaluru,45000,9000,26.8,4.7,0,0,1,0,1
2026-06-28,S03,P005,Herbal Shampoo 250ml,0.0,220.0,0.0,0,0.0,0.0,0.0,25.0,4,Personal Care,Haircare,Botanica,220.0,140.0,730,Hypermarket,Bengaluru,45000,9000,22.2,0.7,0,0,1,0,1
2026-06-29,S03,P005,Herbal Shampoo 250ml,30.0,220.0,0.0,0,210.0,210.0,180.0,25.0,4,Personal Care,Haircare,Botanica,220.0,140.0,730,Hypermarket,Bengaluru,45000,9000,22.6,0.5,0,0,0,0,1
